PID,DRate,date,hr,min,s,AGVname,StartTime,EndTime,GazeDuration,mean_dist,min_dist,max_dist,std_dist,mean_agv_spd,min_agv_spd,max_agv_spd,std_spd,task,Trust,Safe,Comfort,Expect,Age,Gender,Ethnicity,GamingFrequency,VRExperience,VRHeadsetExperience,AGVInteraction,PerfectAutomation,TrustPropensity,AutomationExperience,Trust1,Trust2,MWL,Assessment,Gaze_on_AGV,User_Trajectory,AGV_Approaching,AGV_User_Combination,AGV_Path_Complexity,Trust_before,Cross_First,User_Relative_Speed,AGV_Relative_Speed,Frechet_Distance,PerfectAutomation_high_expectation,PerfectAutomation_all_or_none,AutomationExperience_confidence_mean,AutomationExperience_reliance_mean,AutomationExperience_trust_mean,AutomationExperience_safety_mean,MMTrust,MM_competence,MM_predictability,MM_dependability,MM_responsibility,MM_reliability,MM_faith,JianTrust,Jian_distrust,Jian_trust,MWL_performance,MWL_rest
001,High,2024-5-3,14,28,53,1,15:02:48,15:03:38,219,7085.86,729.06,12450.38,4236.37,8.2,-0.03,15.22,6.15,True,10,10,10,9,28,1,5,Frequently,Moderately experienced,Moderately experienced,Never,3.571,3.667,3.917,49,52,60.0,1.812,0.085,Straight,South,South - Straight,Straight,4.9,N\A,74.58018983183409,178.68756436505376,568.2,4.75,2.0,4.0,3.667,4.0,4.0,49.643,58.0,59.0,46.5,38.0,32.0,49.667,52.25,43.8,49.429,41.0,63.8
001,High,2024-5-3,14,28,53,2,15:03:47,15:04:29,0,2296.56,993.15,4500.92,924.77,5.21,-4.39,15.19,3.19,True,10,10,9,10,28,1,5,Frequently,Moderately experienced,Moderately experienced,Never,3.571,3.667,3.917,49,52,60.0,1.812,0.08,Diagonal,North,North - Diagonal,Complex,10.0,N\A,53.297147138096435,223.47494247879587,219.34,4.75,2.0,4.0,3.667,4.0,4.0,49.643,58.0,59.0,46.5,38.0,32.0,49.667,52.25,43.8,49.429,41.0,63.8
001,High,2024-5-3,14,28,53,3,15:04:37,15:05:34,268,2950.96,251.42,4932.64,2029.11,3.24,-5.6,15.22,5.28,True,10,9,10,10,28,1,5,Frequently,Moderately experienced,Moderately experienced,Never,3.571,3.667,3.917,49,52,60.0,1.812,0.072,Diagonal,South,South - Diagonal,Complex,10.0,User,61.8947521781407,125.81096508714285,269.15,4.75,2.0,4.0,3.667,4.0,4.0,49.643,58.0,59.0,46.5,38.0,32.0,49.667,52.25,43.8,49.429,41.0,63.8
001,High,2024-5-3,14,28,53,4,15:05:46,15:06:37,779,5286.88,546.37,11770.31,4347.37,7.2,-3.5,15.25,6.62,True,7,7,7,5,28,1,5,Frequently,Moderately experienced,Moderately experienced,Never,3.571,3.667,3.917,49,52,60.0,1.812,0.327,Straight,Northeast,Northeast - Straight,Complex,10.0,User,44.31739224880858,253.4986320293892,486.17,4.75,2.0,4.0,3.667,4.0,4.0,49.643,58.0,59.0,46.5,38.0,32.0,49.667,52.25,43.8,49.429,41.0,63.8
001,High,2024-5-3,14,28,53,5,15:06:41,15:07:44,868,3632.84,1658.78,7592.68,1226.02,3.31,-3.35,15.3,4.72,True,5,6,6,4,28,1,5,Frequently,Moderately experienced,Moderately experienced,Never,3.571,3.667,3.917,49,52,60.0,1.812,0.28,Straight,Northwest,Northwest - Straight,Complex,7.0,N\A,96.15370650404151,91.3901033678291,362.83,4.75,2.0,4.0,3.667,4.0,4.0,49.643,58.0,59.0,46.5,38.0,32.0,49.667,52.25,43.8,49.429,41.0,63.8
001,High,2024-5-3,14,28,53,6,15:07:56,15:08:58,1195,2763.35,722.16,5205.33,994.51,3.08,-2.79,15.22,4.04,True,7,7,7,6,28,1,5,Frequently,Moderately experienced,Moderately experienced,Never,3.571,3.667,3.917,49,52,60.0,1.812,0.38,Diagonal,Northwest,Northwest - Diagonal,Complex,5.0,N\A,57.513850711153,97.8794847363692,341.4,4.75,2.0,4.0,3.667,4.0,4.0,49.643,58.0,59.0,46.5,38.0,32.0,49.667,52.25,43.8,49.429,41.0,63.8
001,High,2024-5-3,14,28,53,7,15:09:07,15:09:50,537,3361.51,593.85,5470.69,1960.51,5.04,-4.18,15.22,5.89,True,8,7,8,6,28,1,5,Frequently,Moderately experienced,Moderately experienced,Never,3.571,3.667,3.917,49,52,60.0,1.812,0.18,Straight,East,East - Straight,Straight,7.0,User,67.42495362666418,126.51352494647467,358.45,4.75,2.0,4.0,3.667,4.0,4.0,49.643,58.0,59.0,46.5,38.0,32.0,49.667,52.25,43.8,49.429,41.0,63.8
001,High,2024-5-3,14,28,53,8,15:10:07,15:11:08,650,2798.34,701.58,4593.82,1202.09,3.63,-4.4,15.22,5.21,True,4,5,7,4,28,1,5,Frequently,Moderately experienced,Moderately experienced,Never,3.571,3.667,3.917,49,52,60.0,1.812,0.234,Diagonal,Southwest,Southwest - Diagonal,Straight,8.0,User,60.1859303025535,160.0883916145723,249.34,4.75,2.0,4.0,3.667,4.0,4.0,49.643,58.0,59.0,46.5,38.0,32.0,49.667,52.25,43.8,49.429,41.0,63.8
001,High,2024-5-3,14,28,53,9,15:11:12,15:12:13,856,4101.88,566.84,6942.89,1915.34,3.58,-4.4,15.22,4.8,True,9,7,7,6,28,1,5,Frequently,Moderately experienced,Moderately experienced,Never,3.571,3.667,3.917,49,52,60.0,1.812,0.232,Diagonal,Northeast,Northeast - Diagonal,Straight,4.0,AGV,59.634051391591115,94.94534496103311,422.84,4.75,2.0,4.0,3.667,4.0,4.0,49.643,58.0,59.0,46.5,38.0,32.0,49.667,52.25,43.8,49.429,41.0,63.8
001,High,2024-5-3,14,28,53,10,15:12:20,15:13:08,673,3458.08,466.99,5506.08,1897.8,4.65,-4.47,15.22,4.82,True,6,6,6,5,28,1,5,Frequently,Moderately experienced,Moderately experienced,Never,3.571,3.667,3.917,49,52,60.0,1.812,0.222,Straight,West,West - Straight,Straight,9.0,AGV,58.66244184554146,146.792519036563,130.74,4.75,2.0,4.0,3.667,4.0,4.0,49.643,58.0,59.0,46.5,38.0,32.0,49.667,52.25,43.8,49.429,41.0,63.8
001,High,2024-5-3,14,28,53,11,15:13:14,15:14:17,454,4506.15,688.33,6065.03,2011.28,3.07,-3.27,15.27,5.03,True,5,4,6,4,28,1,5,Frequently,Moderately experienced,Moderately experienced,Never,3.571,3.667,3.917,49,52,60.0,1.812,0.132,Diagonal,East,East - Diagonal,Complex,6.0,User,57.23945526362959,95.68008013623226,219.96,4.75,2.0,4.0,3.667,4.0,4.0,49.643,58.0,59.0,46.5,38.0,32.0,49.667,52.25,43.8,49.429,41.0,63.8
001,High,2024-5-3,14,28,53,12,15:14:22,15:16:00,490,3113.63,622.04,4120.91,1308.15,2.15,-3.39,15.21,3.58,True,6,6,7,4,28,1,5,Frequently,Moderately experienced,Moderately experienced,Never,3.571,3.667,3.917,49,52,60.0,1.812,0.089,Straight,Southeast,Southeast - Straight,Complex,5.0,User,61.71048440559625,73.64456552409288,312.67,4.75,2.0,4.0,3.667,4.0,4.0,49.643,58.0,59.0,46.5,38.0,32.0,49.667,52.25,43.8,49.429,41.0,63.8
001,High,2024-5-3,14,28,53,13,15:16:04,15:16:35,45,2179.76,1432.97,3250.94,476.17,5.09,-0.0,11.08,1.18,True,10,9,10,10,28,1,5,Frequently,Moderately experienced,Moderately experienced,Never,3.571,3.667,3.917,49,52,60.0,1.812,0.054,Straight,Southwest,Southwest - Straight,Complex,6.0,N\A,73.94780038196996,221.66548082397213,373.23,4.75,2.0,4.0,3.667,4.0,4.0,49.643,58.0,59.0,46.5,38.0,32.0,49.667,52.25,43.8,49.429,41.0,63.8
001,High,2024-5-3,14,28,53,14,15:16:41,15:17:37,543,2638.66,674.91,4714.19,1112.1,3.85,-4.39,15.22,5.35,True,7,5,5,6,28,1,5,Frequently,Moderately experienced,Moderately experienced,Never,3.571,3.667,3.917,49,52,60.0,1.812,0.164,Diagonal,Southeast,Southeast - Diagonal,Straight,10.0,User,64.79719213736675,93.60840282907533,375.52,4.75,2.0,4.0,3.667,4.0,4.0,49.643,58.0,59.0,46.5,38.0,32.0,49.667,52.25,43.8,49.429,41.0,63.8
001,High,2024-5-3,14,28,53,15,15:17:41,15:18:13,252,3210.6,648.23,6729.63,1937.56,6.9,-4.4,15.22,4.99,False,8,9,8,10,28,1,5,Frequently,Moderately experienced,Moderately experienced,Never,3.571,3.667,3.917,49,52,60.0,1.812,0.125,Straight,North,North - Straight,Straight,7.0,N\A,71.53069323992752,293.19293431125504,457.65,4.75,2.0,4.0,3.667,4.0,4.0,49.643,58.0,59.0,46.5,38.0,32.0,49.667,52.25,43.8,49.429,41.0,63.8
001,High,2024-5-3,14,28,53,16,15:18:21,15:19:01,709,2709.86,830.99,5530.5,1275.12,4.77,-0.15,15.22,4.36,False,8,7,9,9,28,1,5,Frequently,Moderately experienced,Moderately experienced,Never,3.571,3.667,3.917,49,52,60.0,1.812,0.295,Diagonal,West,West - Diagonal,Complex,8.0,N\A,88.2492585516799,156.46833387361215,313.87,4.75,2.0,4.0,3.667,4.0,4.0,49.643,58.0,59.0,46.5,38.0,32.0,49.667,52.25,43.8,49.429,41.0,63.8
001,Low,2024-5-3,14,28,53,1,14:29:17,14:31:15,237,8621.56,404.58,12516.06,3078.53,3.97,-1.6,15.27,6.06,True,5,5,4,7,28,1,5,Frequently,Moderately experienced,Moderately experienced,Never,3.571,3.667,3.917,70,64,56.5,1.438,0.047,Straight,South,South - Straight,Straight,,N\A,31.24755056761912,66.9307140041325,301.88,4.75,2.0,4.0,3.667,4.0,4.0,70.143,91.0,44.667,82.0,42.0,79.5,70.0,64.917,32.2,62.857,80.0,51.8
001,Low,2024-5-3,14,28,53,2,14:31:45,14:32:33,0,2316.62,1011.8,4491.47,951.24,4.6,-3.77,15.15,3.64,True,7,7,7,8,28,1,5,Frequently,Moderately experienced,Moderately experienced,Never,3.571,3.667,3.917,70,64,56.5,1.438,0.056,Diagonal,North,North - Diagonal,Complex,5.0,N\A,46.79738063103526,179.03018927943967,254.01,4.75,2.0,4.0,3.667,4.0,4.0,70.143,91.0,44.667,82.0,42.0,79.5,70.0,64.917,32.2,62.857,80.0,51.8
001,Low,2024-5-3,14,28,53,3,14:32:39,14:33:30,340,2761.37,591.12,4942.3,1847.87,3.7,-5.61,15.21,3.82,True,7,7,8,9,28,1,5,Frequently,Moderately experienced,Moderately experienced,Never,3.571,3.667,3.917,70,64,56.5,1.438,0.121,Diagonal,South,South - Diagonal,Complex,7.0,N\A,70.4743758875317,133.91986229944806,602.72,4.75,2.0,4.0,3.667,4.0,4.0,70.143,91.0,44.667,82.0,42.0,79.5,70.0,64.917,32.2,62.857,80.0,51.8
001,Low,2024-5-3,14,28,53,4,14:33:38,14:34:29,684,5931.9,680.59,11840.21,4228.75,7.21,-2.34,15.22,5.86,True,8,9,9,9,28,1,5,Frequently,Moderately experienced,Moderately experienced,Never,3.571,3.667,3.917,70,64,56.5,1.438,0.25,Straight,Northeast,Northeast - Straight,Complex,7.0,N\A,47.77432155821726,228.20931669718337,288.66,4.75,2.0,4.0,3.667,4.0,4.0,70.143,91.0,44.667,82.0,42.0,79.5,70.0,64.917,32.2,62.857,80.0,51.8
001,Low,2024-5-3,14,28,53,5,14:34:33,14:35:33,267,3490.73,1038.98,7580.17,1375.39,3.49,-4.72,15.32,4.93,True,9,9,10,10,28,1,5,Frequently,Moderately experienced,Moderately experienced,Never,3.571,3.667,3.917,70,64,56.5,1.438,0.136,Straight,Northwest,Northwest - Straight,Complex,8.0,N\A,99.72559434422291,96.0443249602642,299.3,4.75,2.0,4.0,3.667,4.0,4.0,70.143,91.0,44.667,82.0,42.0,79.5,70.0,64.917,32.2,62.857,80.0,51.8
001,Low,2024-5-3,14,28,53,6,14:35:40,14:36:32,782,2599.29,662.38,5242.25,1092.62,3.7,-2.27,15.21,3.9,True,9,9,10,10,28,1,5,Frequently,Moderately experienced,Moderately experienced,Never,3.571,3.667,3.917,70,64,56.5,1.438,0.258,Diagonal,Northwest,Northwest - Diagonal,Complex,9.0,N\A,71.92191229418295,116.27375344169926,489.1,4.75,2.0,4.0,3.667,4.0,4.0,70.143,91.0,44.667,82.0,42.0,79.5,70.0,64.917,32.2,62.857,80.0,51.8
001,Low,2024-5-3,14,28,53,7,14:36:42,14:37:35,1170,1657.05,324.05,5431.74,1485.92,4.09,-4.5,15.21,5.64,True,9,9,9,10,28,1,5,Frequently,Moderately experienced,Moderately experienced,Never,3.571,3.667,3.917,70,64,56.5,1.438,0.391,Straight,East,East - Straight,Straight,9.0,User,55.41887241394365,185.00429653236907,221.01,4.75,2.0,4.0,3.667,4.0,4.0,70.143,91.0,44.667,82.0,42.0,79.5,70.0,64.917,32.2,62.857,80.0,51.8
001,Low,2024-5-3,14,28,53,8,14:37:46,14:38:47,450,2484.4,522.79,4586.13,1238.59,3.58,-4.43,15.22,4.67,True,8,9,9,10,28,1,5,Frequently,Moderately experienced,Moderately experienced,Never,3.571,3.667,3.917,70,64,56.5,1.438,0.167,Diagonal,Southwest,Southwest - Diagonal,Straight,9.0,User,60.050900967245646,106.56345209935085,1650.44,4.75,2.0,4.0,3.667,4.0,4.0,70.143,91.0,44.667,82.0,42.0,79.5,70.0,64.917,32.2,62.857,80.0,51.8
001,Low,2024-5-3,14,28,53,9,14:38:52,14:39:54,300,4777.31,1581.77,6996.06,1411.03,3.49,-4.45,15.22,5.42,True,10,10,10,10,28,1,5,Frequently,Moderately experienced,Moderately experienced,Never,3.571,3.667,3.917,70,64,56.5,1.438,0.114,Diagonal,Northeast,Northeast - Diagonal,Straight,8.0,N\A,59.780103563442935,158.14942437461312,852.23,4.75,2.0,4.0,3.667,4.0,4.0,70.143,91.0,44.667,82.0,42.0,79.5,70.0,64.917,32.2,62.857,80.0,51.8
001,Low,2024-5-3,14,28,53,10,14:40:02,14:41:01,123,4171.8,1558.41,5589.5,1574.73,3.73,-4.52,15.23,5.08,True,8,9,10,10,28,1,5,Frequently,Moderately experienced,Moderately experienced,Never,3.571,3.667,3.917,70,64,56.5,1.438,0.049,Straight,West,West - Straight,Straight,10.0,N\A,48.39146066276405,127.08676369300754,559.61,4.75,2.0,4.0,3.667,4.0,4.0,70.143,91.0,44.667,82.0,42.0,79.5,70.0,64.917,32.2,62.857,80.0,51.8
001,Low,2024-5-3,14,28,53,11,14:41:24,14:42:08,164,4188.09,746.36,6318.77,2093.94,4.3,-5.39,15.22,4.93,True,10,10,10,10,28,1,5,Frequently,Moderately experienced,Moderately experienced,Never,3.571,3.667,3.917,70,64,56.5,1.438,0.109,Diagonal,East,East - Diagonal,Complex,8.0,N\A,83.4778511701768,116.63266952970254,437.62,4.75,2.0,4.0,3.667,4.0,4.0,70.143,91.0,44.667,82.0,42.0,79.5,70.0,64.917,32.2,62.857,80.0,51.8
001,Low,2024-5-3,14,28,53,12,14:42:18,14:43:04,0,2782.03,1801.5,4125.4,921.78,4.57,-1.74,15.24,4.01,True,10,10,10,10,28,1,5,Frequently,Moderately experienced,Moderately experienced,Never,3.571,3.667,3.917,70,64,56.5,1.438,0.0,Straight,Southeast,Southeast - Straight,Complex,10.0,N\A,131.49229682130903,162.41725104299164,719.15,4.75,2.0,4.0,3.667,4.0,4.0,70.143,91.0,44.667,82.0,42.0,79.5,70.0,64.917,32.2,62.857,80.0,51.8
001,Low,2024-5-3,14,28,53,13,14:43:09,14:43:45,43,2656.98,1411.61,7044.5,1285.42,7.41,-0.0,15.21,4.05,True,10,10,9,10,28,1,5,Frequently,Moderately experienced,Moderately experienced,Never,3.571,3.667,3.917,70,64,56.5,1.438,0.067,Straight,Southwest,Southwest - Straight,Complex,10.0,N\A,63.39779941223752,265.46111592445715,567.67,4.75,2.0,4.0,3.667,4.0,4.0,70.143,91.0,44.667,82.0,42.0,79.5,70.0,64.917,32.2,62.857,80.0,51.8
001,Low,2024-5-3,14,28,53,14,14:43:55,14:44:33,0,2059.52,1137.06,4701.69,989.3,5.72,-3.95,15.22,3.07,True,10,10,10,10,28,1,5,Frequently,Moderately experienced,Moderately experienced,Never,3.571,3.667,3.917,70,64,56.5,1.438,0.0,Diagonal,Southeast,Southeast - Diagonal,Straight,10.0,N\A,92.58551284383753,128.5681626255261,566.06,4.75,2.0,4.0,3.667,4.0,4.0,70.143,91.0,44.667,82.0,42.0,79.5,70.0,64.917,32.2,62.857,80.0,51.8
001,Low,2024-5-3,14,28,53,15,14:44:41,14:45:28,26,3783.08,523.85,6663.64,1919.32,4.64,-4.41,15.22,5.1,False,10,9,9,9,28,1,5,Frequently,Moderately experienced,Moderately experienced,Never,3.571,3.667,3.917,70,64,56.5,1.438,0.019,Straight,North,North - Straight,Straight,10.0,N\A,50.2222500107104,189.86588151071982,602.74,4.75,2.0,4.0,3.667,4.0,4.0,70.143,91.0,44.667,82.0,42.0,79.5,70.0,64.917,32.2,62.857,80.0,51.8
001,Low,2024-5-3,14,28,53,16,14:45:34,14:46:18,261,2828.6,621.63,5457.14,1364.55,4.34,-0.19,15.25,5.58,True,10,10,10,10,28,1,5,Frequently,Moderately experienced,Moderately experienced,Never,3.571,3.667,3.917,70,64,56.5,1.438,0.137,Diagonal,West,West - Diagonal,Complex,10.0,User,78.8574519836674,141.76258252284305,1010.44,4.75,2.0,4.0,3.667,4.0,4.0,70.143,91.0,44.667,82.0,42.0,79.5,70.0,64.917,32.2,62.857,80.0,51.8
002,High,2024-5-14,14,43,22,1,14:43:29,14:44:30,514,7440.03,584.81,12672.32,4076.35,7.75,-1.11,15.22,6.13,True,7,7,7,8,26,1,2,Occasionally,Very Experienced,Very Experienced,Never,2.0,3.0,5.667,80,89,65.0,1.25,0.136,Straight,South,South - Straight,Straight,,N\A,60.445493525165936,99.42828707477038,275.28,2.25,1.667,6.0,6.0,5.333,5.0,80.143,93.0,40.0,92.5,90.0,90.0,89.333,89.167,12.0,90.0,90.0,60.0
002,High,2024-5-14,14,43,22,2,14:44:34,14:45:13,0,2396.54,1092.41,4531.44,944.91,5.62,-3.65,15.22,3.91,True,8,8,8,8,26,1,2,Occasionally,Very Experienced,Very Experienced,Never,2.0,3.0,5.667,80,89,65.0,1.25,0.024,Diagonal,North,North - Diagonal,Complex,7.0,N\A,59.695798930144704,248.82992338443657,221.32,2.25,1.667,6.0,6.0,5.333,5.0,80.143,93.0,40.0,92.5,90.0,90.0,89.333,89.167,12.0,90.0,90.0,60.0
002,High,2024-5-14,14,43,22,3,14:45:16,14:45:57,687,2225.67,514.41,4967.0,1729.14,4.53,-5.42,15.22,3.73,True,9,9,9,9,26,1,2,Occasionally,Very Experienced,Very Experienced,Never,2.0,3.0,5.667,80,89,65.0,1.25,0.25,Diagonal,South,South - Diagonal,Complex,8.0,AGV,90.6272764200993,168.8748404253506,187.89,2.25,1.667,6.0,6.0,5.333,5.0,80.143,93.0,40.0,92.5,90.0,90.0,89.333,89.167,12.0,90.0,90.0,60.0
002,High,2024-5-14,14,43,22,4,14:46:00,14:46:39,824,3584.1,493.46,11301.49,3081.55,8.97,-0.74,15.22,6.38,True,10,10,9,10,26,1,2,Occasionally,Very Experienced,Very Experienced,Never,2.0,3.0,5.667,80,89,65.0,1.25,0.415,Straight,Northeast,Northeast - Straight,Complex,9.0,User,61.91779775415727,330.8611992900826,151.07,2.25,1.667,6.0,6.0,5.333,5.0,80.143,93.0,40.0,92.5,90.0,90.0,89.333,89.167,12.0,90.0,90.0,60.0
002,High,2024-5-14,14,43,22,5,14:46:41,14:47:37,778,3223.64,523.55,7786.9,1845.75,3.33,-0.06,15.3,5.4,True,7,7,7,7,26,1,2,Occasionally,Very Experienced,Very Experienced,Never,2.0,3.0,5.667,80,89,65.0,1.25,0.22,Straight,Northwest,Northwest - Straight,Complex,10.0,N\A,105.70575916697953,122.10948113105442,589.23,2.25,1.667,6.0,6.0,5.333,5.0,80.143,93.0,40.0,92.5,90.0,90.0,89.333,89.167,12.0,90.0,90.0,60.0
002,High,2024-5-14,14,43,22,6,14:47:40,14:48:27,1120,2434.63,577.48,5479.19,1318.65,4.04,-2.97,15.24,3.81,True,8,9,8,9,26,1,2,Occasionally,Very Experienced,Very Experienced,Never,2.0,3.0,5.667,80,89,65.0,1.25,0.365,Diagonal,Northwest,Northwest - Diagonal,Complex,7.0,N\A,78.78037374082906,135.39891569846972,913.63,2.25,1.667,6.0,6.0,5.333,5.0,80.143,93.0,40.0,92.5,90.0,90.0,89.333,89.167,12.0,90.0,90.0,60.0
002,High,2024-5-14,14,43,22,7,14:48:32,14:49:04,68,2645.95,1244.92,5469.5,1341.05,6.68,-4.46,15.21,4.33,True,9,9,9,9,26,1,2,Occasionally,Very Experienced,Very Experienced,Never,2.0,3.0,5.667,80,89,65.0,1.25,0.056,Straight,East,East - Straight,Straight,8.0,N\A,90.71709973970162,162.42760711758848,259.53,2.25,1.667,6.0,6.0,5.333,5.0,80.143,93.0,40.0,92.5,90.0,90.0,89.333,89.167,12.0,90.0,90.0,60.0
002,High,2024-5-14,14,43,22,8,14:49:07,14:49:53,851,2364.4,642.28,4727.04,1216.18,4.81,-4.46,15.31,5.79,True,10,10,10,10,26,1,2,Occasionally,Very Experienced,Very Experienced,Never,2.0,3.0,5.667,80,89,65.0,1.25,0.312,Diagonal,Southwest,Southwest - Diagonal,Straight,9.0,User,80.3167703922521,212.3699411365827,373.65,2.25,1.667,6.0,6.0,5.333,5.0,80.143,93.0,40.0,92.5,90.0,90.0,89.333,89.167,12.0,90.0,90.0,60.0
002,High,2024-5-14,14,43,22,9,14:49:56,14:50:47,541,4354.37,644.64,7072.48,1915.72,4.3,-4.44,15.21,5.95,True,10,10,10,10,26,1,2,Occasionally,Very Experienced,Very Experienced,Never,2.0,3.0,5.667,80,89,65.0,1.25,0.204,Diagonal,Northeast,Northeast - Diagonal,Straight,10.0,User,73.14844809768186,168.00227999254344,413.68,2.25,1.667,6.0,6.0,5.333,5.0,80.143,93.0,40.0,92.5,90.0,90.0,89.333,89.167,12.0,90.0,90.0,60.0
002,High,2024-5-14,14,43,22,10,14:50:50,14:51:28,284,3261.52,641.01,5416.46,1920.93,5.67,-4.01,15.22,6.18,True,10,10,10,10,26,1,2,Occasionally,Very Experienced,Very Experienced,Never,2.0,3.0,5.667,80,89,65.0,1.25,0.19,Straight,West,West - Straight,Straight,10.0,User,75.65342223429356,248.2069869364308,265.83,2.25,1.667,6.0,6.0,5.333,5.0,80.143,93.0,40.0,92.5,90.0,90.0,89.333,89.167,12.0,90.0,90.0,60.0
002,High,2024-5-14,14,43,22,11,14:51:32,14:52:07,39,4237.72,1872.3,6271.79,1752.74,5.37,-5.36,15.22,5.5,True,10,10,10,10,26,1,2,Occasionally,Very Experienced,Very Experienced,Never,2.0,3.0,5.667,80,89,65.0,1.25,0.051,Diagonal,East,East - Diagonal,Complex,10.0,N\A,106.35433282952395,132.2621805503756,190.81,2.25,1.667,6.0,6.0,5.333,5.0,80.143,93.0,40.0,92.5,90.0,90.0,89.333,89.167,12.0,90.0,90.0,60.0
002,High,2024-5-14,14,43,22,12,14:52:10,14:53:11,410,2645.7,664.16,4188.9,1386.99,3.49,-4.17,15.25,4.44,True,10,10,10,10,26,1,2,Occasionally,Very Experienced,Very Experienced,Never,2.0,3.0,5.667,80,89,65.0,1.25,0.125,Straight,Southeast,Southeast - Straight,Complex,10.0,N\A,98.04853355608967,141.7356949589155,1254.97,2.25,1.667,6.0,6.0,5.333,5.0,80.143,93.0,40.0,92.5,90.0,90.0,89.333,89.167,12.0,90.0,90.0,60.0
002,High,2024-5-14,14,43,22,13,14:53:14,14:53:52,481,3365.39,722.25,10776.24,2746.67,8.96,-0.04,15.25,5.34,True,10,10,10,10,26,1,2,Occasionally,Very Experienced,Very Experienced,Never,2.0,3.0,5.667,80,89,65.0,1.25,0.275,Straight,Southwest,Southwest - Straight,Complex,10.0,N\A,63.66045031103625,351.45662633098,376.01,2.25,1.667,6.0,6.0,5.333,5.0,80.143,93.0,40.0,92.5,90.0,90.0,89.333,89.167,12.0,90.0,90.0,60.0
002,High,2024-5-14,14,43,22,14,14:53:55,14:54:37,289,2348.31,1213.22,4656.26,890.62,5.13,-3.77,15.21,3.39,True,10,10,10,10,26,1,2,Occasionally,Very Experienced,Very Experienced,Never,2.0,3.0,5.667,80,89,65.0,1.25,0.143,Diagonal,Southeast,Southeast - Diagonal,Straight,10.0,User,88.34007532769571,210.9540333565213,384.32,2.25,1.667,6.0,6.0,5.333,5.0,80.143,93.0,40.0,92.5,90.0,90.0,89.333,89.167,12.0,90.0,90.0,60.0
002,High,2024-5-14,14,43,22,15,14:54:44,14:55:20,637,3653.25,1035.52,6942.11,1861.72,5.97,-4.57,15.21,5.29,True,10,10,10,10,26,1,2,Occasionally,Very Experienced,Very Experienced,Never,2.0,3.0,5.667,80,89,65.0,1.25,0.275,Straight,North,North - Straight,Straight,10.0,N\A,67.21145861539766,193.4298694171233,150.59,2.25,1.667,6.0,6.0,5.333,5.0,80.143,93.0,40.0,92.5,90.0,90.0,89.333,89.167,12.0,90.0,90.0,60.0
002,High,2024-5-14,14,43,22,16,14:55:24,14:56:08,654,2778.43,608.94,5689.94,1228.18,4.64,-1.9,15.29,4.13,True,10,10,10,10,26,1,2,Occasionally,Very Experienced,Very Experienced,Never,2.0,3.0,5.667,80,89,65.0,1.25,0.03,Diagonal,West,West - Diagonal,Complex,10.0,User,77.5995487312284,76.29754754228541,315.67,2.25,1.667,6.0,6.0,5.333,5.0,80.143,93.0,40.0,92.5,90.0,90.0,89.333,89.167,12.0,90.0,90.0,60.0
002,Low,2024-5-14,15,3,38,1,15:03:56,15:04:44,734,6179.4,693.06,12733.9,4378.51,8.54,-0.02,15.22,5.68,True,10,10,10,10,26,1,2,Occasionally,Very Experienced,Very Experienced,Never,2.0,3.0,5.667,73,90,43.333,1.25,0.275,Straight,South,South - Straight,Straight,7.3,AGV,77.57794635437327,238.48258447959142,489.69,2.25,1.667,6.0,6.0,5.333,5.0,73.571,80.0,43.333,85.0,80.0,80.0,83.333,90.0,10.0,90.0,100.0,32.0
002,Low,2024-5-14,15,3,38,2,15:04:47,15:05:25,0,2027.53,1078.85,4583.69,970.42,5.69,-3.65,15.21,3.08,True,10,10,10,10,26,1,2,Occasionally,Very Experienced,Very Experienced,Never,2.0,3.0,5.667,73,90,43.333,1.25,0.31,Diagonal,North,North - Diagonal,Complex,10.0,N\A,61.32139775489,210.96312985170732,135.07,2.25,1.667,6.0,6.0,5.333,5.0,73.571,80.0,43.333,85.0,80.0,80.0,83.333,90.0,10.0,90.0,100.0,32.0
002,Low,2024-5-14,15,3,38,3,15:05:28,15:06:16,1147,2640.19,389.61,4913.94,1741.08,3.89,-5.42,15.22,3.75,True,8,8,8,8,26,1,2,Occasionally,Very Experienced,Very Experienced,Never,2.0,3.0,5.667,73,90,43.333,1.25,0.412,Diagonal,South,South - Diagonal,Complex,10.0,AGV,77.9739089054435,142.1788423650984,420.82,2.25,1.667,6.0,6.0,5.333,5.0,73.571,80.0,43.333,85.0,80.0,80.0,83.333,90.0,10.0,90.0,100.0,32.0
002,Low,2024-5-14,15,3,38,4,15:06:20,15:07:16,2181,1137.97,407.71,5453.92,1217.14,1.67,-0.37,15.23,3.63,True,8,8,8,7,26,1,2,Occasionally,Very Experienced,Very Experienced,Never,2.0,3.0,5.667,73,90,43.333,1.25,0.672,Straight,Northeast,Northeast - Straight,Complex,8.0,User,42.4817924456568,38.52982964087453,216.24,2.25,1.667,6.0,6.0,5.333,5.0,73.571,80.0,43.333,85.0,80.0,80.0,83.333,90.0,10.0,90.0,100.0,32.0
002,Low,2024-5-14,15,3,38,5,15:07:18,15:08:06,380,3814.08,2097.94,7759.22,1308.82,4.05,-0.16,15.34,5.4,True,9,9,9,9,26,1,2,Occasionally,Very Experienced,Very Experienced,Never,2.0,3.0,5.667,73,90,43.333,1.25,0.24,Straight,Northwest,Northwest - Straight,Complex,8.0,N\A,123.47900815225375,98.45751706423722,656.36,2.25,1.667,6.0,6.0,5.333,5.0,73.571,80.0,43.333,85.0,80.0,80.0,83.333,90.0,10.0,90.0,100.0,32.0
002,Low,2024-5-14,15,3,38,6,15:08:08,15:09:05,1334,2769.0,661.31,5411.66,1175.7,3.39,-2.26,15.22,3.94,True,10,9,9,10,26,1,2,Occasionally,Very Experienced,Very Experienced,Never,2.0,3.0,5.667,73,90,43.333,1.25,0.45,Diagonal,Northwest,Northwest - Diagonal,Complex,9.0,N\A,65.40096795807955,81.67316411744589,271.4,2.25,1.667,6.0,6.0,5.333,5.0,73.571,80.0,43.333,85.0,80.0,80.0,83.333,90.0,10.0,90.0,100.0,32.0
002,Low,2024-5-14,15,3,38,7,15:09:07,15:09:47,736,3019.7,430.04,5481.56,1862.19,5.5,-4.43,15.21,4.72,True,10,10,10,10,26,1,2,Occasionally,Very Experienced,Very Experienced,Never,2.0,3.0,5.667,73,90,43.333,1.25,0.286,Straight,East,East - Straight,Straight,10.0,AGV,70.090708767589,244.2237220191169,954.82,2.25,1.667,6.0,6.0,5.333,5.0,73.571,80.0,43.333,85.0,80.0,80.0,83.333,90.0,10.0,90.0,100.0,32.0
002,Low,2024-5-14,15,3,38,8,15:09:50,15:10:42,1362,2175.73,575.68,4623.96,1379.59,4.17,-4.54,15.22,5.81,True,10,10,10,10,26,1,2,Occasionally,Very Experienced,Very Experienced,Never,2.0,3.0,5.667,73,90,43.333,1.25,0.403,Diagonal,Southwest,Southwest - Diagonal,Straight,10.0,User,72.45897289085484,151.52960057920214,747.51,2.25,1.667,6.0,6.0,5.333,5.0,73.571,80.0,43.333,85.0,80.0,80.0,83.333,90.0,10.0,90.0,100.0,32.0
002,Low,2024-5-14,15,3,38,9,15:10:52,15:11:43,1609,2848.84,613.0,7005.66,2232.04,4.19,-8.62,15.38,6.46,True,10,10,10,10,26,1,2,Occasionally,Very Experienced,Very Experienced,Never,2.0,3.0,5.667,73,90,43.333,1.25,0.455,Diagonal,Northeast,Northeast - Diagonal,Straight,10.0,User,73.08176668830228,151.46920858054665,761.21,2.25,1.667,6.0,6.0,5.333,5.0,73.571,80.0,43.333,85.0,80.0,80.0,83.333,90.0,10.0,90.0,100.0,32.0
002,Low,2024-5-14,15,3,38,10,15:11:46,15:12:31,1336,2025.15,495.13,5433.44,1750.71,4.96,-4.45,15.22,5.95,True,10,10,10,10,26,1,2,Occasionally,Very Experienced,Very Experienced,Never,2.0,3.0,5.667,73,90,43.333,1.25,0.5,Straight,West,West - Straight,Straight,10.0,User,65.03168543173193,118.94473674533445,459.76,2.25,1.667,6.0,6.0,5.333,5.0,73.571,80.0,43.333,85.0,80.0,80.0,83.333,90.0,10.0,90.0,100.0,32.0
002,Low,2024-5-14,15,3,38,11,15:12:34,15:13:25,976,3771.11,1076.51,6287.4,1976.42,3.77,-8.69,15.22,4.41,True,9,9,9,9,26,1,2,Occasionally,Very Experienced,Very Experienced,Never,2.0,3.0,5.667,73,90,43.333,1.25,0.321,Diagonal,East,East - Diagonal,Complex,10.0,N\A,73.70282460207848,129.09767666540333,648.77,2.25,1.667,6.0,6.0,5.333,5.0,73.571,80.0,43.333,85.0,80.0,80.0,83.333,90.0,10.0,90.0,100.0,32.0
002,Low,2024-5-14,15,3,38,12,15:13:28,15:14:21,522,2386.83,636.73,4106.73,1296.62,3.95,-2.01,15.36,4.34,True,10,10,10,10,26,1,2,Occasionally,Very Experienced,Very Experienced,Never,2.0,3.0,5.667,73,90,43.333,1.25,0.25,Straight,Southeast,Southeast - Straight,Complex,9.0,User,112.26797738060908,161.2343872518006,458.38,2.25,1.667,6.0,6.0,5.333,5.0,73.571,80.0,43.333,85.0,80.0,80.0,83.333,90.0,10.0,90.0,100.0,32.0
002,Low,2024-5-14,15,3,38,13,15:14:23,15:14:53,144,2005.61,1249.04,3146.22,485.03,5.13,-0.0,10.44,1.19,True,10,10,10,10,26,1,2,Occasionally,Very Experienced,Very Experienced,Never,2.0,3.0,5.667,73,90,43.333,1.25,0.091,Straight,Southwest,Southwest - Straight,Complex,10.0,N\A,78.15133584025703,216.47298395912787,246.98,2.25,1.667,6.0,6.0,5.333,5.0,73.571,80.0,43.333,85.0,80.0,80.0,83.333,90.0,10.0,90.0,100.0,32.0
002,Low,2024-5-14,15,3,38,14,15:14:57,15:15:41,830,2415.65,554.98,4663.74,1274.74,4.88,-4.4,15.23,5.77,True,10,10,10,10,26,1,2,Occasionally,Very Experienced,Very Experienced,Never,2.0,3.0,5.667,73,90,43.333,1.25,0.302,Diagonal,Southeast,Southeast - Diagonal,Straight,10.0,User,81.15069408501769,215.02622169932008,938.23,2.25,1.667,6.0,6.0,5.333,5.0,73.571,80.0,43.333,85.0,80.0,80.0,83.333,90.0,10.0,90.0,100.0,32.0
002,Low,2024-5-14,15,3,38,15,15:15:49,15:16:23,690,3653.5,833.13,6768.39,1873.76,6.55,-4.56,15.22,5.46,True,10,10,10,10,26,1,2,Occasionally,Very Experienced,Very Experienced,Never,2.0,3.0,5.667,73,90,43.333,1.25,0.306,Straight,North,North - Straight,Straight,10.0,N\A,66.34654177766112,286.2900207984346,208.38,2.25,1.667,6.0,6.0,5.333,5.0,73.571,80.0,43.333,85.0,80.0,80.0,83.333,90.0,10.0,90.0,100.0,32.0
002,Low,2024-5-14,15,3,38,16,15:16:26,15:17:06,1249,2051.58,477.02,5716.62,1512.98,4.63,-0.12,15.25,5.6,True,10,10,10,10,26,1,2,Occasionally,Very Experienced,Very Experienced,Never,2.0,3.0,5.667,73,90,43.333,1.25,0.449,Diagonal,West,West - Diagonal,Complex,10.0,User,92.84141906903626,139.68066560543915,727.3,2.25,1.667,6.0,6.0,5.333,5.0,73.571,80.0,43.333,85.0,80.0,80.0,83.333,90.0,10.0,90.0,100.0,32.0
003,High,2024-5-14,17,31,31,1,17:31:50,17:33:34,651,8434.17,617.04,12680.27,3505.29,4.49,-3.39,15.22,5.98,True,7,7,6,4,24,1,5,Occasionally,Moderately experienced,Neither Inexperienced or Experienced,Very rarely,1.857,3.0,3.333,63,45,54.333,1.438,0.096,Straight,South,South - Straight,Straight,6.3,N\A,34.70866281663077,53.75731737314855,277.65,1.75,2.0,4.75,3.0,3.0,1.5,63.714,88.333,47.0,72.5,89.0,81.0,30.0,45.583,49.2,41.857,76.0,50.0
003,High,2024-5-14,17,31,31,2,17:33:43,17:34:36,0,2288.11,942.85,4501.13,997.3,4.15,-3.57,15.22,3.37,True,8,9,7,7,24,1,5,Occasionally,Moderately experienced,Neither Inexperienced or Experienced,Very rarely,1.857,3.0,3.333,63,45,54.333,1.438,0.018,Diagonal,North,North - Diagonal,Complex,7.0,N\A,44.19036959642158,147.33078590501674,701.83,1.75,2.0,4.75,3.0,3.0,1.5,63.714,88.333,47.0,72.5,89.0,81.0,30.0,45.583,49.2,41.857,76.0,50.0
003,High,2024-5-14,17,31,31,3,17:34:39,17:35:39,856,3153.91,487.0,5024.64,1913.12,3.11,-4.75,15.22,3.7,True,7,7,7,8,24,1,5,Occasionally,Moderately experienced,Neither Inexperienced or Experienced,Very rarely,1.857,3.0,3.333,63,45,54.333,1.438,0.242,Diagonal,South,South - Diagonal,Complex,8.0,AGV,59.01092037833261,113.58116074147188,629.49,1.75,2.0,4.75,3.0,3.0,1.5,63.714,88.333,47.0,72.5,89.0,81.0,30.0,45.583,49.2,41.857,76.0,50.0
003,High,2024-5-14,17,31,31,4,17:35:46,17:36:27,430,4163.79,630.28,11735.01,3284.25,8.94,-3.72,15.22,5.12,True,4,4,5,7,24,1,5,Occasionally,Moderately experienced,Neither Inexperienced or Experienced,Very rarely,1.857,3.0,3.333,63,45,54.333,1.438,0.152,Straight,Northeast,Northeast - Straight,Complex,7.0,N\A,57.09571447154584,316.58072663561364,403.91,1.75,2.0,4.75,3.0,3.0,1.5,63.714,88.333,47.0,72.5,89.0,81.0,30.0,45.583,49.2,41.857,76.0,50.0
003,High,2024-5-14,17,31,31,5,17:36:32,17:37:41,430,3515.77,1187.91,7634.65,1271.58,3.02,-3.35,15.34,4.6,True,6,5,6,6,24,1,5,Occasionally,Moderately experienced,Neither Inexperienced or Experienced,Very rarely,1.857,3.0,3.333,63,45,54.333,1.438,0.12,Straight,Northwest,Northwest - Straight,Complex,4.0,N\A,87.99096204320033,95.75878383186613,359.51,1.75,2.0,4.75,3.0,3.0,1.5,63.714,88.333,47.0,72.5,89.0,81.0,30.0,45.583,49.2,41.857,76.0,50.0
003,High,2024-5-14,17,31,31,6,17:37:48,17:38:42,744,2641.63,448.76,5353.29,1150.31,3.56,-3.37,15.21,3.9,True,6,5,4,8,24,1,5,Occasionally,Moderately experienced,Neither Inexperienced or Experienced,Very rarely,1.857,3.0,3.333,63,45,54.333,1.438,0.246,Diagonal,Northwest,Northwest - Diagonal,Complex,6.0,AGV,67.31066873022314,78.67693471227012,453.23,1.75,2.0,4.75,3.0,3.0,1.5,63.714,88.333,47.0,72.5,89.0,81.0,30.0,45.583,49.2,41.857,76.0,50.0
003,High,2024-5-14,17,31,31,7,17:38:48,17:39:28,403,3011.91,949.36,5348.99,1662.19,5.55,-4.4,15.22,4.64,True,7,6,7,7,24,1,5,Occasionally,Moderately experienced,Neither Inexperienced or Experienced,Very rarely,1.857,3.0,3.333,63,45,54.333,1.438,0.156,Straight,East,East - Straight,Straight,6.0,N\A,71.19381816976308,244.34655001229353,296.22,1.75,2.0,4.75,3.0,3.0,1.5,63.714,88.333,47.0,72.5,89.0,81.0,30.0,45.583,49.2,41.857,76.0,50.0
003,High,2024-5-14,17,31,31,8,17:39:34,17:40:28,435,2495.73,779.54,4629.73,1070.89,4.0,-4.34,15.23,3.72,True,3,4,2,7,24,1,5,Occasionally,Moderately experienced,Neither Inexperienced or Experienced,Very rarely,1.857,3.0,3.333,63,45,54.333,1.438,0.153,Diagonal,Southwest,Southwest - Diagonal,Straight,7.0,N\A,68.71847083973438,179.0487302710988,340.51,1.75,2.0,4.75,3.0,3.0,1.5,63.714,88.333,47.0,72.5,89.0,81.0,30.0,45.583,49.2,41.857,76.0,50.0
003,High,2024-5-14,17,31,31,9,17:40:33,17:41:24,623,4152.16,702.85,7043.94,1822.28,4.32,-4.46,15.22,5.3,True,6,5,3,7,24,1,5,Occasionally,Moderately experienced,Neither Inexperienced or Experienced,Very rarely,1.857,3.0,3.333,63,45,54.333,1.438,0.196,Diagonal,Northeast,Northeast - Diagonal,Straight,3.0,N\A,73.86594140125356,63.88051446011429,161.2,1.75,2.0,4.75,3.0,3.0,1.5,63.714,88.333,47.0,72.5,89.0,81.0,30.0,45.583,49.2,41.857,76.0,50.0
003,High,2024-5-14,17,31,31,10,17:41:28,17:42:31,438,4069.18,549.29,5478.24,1805.21,3.52,-4.46,15.22,4.82,True,4,4,4,6,24,1,5,Occasionally,Moderately experienced,Neither Inexperienced or Experienced,Very rarely,1.857,3.0,3.333,63,45,54.333,1.438,0.147,Straight,West,West - Straight,Straight,6.0,AGV,46.22276302245158,124.42323498248852,248.31,1.75,2.0,4.75,3.0,3.0,1.5,63.714,88.333,47.0,72.5,89.0,81.0,30.0,45.583,49.2,41.857,76.0,50.0
003,High,2024-5-14,17,31,31,11,17:42:36,17:43:29,590,4131.58,603.86,6170.01,2120.67,3.65,-5.35,15.21,5.44,True,1,1,1,1,24,1,5,Occasionally,Moderately experienced,Neither Inexperienced or Experienced,Very rarely,1.857,3.0,3.333,63,45,54.333,1.438,0.207,Diagonal,East,East - Diagonal,Complex,4.0,User,70.00173930163632,124.51737991007923,631.88,1.75,2.0,4.75,3.0,3.0,1.5,63.714,88.333,47.0,72.5,89.0,81.0,30.0,45.583,49.2,41.857,76.0,50.0
003,High,2024-5-14,17,31,31,12,17:43:35,17:44:56,146,3053.03,852.42,4095.0,1187.7,2.59,-2.36,15.19,3.15,True,4,4,5,7,24,1,5,Occasionally,Moderately experienced,Neither Inexperienced or Experienced,Very rarely,1.857,3.0,3.333,63,45,54.333,1.438,0.047,Straight,Southeast,Southeast - Straight,Complex,1.0,N\A,73.98202730265521,106.8178249611428,284.32,1.75,2.0,4.75,3.0,3.0,1.5,63.714,88.333,47.0,72.5,89.0,81.0,30.0,45.583,49.2,41.857,76.0,50.0
003,High,2024-5-14,17,31,31,13,17:45:01,17:45:46,18,4052.43,1356.36,11928.44,3250.12,8.12,-3.07,15.22,4.85,True,7,7,6,7,24,1,5,Occasionally,Moderately experienced,Neither Inexperienced or Experienced,Very rarely,1.857,3.0,3.333,63,45,54.333,1.438,0.02,Straight,Southwest,Southwest - Straight,Complex,4.0,N\A,52.06762331738843,269.758792183962,169.28,1.75,2.0,4.75,3.0,3.0,1.5,63.714,88.333,47.0,72.5,89.0,81.0,30.0,45.583,49.2,41.857,76.0,50.0
003,High,2024-5-14,17,31,31,14,17:45:51,17:46:44,112,2369.82,1017.82,4721.61,1012.01,4.11,-3.59,15.21,3.64,True,6,3,5,6,24,1,5,Occasionally,Moderately experienced,Neither Inexperienced or Experienced,Very rarely,1.857,3.0,3.333,63,45,54.333,1.438,0.034,Diagonal,Southeast,Southeast - Diagonal,Straight,7.0,User,67.26599259182139,84.62766112355618,170.19,1.75,2.0,4.75,3.0,3.0,1.5,63.714,88.333,47.0,72.5,89.0,81.0,30.0,45.583,49.2,41.857,76.0,50.0
003,High,2024-5-14,17,31,31,15,17:46:49,17:47:30,172,3850.79,964.41,6765.51,1806.0,5.31,-4.03,15.22,5.36,True,8,8,8,10,24,1,5,Occasionally,Moderately experienced,Neither Inexperienced or Experienced,Very rarely,1.857,3.0,3.333,63,45,54.333,1.438,0.111,Straight,North,North - Straight,Straight,6.0,N\A,56.85502214109528,220.7811413429518,147.16,1.75,2.0,4.75,3.0,3.0,1.5,63.714,88.333,47.0,72.5,89.0,81.0,30.0,45.583,49.2,41.857,76.0,50.0
003,High,2024-5-14,17,31,31,16,17:47:34,17:48:17,629,2764.14,536.28,5529.67,1293.93,4.4,-0.08,15.22,4.6,True,7,6,7,8,24,1,5,Occasionally,Moderately experienced,Neither Inexperienced or Experienced,Very rarely,1.857,3.0,3.333,63,45,54.333,1.438,0.18,Diagonal,West,West - Diagonal,Complex,8.0,AGV,84.01916713485252,145.7209342496628,440.87,1.75,2.0,4.75,3.0,3.0,1.5,63.714,88.333,47.0,72.5,89.0,81.0,30.0,45.583,49.2,41.857,76.0,50.0
003,Low,2024-5-14,17,1,39,1,17:02:36,17:04:04,232,8443.27,984.09,12654.9,3651.45,5.29,-1.9,15.23,6.27,True,8,4,4,4,24,1,5,Occasionally,Moderately experienced,Neither Inexperienced or Experienced,Very rarely,1.857,3.0,3.333,35,30,70.0,1.25,0.051,Straight,South,South - Straight,Straight,,N\A,41.81813484216735,57.65834436715349,610.83,1.75,2.0,4.75,3.0,3.0,1.5,35.5,43.667,71.0,10.5,72.0,5.5,16.333,30.333,68.6,29.571,100.0,64.0
003,Low,2024-5-14,17,1,39,2,17:04:13,17:05:10,0,2450.09,1118.06,4615.42,940.9,3.81,-3.72,15.23,3.79,True,9,7,8,4,24,1,5,Occasionally,Moderately experienced,Neither Inexperienced or Experienced,Very rarely,1.857,3.0,3.333,35,30,70.0,1.25,0.127,Diagonal,North,North - Diagonal,Complex,8.0,N\A,40.16029687201354,146.09275146490393,203.67,1.75,2.0,4.75,3.0,3.0,1.5,35.5,43.667,71.0,10.5,72.0,5.5,16.333,30.333,68.6,29.571,100.0,64.0
003,Low,2024-5-14,17,1,39,3,17:05:16,17:06:32,645,3584.59,858.17,4964.97,1712.05,2.47,-5.61,15.23,3.56,True,8,8,8,10,24,1,5,Occasionally,Moderately experienced,Neither Inexperienced or Experienced,Very rarely,1.857,3.0,3.333,35,30,70.0,1.25,0.16,Diagonal,South,South - Diagonal,Complex,9.0,N\A,48.69521730960935,46.352790630412095,315.2,1.75,2.0,4.75,3.0,3.0,1.5,35.5,43.667,71.0,10.5,72.0,5.5,16.333,30.333,68.6,29.571,100.0,64.0
003,Low,2024-5-14,17,1,39,4,17:06:37,17:07:47,583,8345.79,590.04,11952.29,4388.06,5.32,-2.48,15.22,6.61,True,1,1,2,3,24,1,5,Occasionally,Moderately experienced,Neither Inexperienced or Experienced,Very rarely,1.857,3.0,3.333,35,30,70.0,1.25,0.145,Straight,Northeast,Northeast - Straight,Complex,8.0,User,34.054185344368875,171.3735737757503,276.59,1.75,2.0,4.75,3.0,3.0,1.5,35.5,43.667,71.0,10.5,72.0,5.5,16.333,30.333,68.6,29.571,100.0,64.0
003,Low,2024-5-14,17,1,39,5,17:07:53,17:09:16,553,3357.48,1190.79,7807.81,1247.35,2.52,-5.06,15.31,4.3,True,7,6,6,5,24,1,5,Occasionally,Moderately experienced,Neither Inexperienced or Experienced,Very rarely,1.857,3.0,3.333,35,30,70.0,1.25,0.116,Straight,Northwest,Northwest - Straight,Complex,1.0,N\A,71.98663092730602,68.65864588843425,503.77,1.75,2.0,4.75,3.0,3.0,1.5,35.5,43.667,71.0,10.5,72.0,5.5,16.333,30.333,68.6,29.571,100.0,64.0
003,Low,2024-5-14,17,1,39,6,17:09:20,17:10:22,974,2793.89,794.24,5447.61,1139.1,3.07,-3.3,15.23,3.87,True,3,3,2,1,24,1,5,Occasionally,Moderately experienced,Neither Inexperienced or Experienced,Very rarely,1.857,3.0,3.333,35,30,70.0,1.25,0.239,Diagonal,Northwest,Northwest - Diagonal,Complex,7.0,N\A,60.447532666277475,84.84191697029489,647.38,1.75,2.0,4.75,3.0,3.0,1.5,35.5,43.667,71.0,10.5,72.0,5.5,16.333,30.333,68.6,29.571,100.0,64.0
003,Low,2024-5-14,17,1,39,7,17:10:26,17:11:24,1547,2849.07,505.28,5424.69,2085.39,3.8,-4.44,15.22,5.51,True,1,1,1,1,24,1,5,Occasionally,Moderately experienced,Neither Inexperienced or Experienced,Very rarely,1.857,3.0,3.333,35,30,70.0,1.25,0.403,Straight,East,East - Straight,Straight,3.0,User,48.99796195829558,168.85129227796705,641.74,1.75,2.0,4.75,3.0,3.0,1.5,35.5,43.667,71.0,10.5,72.0,5.5,16.333,30.333,68.6,29.571,100.0,64.0
003,Low,2024-5-14,17,1,39,8,17:11:29,17:12:27,832,2471.33,679.75,4666.91,1142.47,3.79,-4.01,15.21,3.93,True,4,3,2,4,24,1,5,Occasionally,Moderately experienced,Neither Inexperienced or Experienced,Very rarely,1.857,3.0,3.333,35,30,70.0,1.25,0.25,Diagonal,Southwest,Southwest - Diagonal,Straight,1.0,AGV,63.17803643073047,100.17337834630816,638.31,1.75,2.0,4.75,3.0,3.0,1.5,35.5,43.667,71.0,10.5,72.0,5.5,16.333,30.333,68.6,29.571,100.0,64.0
003,Low,2024-5-14,17,1,39,9,17:12:33,17:13:39,748,4458.02,576.06,7033.24,1740.63,3.32,-4.39,15.22,4.99,True,4,4,6,3,24,1,5,Occasionally,Moderately experienced,Neither Inexperienced or Experienced,Very rarely,1.857,3.0,3.333,35,30,70.0,1.25,0.208,Diagonal,Northeast,Northeast - Diagonal,Straight,4.0,N\A,55.832534490283045,125.64846196743639,411.94,1.75,2.0,4.75,3.0,3.0,1.5,35.5,43.667,71.0,10.5,72.0,5.5,16.333,30.333,68.6,29.571,100.0,64.0
003,Low,2024-5-14,17,1,39,10,17:13:45,17:14:57,503,4191.84,719.09,5432.05,1719.33,3.06,-4.38,15.22,4.57,True,7,6,6,8,24,1,5,Occasionally,Moderately experienced,Neither Inexperienced or Experienced,Very rarely,1.857,3.0,3.333,35,30,70.0,1.25,0.143,Straight,West,West - Straight,Straight,4.0,AGV,39.73185726862355,21.907830867153553,421.0,1.75,2.0,4.75,3.0,3.0,1.5,35.5,43.667,71.0,10.5,72.0,5.5,16.333,30.333,68.6,29.571,100.0,64.0
003,Low,2024-5-14,17,1,39,11,17:15:01,17:16:18,528,5156.49,1119.85,6317.16,1819.16,2.49,-5.39,15.22,4.41,True,5,6,5,6,24,1,5,Occasionally,Moderately experienced,Neither Inexperienced or Experienced,Very rarely,1.857,3.0,3.333,35,30,70.0,1.25,0.123,Diagonal,East,East - Diagonal,Complex,7.0,N\A,49.11405156122834,75.45102140190625,532.47,1.75,2.0,4.75,3.0,3.0,1.5,35.5,43.667,71.0,10.5,72.0,5.5,16.333,30.333,68.6,29.571,100.0,64.0
003,Low,2024-5-14,17,1,39,12,17:16:22,17:17:47,264,3215.46,1122.6,4186.9,1184.69,2.49,-3.6,15.22,3.32,True,5,4,6,4,24,1,5,Occasionally,Moderately experienced,Neither Inexperienced or Experienced,Very rarely,1.857,3.0,3.333,35,30,70.0,1.25,0.102,Straight,Southeast,Southeast - Straight,Complex,5.0,N\A,70.54845195256398,84.8200754660576,721.48,1.75,2.0,4.75,3.0,3.0,1.5,35.5,43.667,71.0,10.5,72.0,5.5,16.333,30.333,68.6,29.571,100.0,64.0
003,Low,2024-5-14,17,1,39,13,17:17:51,17:18:47,106,5414.76,1292.97,12040.07,4256.64,6.55,-2.57,15.22,5.29,True,7,6,6,7,24,1,5,Occasionally,Moderately experienced,Neither Inexperienced or Experienced,Very rarely,1.857,3.0,3.333,35,30,70.0,1.25,0.05,Straight,Southwest,Southwest - Straight,Complex,5.0,N\A,43.03545534962009,207.3840019812113,129.43,1.75,2.0,4.75,3.0,3.0,1.5,35.5,43.667,71.0,10.5,72.0,5.5,16.333,30.333,68.6,29.571,100.0,64.0
003,Low,2024-5-14,17,1,39,14,17:18:51,17:19:50,1017,2481.46,516.78,4668.69,1120.97,3.66,-3.97,15.21,4.01,True,4,5,4,7,24,1,5,Occasionally,Moderately experienced,Neither Inexperienced or Experienced,Very rarely,1.857,3.0,3.333,35,30,70.0,1.25,0.275,Diagonal,Southeast,Southeast - Diagonal,Straight,7.0,AGV,61.35976719721408,149.5454118705971,251.27,1.75,2.0,4.75,3.0,3.0,1.5,35.5,43.667,71.0,10.5,72.0,5.5,16.333,30.333,68.6,29.571,100.0,64.0
003,Low,2024-5-14,17,1,39,15,17:19:59,17:20:45,423,4123.65,1003.47,6810.43,1775.71,4.75,-4.39,15.27,5.43,True,8,8,7,6,24,1,5,Occasionally,Moderately experienced,Neither Inexperienced or Experienced,Very rarely,1.857,3.0,3.333,35,30,70.0,1.25,,Straight,North,North - Straight,Straight,4.0,N\A,,,,1.75,2.0,4.75,3.0,3.0,1.5,35.5,43.667,71.0,10.5,72.0,5.5,16.333,30.333,68.6,29.571,100.0,64.0
004,High,2024-5-15,14,48,49,1,14:49:08,14:50:42,728,7953.25,598.06,12559.06,3750.99,4.98,-3.47,15.23,6.0,True,8,8,9,10,31,2,2,Very rarely,Moderately experienced,Moderately experienced,Never,3.286,2.833,5.0,79,83,88.333,1.625,0.15,Straight,South,South - Straight,Straight,,AGV,40.05405845169458,95.08566462449933,276.9,3.25,3.333,4.75,6.667,4.333,4.0,79.357,89.333,35.0,94.0,93.0,94.0,89.667,83.167,9.0,77.571,100.0,86.0
004,High,2024-5-15,14,48,49,2,14:50:48,14:51:28,0,2296.42,1089.33,4573.54,909.88,5.43,-3.54,15.22,3.72,True,9,10,10,10,31,2,2,Very rarely,Moderately experienced,Moderately experienced,Never,3.286,2.833,5.0,79,83,88.333,1.625,0.0,Diagonal,North,North - Diagonal,Complex,8.0,N\A,57.72734392920946,203.75855550111726,194.91,3.25,3.333,4.75,6.667,4.333,4.0,79.357,89.333,35.0,94.0,93.0,94.0,89.667,83.167,9.0,77.571,100.0,86.0
004,High,2024-5-15,14,48,49,3,14:51:34,14:52:40,553,3354.95,675.76,5039.59,1747.98,2.84,-5.56,15.23,3.67,True,10,10,10,10,31,2,2,Very rarely,Moderately experienced,Moderately experienced,Never,3.286,2.833,5.0,79,83,88.333,1.625,0.203,Diagonal,South,South - Diagonal,Complex,9.0,AGV,53.108918962355915,70.74480252675406,158.84,3.25,3.333,4.75,6.667,4.333,4.0,79.357,89.333,35.0,94.0,93.0,94.0,89.667,83.167,9.0,77.571,100.0,86.0
004,High,2024-5-15,14,48,49,4,14:52:43,14:53:36,629,6080.53,660.0,11984.2,4387.82,7.04,-3.51,15.23,5.9,True,10,10,10,10,31,2,2,Very rarely,Moderately experienced,Moderately experienced,Never,3.286,2.833,5.0,79,83,88.333,1.625,0.231,Straight,Northeast,Northeast - Straight,Complex,10.0,AGV,43.57275194024188,253.31211897703707,195.24,3.25,3.333,4.75,6.667,4.333,4.0,79.357,89.333,35.0,94.0,93.0,94.0,89.667,83.167,9.0,77.571,100.0,86.0
004,High,2024-5-15,14,48,49,5,14:53:49,14:54:54,98,3527.05,1500.31,7628.38,1251.42,3.21,-3.84,15.31,4.9,True,10,10,10,10,31,2,2,Very rarely,Moderately experienced,Moderately experienced,Never,3.286,2.833,5.0,79,83,88.333,1.625,0.055,Straight,Northwest,Northwest - Straight,Complex,10.0,N\A,91.60577009087402,92.81001141790392,290.15,3.25,3.333,4.75,6.667,4.333,4.0,79.357,89.333,35.0,94.0,93.0,94.0,89.667,83.167,9.0,77.571,100.0,86.0
004,High,2024-5-15,14,48,49,6,14:55:02,14:55:44,510,2591.95,722.53,5373.77,1225.74,4.56,-3.97,15.25,4.12,True,10,10,10,10,31,2,2,Very rarely,Moderately experienced,Moderately experienced,Never,3.286,2.833,5.0,79,83,88.333,1.625,0.2,Diagonal,Northwest,Northwest - Diagonal,Complex,10.0,AGV,85.12802487787374,136.82890671153095,156.83,3.25,3.333,4.75,6.667,4.333,4.0,79.357,89.333,35.0,94.0,93.0,94.0,89.667,83.167,9.0,77.571,100.0,86.0
004,High,2024-5-15,14,48,49,7,14:55:46,14:57:04,549,4250.83,855.35,5505.02,1621.77,2.83,-4.39,15.21,4.54,True,10,10,10,10,31,2,2,Very rarely,Moderately experienced,Moderately experienced,Never,3.286,2.833,5.0,79,83,88.333,1.625,0.157,Straight,East,East - Straight,Straight,10.0,AGV,37.81075941033474,125.65482197002191,334.38,3.25,3.333,4.75,6.667,4.333,4.0,79.357,89.333,35.0,94.0,93.0,94.0,89.667,83.167,9.0,77.571,100.0,86.0
004,High,2024-5-15,14,48,49,8,14:57:10,14:57:59,420,2291.85,718.15,4664.96,1179.83,4.45,-4.05,15.21,3.9,True,10,10,10,10,31,2,2,Very rarely,Moderately experienced,Moderately experienced,Never,3.286,2.833,5.0,79,83,88.333,1.625,0.172,Diagonal,Southwest,Southwest - Diagonal,Straight,10.0,AGV,78.06636451873116,76.21895491697008,341.09,3.25,3.333,4.75,6.667,4.333,4.0,79.357,89.333,35.0,94.0,93.0,94.0,89.667,83.167,9.0,77.571,100.0,86.0
004,High,2024-5-15,14,48,49,9,14:58:07,14:58:51,381,4151.83,537.33,7054.14,1877.6,5.01,-4.42,15.23,5.72,True,10,10,10,10,31,2,2,Very rarely,Moderately experienced,Moderately experienced,Never,3.286,2.833,5.0,79,83,88.333,1.625,0.157,Diagonal,Northeast,Northeast - Diagonal,Straight,10.0,AGV,87.11700376592647,120.26516248125604,299.01,3.25,3.333,4.75,6.667,4.333,4.0,79.357,89.333,35.0,94.0,93.0,94.0,89.667,83.167,9.0,77.571,100.0,86.0
004,High,2024-5-15,14,48,49,10,14:58:58,14:59:39,530,3362.62,555.99,5403.01,1810.8,5.44,-4.4,15.21,5.19,True,10,10,10,10,31,2,2,Very rarely,Moderately experienced,Moderately experienced,Never,3.286,2.833,5.0,79,83,88.333,1.625,0.239,Straight,West,West - Straight,Straight,10.0,AGV,69.40675764707623,158.46647916943792,232.29,3.25,3.333,4.75,6.667,4.333,4.0,79.357,89.333,35.0,94.0,93.0,94.0,89.667,83.167,9.0,77.571,100.0,86.0
004,High,2024-5-15,14,48,49,11,14:59:44,15:00:23,241,4204.98,1456.27,6315.11,1874.91,4.99,-6.01,15.22,5.36,True,10,10,10,10,31,2,2,Very rarely,Moderately experienced,Moderately experienced,Never,3.286,2.833,5.0,79,83,88.333,1.625,0.174,Diagonal,East,East - Diagonal,Complex,10.0,N\A,91.90689799805303,168.68374497152487,420.79,3.25,3.333,4.75,6.667,4.333,4.0,79.357,89.333,35.0,94.0,93.0,94.0,89.667,83.167,9.0,77.571,100.0,86.0
004,High,2024-5-15,14,48,49,12,15:00:31,15:01:20,78,3015.0,2085.28,4050.56,753.68,4.23,-2.04,15.22,3.83,True,10,10,10,10,31,2,2,Very rarely,Moderately experienced,Moderately experienced,Never,3.286,2.833,5.0,79,83,88.333,1.625,0.022,Straight,Southeast,Southeast - Straight,Complex,10.0,N\A,121.42559787123282,153.10599429206727,225.17,3.25,3.333,4.75,6.667,4.333,4.0,79.357,89.333,35.0,94.0,93.0,94.0,89.667,83.167,9.0,77.571,100.0,86.0
004,High,2024-5-15,14,48,49,13,15:02:49,15:03:27,46,2564.8,1415.7,7786.55,1553.14,7.06,-0.0,15.22,3.96,True,10,10,10,10,31,2,2,Very rarely,Moderately experienced,Moderately experienced,Never,3.286,2.833,5.0,79,83,88.333,1.625,0.068,Straight,Southwest,Southwest - Straight,Complex,10.0,User,60.71950360655254,330.04786573219934,235.66,3.25,3.333,4.75,6.667,4.333,4.0,79.357,89.333,35.0,94.0,93.0,94.0,89.667,83.167,9.0,77.571,100.0,86.0
004,High,2024-5-15,14,48,49,14,15:03:33,15:04:04,339,2043.29,1202.2,4709.62,983.25,5.88,-0.0,15.21,2.93,True,10,10,10,10,31,2,2,Very rarely,Moderately experienced,Moderately experienced,Never,3.286,2.833,5.0,79,83,88.333,1.625,0.205,Diagonal,Southeast,Southeast - Diagonal,Straight,10.0,User,112.78161038360466,224.33195332167074,283.25,3.25,3.333,4.75,6.667,4.333,4.0,79.357,89.333,35.0,94.0,93.0,94.0,89.667,83.167,9.0,77.571,100.0,86.0
004,High,2024-5-15,14,48,49,15,15:04:11,15:04:50,201,3672.46,959.21,6811.6,1815.35,5.68,-4.55,15.22,5.36,True,10,10,10,10,31,2,2,Very rarely,Moderately experienced,Moderately experienced,Never,3.286,2.833,5.0,79,83,88.333,1.625,0.143,Straight,North,North - Straight,Straight,10.0,N\A,58.0794295748371,249.04922536229483,235.18,3.25,3.333,4.75,6.667,4.333,4.0,79.357,89.333,35.0,94.0,93.0,94.0,89.667,83.167,9.0,77.571,100.0,86.0
004,High,2024-5-15,14,48,49,16,15:04:54,15:05:27,427,2644.84,716.11,5682.34,1320.58,5.78,-0.18,15.22,4.45,True,10,10,10,10,31,2,2,Very rarely,Moderately experienced,Moderately experienced,Never,3.286,2.833,5.0,79,83,88.333,1.625,0.239,Diagonal,West,West - Diagonal,Complex,10.0,AGV,112.52155811554138,115.17429519479677,211.6,3.25,3.333,4.75,6.667,4.333,4.0,79.357,89.333,35.0,94.0,93.0,94.0,89.667,83.167,9.0,77.571,100.0,86.0
004,Low,2024-5-15,15,11,37,1,15:11:51,15:12:24,513,5243.14,780.71,12455.8,3303.61,11.18,-0.0,15.31,4.67,True,10,10,10,10,31,2,2,Very rarely,Moderately experienced,Moderately experienced,Never,3.286,2.833,5.0,85,61,91.667,1.375,0.256,Straight,South,South - Straight,Straight,8.5,N\A,114.03407803936253,283.10671954914466,547.6,3.25,3.333,4.75,6.667,4.333,4.0,85.714,90.667,86.0,92.0,87.0,86.0,75.667,61.167,35.6,58.857,91.0,91.8
004,Low,2024-5-15,15,11,37,2,15:12:29,15:12:55,0,2387.86,1016.74,4614.79,993.62,6.13,0.0,15.21,3.01,True,10,10,10,10,31,2,2,Very rarely,Moderately experienced,Moderately experienced,Never,3.286,2.833,5.0,85,61,91.667,1.375,0.031,Diagonal,North,North - Diagonal,Complex,10.0,N\A,87.68916261679213,299.63637554171424,271.8,3.25,3.333,4.75,6.667,4.333,4.0,85.714,90.667,86.0,92.0,87.0,86.0,75.667,61.167,35.6,58.857,91.0,91.8
004,Low,2024-5-15,15,11,37,3,15:13:01,15:13:40,786,2088.8,586.44,5102.88,1675.93,4.85,-5.44,15.23,3.63,True,10,10,10,10,31,2,2,Very rarely,Moderately experienced,Moderately experienced,Never,3.286,2.833,5.0,85,61,91.667,1.375,0.333,Diagonal,South,South - Diagonal,Complex,10.0,AGV,90.04341504246612,175.18474256729283,539.07,3.25,3.333,4.75,6.667,4.333,4.0,85.714,90.667,86.0,92.0,87.0,86.0,75.667,61.167,35.6,58.857,91.0,91.8
004,Low,2024-5-15,15,11,37,4,15:13:44,15:14:13,461,2385.13,779.93,5362.06,1436.03,7.11,-0.0,15.22,4.01,True,10,10,10,10,31,2,2,Very rarely,Moderately experienced,Moderately experienced,Never,3.286,2.833,5.0,85,61,91.667,1.375,0.263,Straight,Northeast,Northeast - Straight,Complex,10.0,User,80.3584802035072,406.1148452432752,232.44,3.25,3.333,4.75,6.667,4.333,4.0,85.714,90.667,86.0,92.0,87.0,86.0,75.667,61.167,35.6,58.857,91.0,91.8
004,Low,2024-5-15,15,11,37,5,15:14:21,15:15:11,34,3611.97,1499.34,7617.5,1393.65,4.24,-2.89,15.3,5.16,True,10,10,10,10,31,2,2,Very rarely,Moderately experienced,Moderately experienced,Never,3.286,2.833,5.0,85,61,91.667,1.375,0.029,Straight,Northwest,Northwest - Straight,Complex,10.0,N\A,119.25192045677848,105.59459315370258,549.15,3.25,3.333,4.75,6.667,4.333,4.0,85.714,90.667,86.0,92.0,87.0,86.0,75.667,61.167,35.6,58.857,91.0,91.8
004,Low,2024-5-15,15,11,37,6,15:15:31,15:16:14,420,2861.97,1591.44,5376.03,958.34,4.5,-3.23,15.22,4.47,True,10,10,10,10,31,2,2,Very rarely,Moderately experienced,Moderately experienced,Never,3.286,2.833,5.0,85,61,91.667,1.375,0.235,Diagonal,Northwest,Northwest - Diagonal,Complex,10.0,AGV,82.22288017664334,153.01119974268946,378.66,3.25,3.333,4.75,6.667,4.333,4.0,85.714,90.667,86.0,92.0,87.0,86.0,75.667,61.167,35.6,58.857,91.0,91.8
004,Low,2024-5-15,15,11,37,7,15:16:23,15:17:09,1145,2529.6,214.23,5431.15,1944.96,4.78,-4.48,15.23,5.61,True,10,10,10,10,31,2,2,Very rarely,Moderately experienced,Moderately experienced,Never,3.286,2.833,5.0,85,61,91.667,1.375,0.351,Straight,East,East - Straight,Straight,10.0,AGV,62.33647909488824,160.8322001075771,595.37,3.25,3.333,4.75,6.667,4.333,4.0,85.714,90.667,86.0,92.0,87.0,86.0,75.667,61.167,35.6,58.857,91.0,91.8
004,Low,2024-5-15,15,11,37,8,15:17:20,15:17:50,78,2049.37,1113.18,4682.77,950.31,6.2,-0.0,15.22,3.07,True,10,10,10,10,31,2,2,Very rarely,Moderately experienced,Moderately experienced,Never,3.286,2.833,5.0,85,61,91.667,1.375,0.079,Diagonal,Southwest,Southwest - Diagonal,Straight,10.0,User,127.05100294024469,242.9470456220508,299.27,3.25,3.333,4.75,6.667,4.333,4.0,85.714,90.667,86.0,92.0,87.0,86.0,75.667,61.167,35.6,58.857,91.0,91.8
004,Low,2024-5-15,15,11,37,9,15:17:57,15:18:33,352,4203.82,592.48,7045.5,1921.37,6.23,-4.44,15.22,6.5,True,10,10,10,10,31,2,2,Very rarely,Moderately experienced,Moderately experienced,Never,3.286,2.833,5.0,85,61,91.667,1.375,0.179,Diagonal,Northeast,Northeast - Diagonal,Straight,10.0,User,103.96601435032102,272.3575478938273,790.63,3.25,3.333,4.75,6.667,4.333,4.0,85.714,90.667,86.0,92.0,87.0,86.0,75.667,61.167,35.6,58.857,91.0,91.8
004,Low,2024-5-15,15,11,37,10,15:18:37,15:19:29,635,3574.45,490.51,5461.7,1828.51,4.21,-4.41,15.22,4.82,True,9,9,9,6,31,2,2,Very rarely,Moderately experienced,Moderately experienced,Never,3.286,2.833,5.0,85,61,91.667,1.375,0.161,Straight,West,West - Straight,Straight,10.0,AGV,53.81176171691844,68.75146418861753,321.99,3.25,3.333,4.75,6.667,4.333,4.0,85.714,90.667,86.0,92.0,87.0,86.0,75.667,61.167,35.6,58.857,91.0,91.8
004,Low,2024-5-15,15,11,37,11,15:19:38,15:20:13,221,4182.87,1851.46,6224.29,1725.13,5.43,-5.4,15.25,5.53,True,9,8,8,7,31,2,2,Very rarely,Moderately experienced,Moderately experienced,Never,3.286,2.833,5.0,85,61,91.667,1.375,0.15,Diagonal,East,East - Diagonal,Complex,9.0,User,101.5894281103291,188.08254820907513,398.57,3.25,3.333,4.75,6.667,4.333,4.0,85.714,90.667,86.0,92.0,87.0,86.0,75.667,61.167,35.6,58.857,91.0,91.8
004,Low,2024-5-15,15,11,37,12,15:20:19,15:21:38,231,3313.8,1137.82,5191.5,1596.47,3.03,-0.02,14.44,2.83,True,10,9,8,7,31,2,2,Very rarely,Moderately experienced,Moderately experienced,Never,3.286,2.833,5.0,85,61,91.667,1.375,0.08,Straight,Southeast,Southeast - Straight,Complex,9.0,N\A,75.98706935223115,103.7349135764712,575.46,3.25,3.333,4.75,6.667,4.333,4.0,85.714,90.667,86.0,92.0,87.0,86.0,75.667,61.167,35.6,58.857,91.0,91.8
004,Low,2024-5-15,15,11,37,13,15:21:58,15:22:33,0,2163.72,1343.82,5323.48,861.08,6.24,-0.0,15.22,3.17,True,10,8,8,8,31,2,2,Very rarely,Moderately experienced,Moderately experienced,Never,3.286,2.833,5.0,85,61,91.667,1.375,0.0,Straight,Southwest,Southwest - Straight,Complex,10.0,User,65.49697733828384,258.56050489978014,451.88,3.25,3.333,4.75,6.667,4.333,4.0,85.714,90.667,86.0,92.0,87.0,86.0,75.667,61.167,35.6,58.857,91.0,91.8
004,Low,2024-5-15,15,11,37,14,15:22:36,15:23:17,541,2224.99,834.01,4733.44,1056.84,5.32,-3.75,15.22,3.85,True,10,9,8,9,31,2,2,Very rarely,Moderately experienced,Moderately experienced,Never,3.286,2.833,5.0,85,61,91.667,1.375,,Diagonal,Southeast,Southeast - Diagonal,Straight,10.0,User,,,,3.25,3.333,4.75,6.667,4.333,4.0,85.714,90.667,86.0,92.0,87.0,86.0,75.667,61.167,35.6,58.857,91.0,91.8
004,Low,2024-5-15,15,11,37,16,15:24:53,15:25:36,479,3081.5,1791.8,5619.11,942.73,4.39,-0.1,15.25,4.76,True,10,9,9,9,31,2,2,Very rarely,Moderately experienced,Moderately experienced,Never,3.286,2.833,5.0,85,61,91.667,1.375,0.186,Diagonal,West,West - Diagonal,Complex,10.0,AGV,85.99949750031477,146.02299842046193,360.22,3.25,3.333,4.75,6.667,4.333,4.0,85.714,90.667,86.0,92.0,87.0,86.0,75.667,61.167,35.6,58.857,91.0,91.8
006,High,2024-5-20,14,38,42,1,14:39:03,14:40:33,436,7605.5,528.86,11847.8,3659.45,5.21,-3.44,15.22,6.05,True,8,8,8,9,54,1,5,Occasionally,Experienced,Experienced,Never,3.286,3.167,4.333,64,64,60.667,1.188,0.135,Straight,South,South - Straight,Straight,,AGV,42.30240785680804,60.191743738728725,84.33,3.5,3.0,5.25,4.0,4.0,3.5,64.071,72.667,42.0,77.0,65.0,64.5,68.333,64.5,27.4,58.714,78.0,57.2
006,High,2024-5-20,14,38,42,2,14:40:39,14:41:37,0,2666.49,1031.5,4493.2,962.1,3.74,-4.52,15.24,4.22,True,8,8,8,9,54,1,5,Occasionally,Experienced,Experienced,Never,3.286,3.167,4.333,64,64,60.667,1.188,0.242,Diagonal,North,North - Diagonal,Complex,8.0,N\A,40.19048342366301,143.67335834294477,92.82,3.5,3.0,5.25,4.0,4.0,3.5,64.071,72.667,42.0,77.0,65.0,64.5,68.333,64.5,27.4,58.714,78.0,57.2
006,High,2024-5-20,14,38,42,3,14:41:43,14:42:43,488,3531.86,733.83,5532.98,1749.13,3.12,-5.44,15.23,4.22,True,8,8,8,9,54,1,5,Occasionally,Experienced,Experienced,Never,3.286,3.167,4.333,64,64,60.667,1.188,0.224,Diagonal,South,South - Diagonal,Complex,8.0,AGV,59.941659508212446,113.80128870659203,183.0,3.5,3.0,5.25,4.0,4.0,3.5,64.071,72.667,42.0,77.0,65.0,64.5,68.333,64.5,27.4,58.714,78.0,57.2
006,High,2024-5-20,14,38,42,4,14:42:48,14:43:49,454,7179.82,1138.98,11920.37,4451.23,6.05,-2.35,15.23,6.09,True,8,8,8,9,54,1,5,Occasionally,Experienced,Experienced,Never,3.286,3.167,4.333,64,64,60.667,1.188,0.18,Straight,Northeast,Northeast - Straight,Complex,8.0,AGV,37.747128966998254,217.1537484931792,59.82,3.5,3.0,5.25,4.0,4.0,3.5,64.071,72.667,42.0,77.0,65.0,64.5,68.333,64.5,27.4,58.714,78.0,57.2
006,High,2024-5-20,14,38,42,5,14:43:53,14:45:06,11,3971.74,2661.3,7703.1,926.68,2.61,-0.01,15.31,5.46,True,8,8,8,9,54,1,5,Occasionally,Experienced,Experienced,Never,3.286,3.167,4.333,64,64,60.667,1.188,0.055,Straight,Northwest,Northwest - Straight,Complex,8.0,AGV,82.25457005029345,64.99756313248936,341.81,3.5,3.0,5.25,4.0,4.0,3.5,64.071,72.667,42.0,77.0,65.0,64.5,68.333,64.5,27.4,58.714,78.0,57.2
006,High,2024-5-20,14,38,42,6,14:45:11,14:46:07,144,3173.35,1553.25,5318.2,868.63,3.43,-3.94,15.27,4.78,True,7,7,8,9,54,1,5,Occasionally,Experienced,Experienced,Never,3.286,3.167,4.333,64,64,60.667,1.188,0.14,Diagonal,Northwest,Northwest - Diagonal,Complex,8.0,AGV,65.34824839750694,117.10670406382437,115.8,3.5,3.0,5.25,4.0,4.0,3.5,64.071,72.667,42.0,77.0,65.0,64.5,68.333,64.5,27.4,58.714,78.0,57.2
006,High,2024-5-20,14,38,42,7,14:46:11,14:46:55,453,3192.2,691.33,5500.88,1812.83,5.04,-4.4,15.23,4.61,True,8,8,8,9,54,1,5,Occasionally,Experienced,Experienced,Never,3.286,3.167,4.333,64,64,60.667,1.188,0.245,Straight,East,East - Straight,Straight,7.0,AGV,65.8501656814873,164.83700856173272,236.2,3.5,3.0,5.25,4.0,4.0,3.5,64.071,72.667,42.0,77.0,65.0,64.5,68.333,64.5,27.4,58.714,78.0,57.2
006,High,2024-5-20,14,38,42,8,14:47:02,14:47:59,329,2721.61,917.06,4602.59,1059.45,3.86,-4.45,15.23,4.28,True,8,8,8,9,54,1,5,Occasionally,Experienced,Experienced,Never,3.286,3.167,4.333,64,64,60.667,1.188,0.219,Diagonal,Southwest,Southwest - Diagonal,Straight,8.0,AGV,65.34977569992,99.50817067662112,238.89,3.5,3.0,5.25,4.0,4.0,3.5,64.071,72.667,42.0,77.0,65.0,64.5,68.333,64.5,27.4,58.714,78.0,57.2
006,High,2024-5-20,14,38,42,9,14:48:07,14:48:54,403,3923.89,807.24,6969.97,1906.97,4.65,-4.42,15.21,5.13,True,8,8,8,9,54,1,5,Occasionally,Experienced,Experienced,Never,3.286,3.167,4.333,64,64,60.667,1.188,0.22,Diagonal,Northeast,Northeast - Diagonal,Straight,8.0,AGV,78.50459574502666,208.63652040485346,110.39,3.5,3.0,5.25,4.0,4.0,3.5,64.071,72.667,42.0,77.0,65.0,64.5,68.333,64.5,27.4,58.714,78.0,57.2
006,High,2024-5-20,14,38,42,10,14:48:59,14:49:43,294,3439.7,969.16,5483.48,1750.9,4.93,-4.01,15.23,4.82,True,8,8,8,9,54,1,5,Occasionally,Experienced,Experienced,Never,3.286,3.167,4.333,64,64,60.667,1.188,0.188,Straight,West,West - Straight,Straight,8.0,AGV,65.3586464668588,208.08705225039702,121.85,3.5,3.0,5.25,4.0,4.0,3.5,64.071,72.667,42.0,77.0,65.0,64.5,68.333,64.5,27.4,58.714,78.0,57.2
006,High,2024-5-20,14,38,42,11,14:49:47,14:51:01,1045,4022.88,563.02,6257.74,2367.75,2.59,-5.88,15.25,4.64,True,7,8,8,8,54,1,5,Occasionally,Experienced,Experienced,Never,3.286,3.167,4.333,64,64,60.667,1.188,0.273,Diagonal,East,East - Diagonal,Complex,8.0,User,49.35182512553208,78.06599576756341,143.4,3.5,3.0,5.25,4.0,4.0,3.5,64.071,72.667,42.0,77.0,65.0,64.5,68.333,64.5,27.4,58.714,78.0,57.2
006,High,2024-5-20,14,38,42,12,14:51:05,14:52:21,570,2739.8,935.86,4188.51,1239.12,2.78,-1.94,10.32,2.68,True,8,8,8,9,54,1,5,Occasionally,Experienced,Experienced,Never,3.286,3.167,4.333,64,64,60.667,1.188,0.2,Straight,Southeast,Southeast - Straight,Complex,7.0,AGV,78.60690141017038,128.93690095401777,245.75,3.5,3.0,5.25,4.0,4.0,3.5,64.071,72.667,42.0,77.0,65.0,64.5,68.333,64.5,27.4,58.714,78.0,57.2
006,High,2024-5-20,14,38,42,13,14:52:25,14:53:16,462,4298.44,564.53,11944.68,4001.45,7.27,-2.46,15.22,5.01,True,8,8,8,9,54,1,5,Occasionally,Experienced,Experienced,Never,3.286,3.167,4.333,64,64,60.667,1.188,0.241,Straight,Southwest,Southwest - Straight,Complex,8.0,AGV,45.30903425491415,177.10143258208842,117.73,3.5,3.0,5.25,4.0,4.0,3.5,64.071,72.667,42.0,77.0,65.0,64.5,68.333,64.5,27.4,58.714,78.0,57.2
006,High,2024-5-20,14,38,42,14,14:53:20,14:54:12,635,2631.48,1315.94,4651.43,933.59,4.2,-4.44,15.21,4.23,True,8,8,8,9,54,1,5,Occasionally,Experienced,Experienced,Never,3.286,3.167,4.333,64,64,60.667,1.188,0.298,Diagonal,Southeast,Southeast - Diagonal,Straight,8.0,AGV,69.74781856557951,121.8083630800966,183.89,3.5,3.0,5.25,4.0,4.0,3.5,64.071,72.667,42.0,77.0,65.0,64.5,68.333,64.5,27.4,58.714,78.0,57.2
006,High,2024-5-20,14,38,42,15,14:54:17,14:54:57,612,3769.87,965.96,6778.69,1897.17,5.43,-4.47,15.22,5.37,True,8,8,8,9,54,1,5,Occasionally,Experienced,Experienced,Never,3.286,3.167,4.333,64,64,60.667,1.188,0.244,Straight,North,North - Straight,Straight,8.0,N\A,57.70615904141812,194.00708269529855,145.61,3.5,3.0,5.25,4.0,4.0,3.5,64.071,72.667,42.0,77.0,65.0,64.5,68.333,64.5,27.4,58.714,78.0,57.2
006,High,2024-5-20,14,38,42,16,14:55:02,14:55:54,255,3533.12,2091.95,5637.21,895.88,3.6,-0.06,15.24,5.03,True,7,7,7,8,54,1,5,Occasionally,Experienced,Experienced,Never,3.286,3.167,4.333,64,64,60.667,1.188,0.121,Diagonal,West,West - Diagonal,Complex,8.0,AGV,71.46789406104764,119.9941043736335,106.04,3.5,3.0,5.25,4.0,4.0,3.5,64.071,72.667,42.0,77.0,65.0,64.5,68.333,64.5,27.4,58.714,78.0,57.2
006,Low,2024-5-20,15,9,43,1,15:10:05,15:10:56,488,6759.96,685.69,12625.06,4200.95,9.13,-3.51,15.22,5.63,True,8,8,8,9,54,1,5,Occasionally,Experienced,Experienced,Never,3.286,3.167,4.333,59,62,59.667,1.188,0.204,Straight,South,South - Straight,Straight,5.9,AGV,74.26345948256053,175.3088928576307,650.76,3.5,3.0,5.25,4.0,4.0,3.5,59.5,69.333,55.0,65.0,53.0,62.0,51.0,62.667,29.2,56.857,81.0,55.4
006,Low,2024-5-20,15,9,43,2,15:11:00,15:11:36,0,1896.22,858.7,4521.39,1006.6,5.98,-3.87,15.21,3.17,True,8,8,8,9,54,1,5,Occasionally,Experienced,Experienced,Never,3.286,3.167,4.333,59,62,59.667,1.188,0.275,Diagonal,North,North - Diagonal,Complex,8.0,N\A,62.93100220533222,216.01806085291116,333.23,3.5,3.0,5.25,4.0,4.0,3.5,59.5,69.333,55.0,65.0,53.0,62.0,51.0,62.667,29.2,56.857,81.0,55.4
006,Low,2024-5-20,15,9,43,3,15:11:39,15:12:17,683,2090.25,655.61,4846.97,1432.67,4.97,-5.54,15.21,3.62,True,8,8,8,9,54,1,5,Occasionally,Experienced,Experienced,Never,3.286,3.167,4.333,59,62,59.667,1.188,0.341,Diagonal,South,South - Diagonal,Complex,8.0,AGV,94.35808864947296,90.8573762484433,412.06,3.5,3.0,5.25,4.0,4.0,3.5,59.5,69.333,55.0,65.0,53.0,62.0,51.0,62.667,29.2,56.857,81.0,55.4
006,Low,2024-5-20,15,9,43,4,15:12:24,15:13:08,327,4822.61,1040.19,11945.72,3714.38,8.39,-2.49,15.22,5.38,True,8,8,8,9,54,1,5,Occasionally,Experienced,Experienced,Never,3.286,3.167,4.333,59,62,59.667,1.188,0.188,Straight,Northeast,Northeast - Straight,Complex,8.0,AGV,51.536135870321914,304.73392425247255,237.82,3.5,3.0,5.25,4.0,4.0,3.5,59.5,69.333,55.0,65.0,53.0,62.0,51.0,62.667,29.2,56.857,81.0,55.4
006,Low,2024-5-20,15,9,43,5,15:13:14,15:14:18,109,4132.54,2589.58,7578.03,911.66,2.92,-0.11,15.37,5.73,True,7,8,8,9,54,1,5,Occasionally,Experienced,Experienced,Never,3.286,3.167,4.333,59,62,59.667,1.188,0.088,Straight,Northwest,Northwest - Straight,Complex,8.0,AGV,93.73480591458134,82.59150141983476,599.99,3.5,3.0,5.25,4.0,4.0,3.5,59.5,69.333,55.0,65.0,53.0,62.0,51.0,62.667,29.2,56.857,81.0,55.4
006,Low,2024-5-20,15,9,43,6,15:14:23,15:15:11,471,2991.42,1398.02,5295.24,953.85,4.0,-5.0,15.24,4.87,True,7,7,7,8,54,1,5,Occasionally,Experienced,Experienced,Never,3.286,3.167,4.333,59,62,59.667,1.188,0.294,Diagonal,Northwest,Northwest - Diagonal,Complex,7.0,AGV,73.86497452053881,75.97749299088892,383.5,3.5,3.0,5.25,4.0,4.0,3.5,59.5,69.333,55.0,65.0,53.0,62.0,51.0,62.667,29.2,56.857,81.0,55.4
006,Low,2024-5-20,15,9,43,7,15:15:16,15:16:03,574,3320.88,1067.29,5504.06,1734.84,4.66,-4.48,15.22,4.55,True,8,8,8,9,54,1,5,Occasionally,Experienced,Experienced,Never,3.286,3.167,4.333,59,62,59.667,1.188,0.3,Straight,East,East - Straight,Straight,7.0,AGV,60.56030106619761,154.71990017865906,459.61,3.5,3.0,5.25,4.0,4.0,3.5,59.5,69.333,55.0,65.0,53.0,62.0,51.0,62.667,29.2,56.857,81.0,55.4
006,Low,2024-5-20,15,9,43,8,15:16:07,15:17:03,473,2679.0,945.07,4613.09,1098.97,3.92,-4.42,15.21,4.05,True,7,7,7,7,54,1,5,Occasionally,Experienced,Experienced,Never,3.286,3.167,4.333,59,62,59.667,1.188,0.25,Diagonal,Southwest,Southwest - Diagonal,Straight,8.0,AGV,66.42221918880043,147.085674465012,370.53,3.5,3.0,5.25,4.0,4.0,3.5,59.5,69.333,55.0,65.0,53.0,62.0,51.0,62.667,29.2,56.857,81.0,55.4
006,Low,2024-5-20,15,9,43,9,15:17:07,15:17:55,434,3734.8,968.96,6963.3,1859.54,4.61,-3.99,15.22,4.95,True,8,8,8,9,54,1,5,Occasionally,Experienced,Experienced,Never,3.286,3.167,4.333,59,62,59.667,1.188,0.255,Diagonal,Northeast,Northeast - Diagonal,Straight,7.0,AGV,76.96502313269345,154.8090292367431,352.19,3.5,3.0,5.25,4.0,4.0,3.5,59.5,69.333,55.0,65.0,53.0,62.0,51.0,62.667,29.2,56.857,81.0,55.4
006,Low,2024-5-20,15,9,43,10,15:17:58,15:18:48,292,3895.98,1378.82,5625.22,1629.41,4.42,-4.48,15.22,5.13,True,8,8,8,9,54,1,5,Occasionally,Experienced,Experienced,Never,3.286,3.167,4.333,59,62,59.667,1.188,0.182,Straight,West,West - Straight,Straight,8.0,AGV,57.4860546856246,196.45543519276703,323.79,3.5,3.0,5.25,4.0,4.0,3.5,59.5,69.333,55.0,65.0,53.0,62.0,51.0,62.667,29.2,56.857,81.0,55.4
006,Low,2024-5-20,15,9,43,11,15:18:55,15:19:55,1329,3711.12,619.4,6279.57,2336.58,3.2,-3.67,15.22,5.11,True,7,7,7,8,54,1,5,Occasionally,Experienced,Experienced,Never,3.286,3.167,4.333,59,62,59.667,1.188,0.361,Diagonal,East,East - Diagonal,Complex,8.0,AGV,60.63833291714752,96.15381087349174,451.89,3.5,3.0,5.25,4.0,4.0,3.5,59.5,69.333,55.0,65.0,53.0,62.0,51.0,62.667,29.2,56.857,81.0,55.4
006,Low,2024-5-20,15,9,43,12,15:19:58,15:21:16,462,2805.75,749.19,4254.65,1292.18,2.7,-0.7,9.4,2.64,True,8,8,9,9,54,1,5,Occasionally,Experienced,Experienced,Never,3.286,3.167,4.333,59,62,59.667,1.188,0.159,Straight,Southeast,Southeast - Straight,Complex,7.0,User,76.39613294559206,121.9096437089258,186.04,3.5,3.0,5.25,4.0,4.0,3.5,59.5,69.333,55.0,65.0,53.0,62.0,51.0,62.667,29.2,56.857,81.0,55.4
006,Low,2024-5-20,15,9,43,13,15:21:19,15:22:01,550,2813.54,547.8,9915.36,2447.05,7.74,-0.0,15.22,4.37,True,8,8,8,9,54,1,5,Occasionally,Experienced,Experienced,Never,3.286,3.167,4.333,59,62,59.667,1.188,0.273,Straight,Southwest,Southwest - Straight,Complex,8.0,AGV,54.27746919266596,215.6005519851946,221.33,3.5,3.0,5.25,4.0,4.0,3.5,59.5,69.333,55.0,65.0,53.0,62.0,51.0,62.667,29.2,56.857,81.0,55.4
006,Low,2024-5-20,15,9,43,14,15:22:04,15:22:59,372,2587.84,1249.19,4661.38,959.64,3.95,-4.33,15.21,3.79,True,8,8,8,9,54,1,5,Occasionally,Experienced,Experienced,Never,3.286,3.167,4.333,59,62,59.667,1.188,0.224,Diagonal,Southeast,Southeast - Diagonal,Straight,8.0,AGV,64.34136033773336,175.97523634730754,185.57,3.5,3.0,5.25,4.0,4.0,3.5,59.5,69.333,55.0,65.0,53.0,62.0,51.0,62.667,29.2,56.857,81.0,55.4
006,Low,2024-5-20,15,9,43,15,15:23:03,15:23:53,449,4241.47,1058.56,6703.31,1736.84,4.36,-4.41,15.22,5.44,False,8,8,8,9,54,1,5,Occasionally,Experienced,Experienced,Never,3.286,3.167,4.333,59,62,59.667,1.188,0.196,Straight,North,North - Straight,Straight,8.0,N\A,44.76224439958921,126.93933647865337,158.04,3.5,3.0,5.25,4.0,4.0,3.5,59.5,69.333,55.0,65.0,53.0,62.0,51.0,62.667,29.2,56.857,81.0,55.4
006,Low,2024-5-20,15,9,43,16,15:23:56,15:24:36,213,3054.12,1349.2,5630.15,1111.94,4.71,-0.17,15.22,4.93,True,8,8,8,9,54,1,5,Occasionally,Experienced,Experienced,Never,3.286,3.167,4.333,59,62,59.667,1.188,0.196,Diagonal,West,West - Diagonal,Complex,8.0,AGV,86.90128266305246,156.41724908909842,278.24,3.5,3.0,5.25,4.0,4.0,3.5,59.5,69.333,55.0,65.0,53.0,62.0,51.0,62.667,29.2,56.857,81.0,55.4
007,High,2024-5-21,15,12,59,1,15:13:39,15:14:37,345,6800.85,672.84,12492.53,4218.98,7.98,-1.59,15.24,5.86,True,10,10,10,10,27,1,2,Frequently,Very Inexperienced,Unfamiliar,Never,1.857,3.5,5.583,81,91,31.5,1.125,0.159,Straight,South,South - Straight,Straight,8.1,AGV,63.592153750584124,91.90900764944686,1021.53,1.5,2.333,6.0,6.0,4.667,5.5,81.0,97.333,35.667,90.0,100.0,96.0,87.667,91.5,1.0,86.143,94.0,19.0
007,High,2024-5-21,15,12,59,2,15:14:41,15:15:15,0,2153.77,965.39,4548.1,947.57,5.98,-0.0,15.22,3.11,True,10,10,10,10,27,1,2,Frequently,Very Inexperienced,Unfamiliar,Never,1.857,3.5,5.583,81,91,31.5,1.125,0.0,Diagonal,North,North - Diagonal,Complex,10.0,N\A,67.43466211445362,238.79083136761474,928.72,1.5,2.333,6.0,6.0,4.667,5.5,81.0,97.333,35.667,90.0,100.0,96.0,87.667,91.5,1.0,86.143,94.0,19.0
007,High,2024-5-21,15,12,59,3,15:15:21,15:16:06,477,3026.48,742.51,5554.25,1840.14,4.2,-5.56,15.21,4.51,True,10,10,10,10,27,1,2,Frequently,Very Inexperienced,Unfamiliar,Never,1.857,3.5,5.583,81,91,31.5,1.125,0.277,Diagonal,South,South - Diagonal,Complex,10.0,AGV,81.13962711148274,151.67589880841632,562.94,1.5,2.333,6.0,6.0,4.667,5.5,81.0,97.333,35.667,90.0,100.0,96.0,87.667,91.5,1.0,86.143,94.0,19.0
007,High,2024-5-21,15,12,59,4,15:16:09,15:16:50,877,2837.1,546.29,9703.97,2576.25,7.66,-0.04,15.22,6.54,True,10,10,10,10,27,1,2,Frequently,Very Inexperienced,Unfamiliar,Never,1.857,3.5,5.583,81,91,31.5,1.125,0.326,Straight,Northeast,Northeast - Straight,Complex,10.0,User,56.8402325005057,287.367243378646,326.7,1.5,2.333,6.0,6.0,4.667,5.5,81.0,97.333,35.667,90.0,100.0,96.0,87.667,91.5,1.0,86.143,94.0,19.0
007,High,2024-5-21,15,12,59,5,15:16:54,15:17:54,34,3498.69,2089.52,7547.27,1177.07,3.53,-3.43,15.3,5.02,True,10,10,10,10,27,1,2,Frequently,Very Inexperienced,Unfamiliar,Never,1.857,3.5,5.583,81,91,31.5,1.125,0.047,Straight,Northwest,Northwest - Straight,Complex,10.0,AGV,99.72038225286806,95.60581566135922,192.55,1.5,2.333,6.0,6.0,4.667,5.5,81.0,97.333,35.667,90.0,100.0,96.0,87.667,91.5,1.0,86.143,94.0,19.0
007,High,2024-5-21,15,12,59,6,15:17:59,15:18:42,350,2375.68,711.49,5354.21,1234.31,4.48,-0.04,15.26,3.77,True,10,10,10,10,27,1,2,Frequently,Very Inexperienced,Unfamiliar,Never,1.857,3.5,5.583,81,91,31.5,1.125,0.152,Diagonal,Northwest,Northwest - Diagonal,Complex,10.0,AGV,85.46924466518244,107.66641491165173,865.31,1.5,2.333,6.0,6.0,4.667,5.5,81.0,97.333,35.667,90.0,100.0,96.0,87.667,91.5,1.0,86.143,94.0,19.0
007,High,2024-5-21,15,12,59,7,15:18:44,15:19:25,391,3064.47,812.77,5445.43,1709.82,5.43,-4.49,15.22,4.65,True,10,10,10,10,27,1,2,Frequently,Very Inexperienced,Unfamiliar,Never,1.857,3.5,5.583,81,91,31.5,1.125,0.227,Straight,East,East - Straight,Straight,10.0,AGV,69.6560073131522,238.64573326714935,209.92,1.5,2.333,6.0,6.0,4.667,5.5,81.0,97.333,35.667,90.0,100.0,96.0,87.667,91.5,1.0,86.143,94.0,19.0
007,High,2024-5-21,15,12,59,8,15:19:29,15:20:30,183,2547.49,1131.63,4603.49,983.06,3.61,-3.59,15.21,3.43,True,10,10,10,10,27,1,2,Frequently,Very Inexperienced,Unfamiliar,Never,1.857,3.5,5.583,81,91,31.5,1.125,0.113,Diagonal,Southwest,Southwest - Diagonal,Straight,10.0,AGV,60.580125910822794,112.67417364066739,969.65,1.5,2.333,6.0,6.0,4.667,5.5,81.0,97.333,35.667,90.0,100.0,96.0,87.667,91.5,1.0,86.143,94.0,19.0
007,High,2024-5-21,15,12,59,9,15:20:33,15:21:22,597,3202.45,531.61,7065.33,2228.18,4.49,-4.59,15.24,5.99,True,10,10,10,10,27,1,2,Frequently,Very Inexperienced,Unfamiliar,Never,1.857,3.5,5.583,81,91,31.5,1.125,0.189,Diagonal,Northeast,Northeast - Diagonal,Straight,10.0,User,75.61999704735713,27.34153922547877,892.61,1.5,2.333,6.0,6.0,4.667,5.5,81.0,97.333,35.667,90.0,100.0,96.0,87.667,91.5,1.0,86.143,94.0,19.0
007,High,2024-5-21,15,12,59,10,15:21:26,15:22:08,120,3198.87,715.23,5480.98,1747.77,5.23,-4.06,15.21,4.67,True,10,10,10,10,27,1,2,Frequently,Very Inexperienced,Unfamiliar,Never,1.857,3.5,5.583,81,91,31.5,1.125,0.093,Straight,West,West - Straight,Straight,10.0,AGV,68.9534021906426,233.31376334493308,574.26,1.5,2.333,6.0,6.0,4.667,5.5,81.0,97.333,35.667,90.0,100.0,96.0,87.667,91.5,1.0,86.143,94.0,19.0
007,High,2024-5-21,15,12,59,11,15:22:12,15:22:55,31,3792.53,643.67,6150.64,2056.88,4.47,-5.31,15.22,4.82,True,10,10,10,10,27,1,2,Frequently,Very Inexperienced,Unfamiliar,Never,1.857,3.5,5.583,81,91,31.5,1.125,0.024,Diagonal,East,East - Diagonal,Complex,10.0,User,85.98307842082997,92.63789457982035,293.25,1.5,2.333,6.0,6.0,4.667,5.5,81.0,97.333,35.667,90.0,100.0,96.0,87.667,91.5,1.0,86.143,94.0,19.0
007,High,2024-5-21,15,12,59,12,15:22:59,15:23:56,17,2346.9,618.73,3997.27,1272.41,3.7,-1.94,15.23,3.96,True,10,10,10,10,27,1,2,Frequently,Very Inexperienced,Unfamiliar,Never,1.857,3.5,5.583,81,91,31.5,1.125,0.017,Straight,Southeast,Southeast - Straight,Complex,10.0,User,104.92289197255182,125.68916733065922,410.63,1.5,2.333,6.0,6.0,4.667,5.5,81.0,97.333,35.667,90.0,100.0,96.0,87.667,91.5,1.0,86.143,94.0,19.0
007,High,2024-5-21,15,12,59,13,15:24:01,15:24:29,0,1975.7,1378.69,3201.94,474.58,4.97,-0.0,10.45,1.03,True,10,10,10,10,27,1,2,Frequently,Very Inexperienced,Unfamiliar,Never,1.857,3.5,5.583,81,91,31.5,1.125,0.0,Straight,Southwest,Southwest - Straight,Complex,10.0,User,83.58927937365294,219.34172121501436,124.96,1.5,2.333,6.0,6.0,4.667,5.5,81.0,97.333,35.667,90.0,100.0,96.0,87.667,91.5,1.0,86.143,94.0,19.0
007,High,2024-5-21,15,12,59,14,15:24:33,15:25:10,0,1849.73,668.99,4743.49,1103.88,5.86,-3.69,15.21,2.87,True,10,10,10,10,27,1,2,Frequently,Very Inexperienced,Unfamiliar,Never,1.857,3.5,5.583,81,91,31.5,1.125,0.0,Diagonal,Southeast,Southeast - Diagonal,Straight,10.0,User,97.66029667995521,262.3722628724289,316.52,1.5,2.333,6.0,6.0,4.667,5.5,81.0,97.333,35.667,90.0,100.0,96.0,87.667,91.5,1.0,86.143,94.0,19.0
007,High,2024-5-21,15,12,59,15,15:25:14,15:25:42,0,3077.61,950.84,6799.87,1824.47,7.76,-4.56,15.24,4.8,True,10,10,10,10,27,1,2,Frequently,Very Inexperienced,Unfamiliar,Never,1.857,3.5,5.583,81,91,31.5,1.125,0.0,Straight,North,North - Straight,Straight,10.0,N\A,82.6291476966837,125.90389291819233,136.93,1.5,2.333,6.0,6.0,4.667,5.5,81.0,97.333,35.667,90.0,100.0,96.0,87.667,91.5,1.0,86.143,94.0,19.0
007,High,2024-5-21,15,12,59,16,15:25:45,15:26:31,190,2978.97,930.07,5503.39,1186.8,4.04,-0.01,15.22,4.59,True,10,10,10,10,27,1,2,Frequently,Very Inexperienced,Unfamiliar,Never,1.857,3.5,5.583,81,91,31.5,1.125,0.082,Diagonal,West,West - Diagonal,Complex,10.0,AGV,80.63198538380001,136.30816817513306,707.09,1.5,2.333,6.0,6.0,4.667,5.5,81.0,97.333,35.667,90.0,100.0,96.0,87.667,91.5,1.0,86.143,94.0,19.0
007,Low,2024-5-21,14,34,5,1,14:34:28,14:36:19,179,8272.18,627.57,12297.76,3628.48,4.24,-3.42,15.23,5.8,True,6,7,7,9,27,1,2,Frequently,Very Inexperienced,Unfamiliar,Never,1.857,3.5,5.583,61,71,42.667,1.25,0.054,Straight,South,South - Straight,Straight,,AGV,33.27668798705109,80.52064214211275,330.38,1.5,2.333,6.0,6.0,4.667,5.5,61.714,83.333,39.667,70.0,50.0,66.5,57.333,71.917,3.4,54.286,93.0,32.6
007,Low,2024-5-21,14,34,5,2,14:36:38,14:37:46,0,2679.21,970.2,4387.18,915.02,3.18,-4.45,15.22,3.79,True,8,8,8,10,27,1,2,Frequently,Very Inexperienced,Unfamiliar,Never,1.857,3.5,5.583,61,71,42.667,1.25,0.067,Diagonal,North,North - Diagonal,Complex,6.0,N\A,33.98244843436204,136.20667789152463,157.55,1.5,2.333,6.0,6.0,4.667,5.5,61.714,83.333,39.667,70.0,50.0,66.5,57.333,71.917,3.4,54.286,93.0,32.6
007,Low,2024-5-21,14,34,5,3,14:37:53,14:39:02,199,3700.19,732.33,5612.2,1653.92,2.74,-5.66,15.22,4.13,True,8,8,8,10,27,1,2,Frequently,Very Inexperienced,Unfamiliar,Never,1.857,3.5,5.583,61,71,42.667,1.25,0.11,Diagonal,South,South - Diagonal,Complex,8.0,AGV,52.54566168308742,99.1118125545319,237.1,1.5,2.333,6.0,6.0,4.667,5.5,61.714,83.333,39.667,70.0,50.0,66.5,57.333,71.917,3.4,54.286,93.0,32.6
007,Low,2024-5-21,14,34,5,4,14:39:09,14:39:50,71,5105.1,1104.4,11801.6,3698.48,8.87,-3.8,15.22,5.52,True,8,8,8,10,27,1,2,Frequently,Very Inexperienced,Unfamiliar,Never,1.857,3.5,5.583,61,71,42.667,1.25,0.096,Straight,Northeast,Northeast - Straight,Complex,8.0,AGV,57.58530688780156,293.45740655079493,214.41,1.5,2.333,6.0,6.0,4.667,5.5,61.714,83.333,39.667,70.0,50.0,66.5,57.333,71.917,3.4,54.286,93.0,32.6
007,Low,2024-5-21,14,34,5,5,14:40:01,14:41:19,28,3984.44,2629.87,7580.3,902.72,2.44,-0.06,15.36,5.34,True,9,8,8,10,27,1,2,Frequently,Very Inexperienced,Unfamiliar,Never,1.857,3.5,5.583,61,71,42.667,1.25,0.025,Straight,Northwest,Northwest - Straight,Complex,8.0,AGV,76.8450346281312,79.67678286710857,221.38,1.5,2.333,6.0,6.0,4.667,5.5,61.714,83.333,39.667,70.0,50.0,66.5,57.333,71.917,3.4,54.286,93.0,32.6
007,Low,2024-5-21,14,34,5,6,14:41:28,14:42:28,61,3170.8,1583.0,5217.25,865.72,3.18,-4.56,15.23,4.67,True,9,8,8,10,27,1,2,Frequently,Very Inexperienced,Unfamiliar,Never,1.857,3.5,5.583,61,71,42.667,1.25,0.088,Diagonal,Northwest,Northwest - Diagonal,Complex,9.0,AGV,60.402774908073376,95.31533102454945,230.43,1.5,2.333,6.0,6.0,4.667,5.5,61.714,83.333,39.667,70.0,50.0,66.5,57.333,71.917,3.4,54.286,93.0,32.6
007,Low,2024-5-21,14,34,5,7,14:42:35,14:43:44,300,4162.77,1087.05,5615.96,1720.05,3.18,-4.37,15.21,4.47,True,9,9,9,10,27,1,2,Frequently,Very Inexperienced,Unfamiliar,Never,1.857,3.5,5.583,61,71,42.667,1.25,0.132,Straight,East,East - Straight,Straight,9.0,AGV,41.079785877653784,142.01806177646023,239.12,1.5,2.333,6.0,6.0,4.667,5.5,61.714,83.333,39.667,70.0,50.0,66.5,57.333,71.917,3.4,54.286,93.0,32.6
007,Low,2024-5-21,14,34,5,8,14:43:49,14:44:46,453,2604.42,715.03,4486.64,1139.7,3.83,-4.44,15.22,4.14,True,9,9,9,10,27,1,2,Frequently,Very Inexperienced,Unfamiliar,Never,1.857,3.5,5.583,61,71,42.667,1.25,0.158,Diagonal,Southwest,Southwest - Diagonal,Straight,9.0,AGV,64.92804276483369,167.212961256948,124.95,1.5,2.333,6.0,6.0,4.667,5.5,61.714,83.333,39.667,70.0,50.0,66.5,57.333,71.917,3.4,54.286,93.0,32.6
007,Low,2024-5-21,14,34,5,9,14:44:49,14:45:55,217,4454.53,1129.01,6931.56,1678.75,3.33,-4.43,15.22,4.92,True,10,10,10,10,27,1,2,Frequently,Very Inexperienced,Unfamiliar,Never,1.857,3.5,5.583,61,71,42.667,1.25,0.097,Diagonal,Northeast,Northeast - Diagonal,Straight,9.0,AGV,55.999399607942856,77.56593673540345,204.04,1.5,2.333,6.0,6.0,4.667,5.5,61.714,83.333,39.667,70.0,50.0,66.5,57.333,71.917,3.4,54.286,93.0,32.6
007,Low,2024-5-21,14,34,5,10,14:46:00,14:47:06,19,4079.03,1471.48,5660.44,1690.6,3.36,-4.43,15.22,4.44,True,10,10,10,10,27,1,2,Frequently,Very Inexperienced,Unfamiliar,Never,1.857,3.5,5.583,61,71,42.667,1.25,0.048,Straight,West,West - Straight,Straight,10.0,AGV,43.878229706805314,104.61285194204562,418.05,1.5,2.333,6.0,6.0,4.667,5.5,61.714,83.333,39.667,70.0,50.0,66.5,57.333,71.917,3.4,54.286,93.0,32.6
007,Low,2024-5-21,14,34,5,11,14:47:09,14:48:18,828,3417.65,521.39,6193.98,2349.47,2.77,-6.99,15.22,4.83,True,7,6,6,8,27,1,2,Frequently,Very Inexperienced,Unfamiliar,Never,1.857,3.5,5.583,61,71,42.667,1.25,0.194,Diagonal,East,East - Diagonal,Complex,10.0,User,53.34322982438802,77.96954135280174,206.73,1.5,2.333,6.0,6.0,4.667,5.5,61.714,83.333,39.667,70.0,50.0,66.5,57.333,71.917,3.4,54.286,93.0,32.6
007,Low,2024-5-21,14,34,5,12,14:48:24,14:49:35,243,2565.67,858.6,4140.08,1262.72,2.97,-3.44,11.96,2.69,True,9,9,9,10,27,1,2,Frequently,Very Inexperienced,Unfamiliar,Never,1.857,3.5,5.583,61,71,42.667,1.25,0.12,Straight,Southeast,Southeast - Straight,Complex,7.0,AGV,83.7608271180615,101.29205607692865,404.17,1.5,2.333,6.0,6.0,4.667,5.5,61.714,83.333,39.667,70.0,50.0,66.5,57.333,71.917,3.4,54.286,93.0,32.6
007,Low,2024-5-21,14,34,5,13,14:49:42,14:50:35,429,4682.66,533.19,11899.56,4230.52,6.98,-3.1,15.22,5.17,True,9,9,9,10,27,1,2,Frequently,Very Inexperienced,Unfamiliar,Never,1.857,3.5,5.583,61,71,42.667,1.25,0.196,Straight,Southwest,Southwest - Straight,Complex,9.0,AGV,43.6199370966947,241.39955921197142,227.05,1.5,2.333,6.0,6.0,4.667,5.5,61.714,83.333,39.667,70.0,50.0,66.5,57.333,71.917,3.4,54.286,93.0,32.6
007,Low,2024-5-21,14,34,5,14,14:50:39,14:51:33,463,2538.09,935.28,4588.18,1005.14,4.03,-4.47,15.24,4.1,True,10,10,10,10,27,1,2,Frequently,Very Inexperienced,Unfamiliar,Never,1.857,3.5,5.583,61,71,42.667,1.25,0.207,Diagonal,Southeast,Southeast - Diagonal,Straight,9.0,AGV,66.92898705760211,128.3188668953488,557.57,1.5,2.333,6.0,6.0,4.667,5.5,61.714,83.333,39.667,70.0,50.0,66.5,57.333,71.917,3.4,54.286,93.0,32.6
007,Low,2024-5-21,14,34,5,15,14:51:36,14:52:19,234,3933.03,733.78,6653.86,1922.33,5.08,-4.43,15.21,5.43,True,10,10,10,10,27,1,2,Frequently,Very Inexperienced,Unfamiliar,Never,1.857,3.5,5.583,61,71,42.667,1.25,0.163,Straight,North,North - Straight,Straight,10.0,N\A,53.85298100123732,225.84270263494557,279.26,1.5,2.333,6.0,6.0,4.667,5.5,61.714,83.333,39.667,70.0,50.0,66.5,57.333,71.917,3.4,54.286,93.0,32.6
007,Low,2024-5-21,14,34,5,16,14:52:24,14:53:13,199,3034.13,1359.03,5622.03,1046.6,3.84,-0.17,15.25,4.51,True,10,10,10,10,27,1,2,Frequently,Very Inexperienced,Unfamiliar,Never,1.857,3.5,5.583,61,71,42.667,1.25,0.092,Diagonal,West,West - Diagonal,Complex,10.0,AGV,77.19962853049864,120.34801590805698,257.37,1.5,2.333,6.0,6.0,4.667,5.5,61.714,83.333,39.667,70.0,50.0,66.5,57.333,71.917,3.4,54.286,93.0,32.6
008,High,2024-5-22,11,38,41,1,11:39:04,11:40:49,155,7561.61,752.25,11921.81,3455.78,4.47,-3.42,15.26,5.82,True,7,7,7,2,28,1,6,Very rarely,Unfamiliar,Unfamiliar,Never,4.286,3.833,5.667,92,83,28.667,1.062,0.05,Straight,South,South - Straight,Straight,,N\A,34.708761852413126,85.21639959457238,1544.65,5.5,2.667,7.0,6.667,4.0,4.0,92.143,93.333,91.667,92.5,100.0,82.5,95.0,83.917,15.6,83.571,100.0,14.4
008,High,2024-5-22,11,38,41,2,11:41:05,11:42:27,0,2649.16,1174.85,4547.2,780.82,2.63,-3.34,15.21,3.3,True,9,10,10,10,28,1,6,Very rarely,Unfamiliar,Unfamiliar,Never,4.286,3.833,5.667,92,83,28.667,1.062,0.022,Diagonal,North,North - Diagonal,Complex,7.0,N\A,27.857812666599173,102.1926916771009,678.38,5.5,2.667,7.0,6.667,4.0,4.0,92.143,93.333,91.667,92.5,100.0,82.5,95.0,83.917,15.6,83.571,100.0,14.4
008,High,2024-5-22,11,38,41,3,11:42:35,11:43:52,256,4394.15,901.59,6908.13,1789.5,2.44,-5.43,15.23,4.35,True,10,10,10,10,28,1,6,Very rarely,Unfamiliar,Unfamiliar,Never,4.286,3.833,5.667,92,83,28.667,1.062,0.11,Diagonal,South,South - Diagonal,Complex,9.0,AGV,47.71461241064955,88.6678993284293,1089.64,5.5,2.667,7.0,6.667,4.0,4.0,92.143,93.333,91.667,92.5,100.0,82.5,95.0,83.917,15.6,83.571,100.0,14.4
008,High,2024-5-22,11,38,41,4,11:44:04,11:45:35,218,8749.49,1298.06,11974.93,4132.61,4.03,-3.78,15.24,5.76,True,8,9,10,10,28,1,6,Very rarely,Unfamiliar,Unfamiliar,Never,4.286,3.833,5.667,92,83,28.667,1.062,0.113,Straight,Northeast,Northeast - Straight,Complex,10.0,AGV,26.018851565693264,127.4967591335769,759.82,5.5,2.667,7.0,6.667,4.0,4.0,92.143,93.333,91.667,92.5,100.0,82.5,95.0,83.917,15.6,83.571,100.0,14.4
008,High,2024-5-22,11,38,41,5,11:45:42,11:47:25,5,3698.36,2470.76,7550.52,947.79,1.84,-0.09,15.26,4.77,True,10,10,10,10,28,1,6,Very rarely,Unfamiliar,Unfamiliar,Never,4.286,3.833,5.667,92,83,28.667,1.062,0.01,Straight,Northwest,Northwest - Straight,Complex,8.0,AGV,57.93022454136026,60.451163152720476,559.92,5.5,2.667,7.0,6.667,4.0,4.0,92.143,93.333,91.667,92.5,100.0,82.5,95.0,83.917,15.6,83.571,100.0,14.4
008,High,2024-5-22,11,38,41,6,11:47:29,11:48:44,59,3445.08,1926.65,5362.69,832.39,2.55,-3.35,15.23,4.52,True,10,10,10,10,28,1,6,Very rarely,Unfamiliar,Unfamiliar,Never,4.286,3.833,5.667,92,83,28.667,1.062,0.055,Diagonal,Northwest,Northwest - Diagonal,Complex,10.0,AGV,49.13456737173777,70.73501757995069,159.85,5.5,2.667,7.0,6.667,4.0,4.0,92.143,93.333,91.667,92.5,100.0,82.5,95.0,83.917,15.6,83.571,100.0,14.4
008,High,2024-5-22,11,38,41,7,11:48:52,11:50:17,102,4314.84,1512.8,5422.9,1507.99,2.6,-4.42,15.22,4.18,True,10,10,10,10,28,1,6,Very rarely,Unfamiliar,Unfamiliar,Never,4.286,3.833,5.667,92,83,28.667,1.062,0.093,Straight,East,East - Straight,Straight,10.0,AGV,33.71440937795942,115.21339280275882,277.24,5.5,2.667,7.0,6.667,4.0,4.0,92.143,93.333,91.667,92.5,100.0,82.5,95.0,83.917,15.6,83.571,100.0,14.4
008,High,2024-5-22,11,38,41,8,11:50:25,11:51:43,293,2950.15,722.81,4630.22,1089.11,2.79,-4.17,15.21,3.91,True,10,10,10,10,28,1,6,Very rarely,Unfamiliar,Unfamiliar,Never,4.286,3.833,5.667,92,83,28.667,1.062,0.093,Diagonal,Southwest,Southwest - Diagonal,Straight,10.0,AGV,47.279166669097705,70.28430737872627,228.29,5.5,2.667,7.0,6.667,4.0,4.0,92.143,93.333,91.667,92.5,100.0,82.5,95.0,83.917,15.6,83.571,100.0,14.4
008,High,2024-5-22,11,38,41,9,11:51:48,11:53:17,126,4485.55,1643.24,7065.3,1391.18,2.47,-4.4,15.22,4.42,True,10,10,10,10,28,1,6,Very rarely,Unfamiliar,Unfamiliar,Never,4.286,3.833,5.667,92,83,28.667,1.062,0.06,Diagonal,Northeast,Northeast - Diagonal,Straight,10.0,AGV,41.62694450080852,109.84360797649504,155.83,5.5,2.667,7.0,6.667,4.0,4.0,92.143,93.333,91.667,92.5,100.0,82.5,95.0,83.917,15.6,83.571,100.0,14.4
008,High,2024-5-22,11,38,41,10,11:53:31,11:54:40,64,4114.61,1344.72,5465.94,1620.94,3.16,-4.44,15.22,4.46,True,10,10,10,10,28,1,6,Very rarely,Unfamiliar,Unfamiliar,Never,4.286,3.833,5.667,92,83,28.667,1.062,0.07,Straight,West,West - Straight,Straight,10.0,AGV,42.4979597189046,140.6962674902523,202.6,5.5,2.667,7.0,6.667,4.0,4.0,92.143,93.333,91.667,92.5,100.0,82.5,95.0,83.917,15.6,83.571,100.0,14.4
008,High,2024-5-22,11,38,41,11,11:54:47,11:56:25,1584,4070.24,285.55,6157.1,2299.2,1.96,-5.22,15.22,4.16,True,8,8,8,6,28,1,6,Very rarely,Unfamiliar,Unfamiliar,Never,4.286,3.833,5.667,92,83,28.667,1.062,0.282,Diagonal,East,East - Diagonal,Complex,10.0,User,36.92271695815477,46.64901476540935,762.53,5.5,2.667,7.0,6.667,4.0,4.0,92.143,93.333,91.667,92.5,100.0,82.5,95.0,83.917,15.6,83.571,100.0,14.4
008,High,2024-5-22,11,38,41,12,11:56:33,11:58:00,156,3325.52,1171.19,5092.93,1532.13,2.79,-0.01,14.02,2.75,True,10,10,10,10,28,1,6,Very rarely,Unfamiliar,Unfamiliar,Never,4.286,3.833,5.667,92,83,28.667,1.062,0.089,Straight,Southeast,Southeast - Straight,Complex,8.0,AGV,69.45012800575117,72.55107547074977,154.55,5.5,2.667,7.0,6.667,4.0,4.0,92.143,93.333,91.667,92.5,100.0,82.5,95.0,83.917,15.6,83.571,100.0,14.4
008,High,2024-5-22,11,38,41,13,11:58:07,11:59:29,1069,6704.91,426.28,11876.76,4951.22,4.48,-3.5,15.25,5.91,True,9,9,9,8,28,1,6,Very rarely,Unfamiliar,Unfamiliar,Never,4.286,3.833,5.667,92,83,28.667,1.062,0.209,Straight,Southwest,Southwest - Straight,Complex,10.0,User,28.319502997038214,143.22666532625357,665.45,5.5,2.667,7.0,6.667,4.0,4.0,92.143,93.333,91.667,92.5,100.0,82.5,95.0,83.917,15.6,83.571,100.0,14.4
008,High,2024-5-22,11,38,41,14,11:59:35,12:00:47,280,2827.61,1515.58,4754.46,783.32,2.99,-4.46,15.21,3.91,True,10,10,10,10,28,1,6,Very rarely,Unfamiliar,Unfamiliar,Never,4.286,3.833,5.667,92,83,28.667,1.062,0.165,Diagonal,Southeast,Southeast - Diagonal,Straight,9.0,AGV,50.353920244226394,93.09490874713953,111.31,5.5,2.667,7.0,6.667,4.0,4.0,92.143,93.333,91.667,92.5,100.0,82.5,95.0,83.917,15.6,83.571,100.0,14.4
008,High,2024-5-22,11,38,41,15,12:00:55,12:01:56,364,4131.47,846.1,6799.07,1768.52,3.57,-4.56,15.26,4.83,True,10,10,10,10,28,1,6,Very rarely,Unfamiliar,Unfamiliar,Never,4.286,3.833,5.667,92,83,28.667,1.062,0.114,Straight,North,North - Straight,Straight,10.0,N\A,37.4168962659114,136.58085918299508,161.35,5.5,2.667,7.0,6.667,4.0,4.0,92.143,93.333,91.667,92.5,100.0,82.5,95.0,83.917,15.6,83.571,100.0,14.4
008,High,2024-5-22,11,38,41,16,12:02:08,12:03:09,27,3492.38,1919.3,5494.04,851.05,3.07,-0.01,15.22,4.75,True,10,10,10,10,28,1,6,Very rarely,Unfamiliar,Unfamiliar,Never,4.286,3.833,5.667,92,83,28.667,1.062,0.048,Diagonal,West,West - Diagonal,Complex,10.0,AGV,59.78761460071157,102.92913158036167,216.04,5.5,2.667,7.0,6.667,4.0,4.0,92.143,93.333,91.667,92.5,100.0,82.5,95.0,83.917,15.6,83.571,100.0,14.4
008,Low,2024-5-22,12,12,55,1,12:13:16,12:14:25,422,7013.97,629.89,12021.82,3817.67,6.8,-3.36,15.25,6.16,True,10,10,10,10,28,1,6,Very rarely,Unfamiliar,Unfamiliar,Never,4.286,3.833,5.667,83,89,30.333,1.188,0.114,Straight,South,South - Straight,Straight,8.3,AGV,53.60681612256999,107.24924554957684,125.51,5.5,2.667,7.0,6.667,4.0,4.0,83.857,96.667,34.667,97.5,100.0,97.5,96.667,89.833,2.4,84.286,100.0,16.4
008,Low,2024-5-22,12,12,55,2,12:14:35,12:15:32,0,2338.6,1089.88,4479.59,960.98,3.87,-3.41,15.2,3.71,True,10,10,10,10,28,1,6,Very rarely,Unfamiliar,Unfamiliar,Never,4.286,3.833,5.667,83,89,30.333,1.188,0.016,Diagonal,North,North - Diagonal,Complex,10.0,N\A,41.26443872998871,154.3979712458255,268.63,5.5,2.667,7.0,6.667,4.0,4.0,83.857,96.667,34.667,97.5,100.0,97.5,96.667,89.833,2.4,84.286,100.0,16.4
008,Low,2024-5-22,12,12,55,3,12:15:39,12:16:43,400,3826.76,829.78,5988.29,1783.51,2.94,-5.41,15.22,4.34,True,10,10,10,10,28,1,6,Very rarely,Unfamiliar,Unfamiliar,Never,4.286,3.833,5.667,83,89,30.333,1.188,0.141,Diagonal,South,South - Diagonal,Complex,10.0,AGV,56.9042593910751,106.71919728883293,470.22,5.5,2.667,7.0,6.667,4.0,4.0,83.857,96.667,34.667,97.5,100.0,97.5,96.667,89.833,2.4,84.286,100.0,16.4
008,Low,2024-5-22,12,12,55,4,12:16:52,12:17:51,176,7078.66,1246.95,11785.3,4351.53,6.18,-2.53,15.22,6.12,True,10,10,10,10,28,1,6,Very rarely,Unfamiliar,Unfamiliar,Never,4.286,3.833,5.667,83,89,30.333,1.188,0.097,Straight,Northeast,Northeast - Straight,Complex,10.0,AGV,39.6626516175312,222.7101661294076,249.96,5.5,2.667,7.0,6.667,4.0,4.0,83.857,96.667,34.667,97.5,100.0,97.5,96.667,89.833,2.4,84.286,100.0,16.4
008,Low,2024-5-22,12,12,55,5,12:17:59,12:19:12,21,3801.12,2613.05,7559.4,988.84,2.59,-0.04,15.35,5.48,True,10,10,10,10,28,1,6,Very rarely,Unfamiliar,Unfamiliar,Never,4.286,3.833,5.667,83,89,30.333,1.188,0.015,Straight,Northwest,Northwest - Straight,Complex,10.0,AGV,82.12890851549749,101.17694156298464,168.17,5.5,2.667,7.0,6.667,4.0,4.0,83.857,96.667,34.667,97.5,100.0,97.5,96.667,89.833,2.4,84.286,100.0,16.4
008,Low,2024-5-22,12,12,55,6,12:19:20,12:20:19,31,3048.68,1799.28,5354.15,779.0,3.21,-4.62,15.23,4.45,True,10,10,10,10,28,1,6,Very rarely,Unfamiliar,Unfamiliar,Never,4.286,3.833,5.667,83,89,30.333,1.188,0.067,Diagonal,Northwest,Northwest - Diagonal,Complex,10.0,AGV,62.476993686929255,111.18814163816327,499.49,5.5,2.667,7.0,6.667,4.0,4.0,83.857,96.667,34.667,97.5,100.0,97.5,96.667,89.833,2.4,84.286,100.0,16.4
008,Low,2024-5-22,12,12,55,7,12:20:28,12:21:19,115,3814.27,1364.24,5403.52,1650.63,4.27,-4.44,15.21,4.97,True,10,10,10,10,28,1,6,Very rarely,Unfamiliar,Unfamiliar,Never,4.286,3.833,5.667,83,89,30.333,1.188,0.143,Straight,East,East - Straight,Straight,10.0,AGV,56.11451406531634,165.42331412769212,124.8,5.5,2.667,7.0,6.667,4.0,4.0,83.857,96.667,34.667,97.5,100.0,97.5,96.667,89.833,2.4,84.286,100.0,16.4
008,Low,2024-5-22,12,12,55,8,12:21:28,12:22:33,377,2797.65,1006.87,4614.37,994.24,3.35,-4.45,15.21,4.02,True,10,10,10,10,28,1,6,Very rarely,Unfamiliar,Unfamiliar,Never,4.286,3.833,5.667,83,89,30.333,1.188,0.162,Diagonal,Southwest,Southwest - Diagonal,Straight,10.0,AGV,56.821476364291705,99.33221759534578,294.28,5.5,2.667,7.0,6.667,4.0,4.0,83.857,96.667,34.667,97.5,100.0,97.5,96.667,89.833,2.4,84.286,100.0,16.4
008,Low,2024-5-22,12,12,55,9,12:22:45,12:23:50,37,4384.5,1704.86,7065.82,1467.75,3.4,-4.44,15.22,5.01,True,10,10,10,10,28,1,6,Very rarely,Unfamiliar,Unfamiliar,Never,4.286,3.833,5.667,83,89,30.333,1.188,0.038,Diagonal,Northeast,Northeast - Diagonal,Straight,10.0,AGV,56.9974503299683,150.5049014315052,312.47,5.5,2.667,7.0,6.667,4.0,4.0,83.857,96.667,34.667,97.5,100.0,97.5,96.667,89.833,2.4,84.286,100.0,16.4
008,Low,2024-5-22,12,12,55,10,12:23:56,12:25:03,91,4160.13,1708.71,5492.08,1456.83,3.26,-4.45,15.21,4.71,True,10,10,10,10,28,1,6,Very rarely,Unfamiliar,Unfamiliar,Never,4.286,3.833,5.667,83,89,30.333,1.188,0.087,Straight,West,West - Straight,Straight,10.0,AGV,42.9057004902398,138.7127421713039,626.64,5.5,2.667,7.0,6.667,4.0,4.0,83.857,96.667,34.667,97.5,100.0,97.5,96.667,89.833,2.4,84.286,100.0,16.4
008,Low,2024-5-22,12,12,55,11,12:25:11,12:26:24,973,3645.54,466.85,6217.27,2328.5,2.64,-12.11,15.25,4.83,True,10,10,10,10,28,1,6,Very rarely,Unfamiliar,Unfamiliar,Never,4.286,3.833,5.667,83,89,30.333,1.188,0.263,Diagonal,East,East - Diagonal,Complex,10.0,User,50.61172857019679,64.83078619667353,1118.04,5.5,2.667,7.0,6.667,4.0,4.0,83.857,96.667,34.667,97.5,100.0,97.5,96.667,89.833,2.4,84.286,100.0,16.4
008,Low,2024-5-22,12,12,55,12,12:26:32,12:27:53,123,2903.61,1343.11,4151.33,1146.12,2.6,-2.17,14.55,2.83,True,10,10,10,10,28,1,6,Very rarely,Unfamiliar,Unfamiliar,Never,4.286,3.833,5.667,83,89,30.333,1.188,0.095,Straight,Southeast,Southeast - Straight,Complex,10.0,AGV,74.08452384354318,104.83753266802151,830.54,5.5,2.667,7.0,6.667,4.0,4.0,83.857,96.667,34.667,97.5,100.0,97.5,96.667,89.833,2.4,84.286,100.0,16.4
008,Low,2024-5-22,12,12,55,13,12:28:01,12:28:50,14,4211.21,867.72,11738.29,3675.09,7.42,-3.67,15.22,4.96,True,10,10,10,10,28,1,6,Very rarely,Unfamiliar,Unfamiliar,Never,4.286,3.833,5.667,83,89,30.333,1.188,0.017,Straight,Southwest,Southwest - Straight,Complex,10.0,User,47.85715828794297,230.26405200538676,490.56,5.5,2.667,7.0,6.667,4.0,4.0,83.857,96.667,34.667,97.5,100.0,97.5,96.667,89.833,2.4,84.286,100.0,16.4
008,Low,2024-5-22,12,12,55,14,12:29:00,12:30:09,280,3089.49,1357.3,4752.91,965.69,3.17,-4.41,15.22,4.51,True,10,10,10,10,28,1,6,Very rarely,Unfamiliar,Unfamiliar,Never,4.286,3.833,5.667,83,89,30.333,1.188,0.162,Diagonal,Southeast,Southeast - Diagonal,Straight,10.0,AGV,52.78502083450058,124.98271596575759,791.12,5.5,2.667,7.0,6.667,4.0,4.0,83.857,96.667,34.667,97.5,100.0,97.5,96.667,89.833,2.4,84.286,100.0,16.4
008,Low,2024-5-22,12,12,55,15,12:30:18,12:31:14,19,4014.29,694.46,6797.9,1799.03,3.92,-4.03,15.24,4.95,True,10,10,10,10,28,1,6,Very rarely,Unfamiliar,Unfamiliar,Never,4.286,3.833,5.667,83,89,30.333,1.188,0.036,Straight,North,North - Straight,Straight,10.0,N\A,41.74241895334821,173.67794272989394,263.42,5.5,2.667,7.0,6.667,4.0,4.0,83.857,96.667,34.667,97.5,100.0,97.5,96.667,89.833,2.4,84.286,100.0,16.4
008,Low,2024-5-22,12,12,55,16,12:31:24,12:32:19,0,3227.65,1862.03,5475.6,802.27,3.41,-0.12,15.2,4.79,True,10,10,10,10,28,1,6,Very rarely,Unfamiliar,Unfamiliar,Never,4.286,3.833,5.667,83,89,30.333,1.188,0.0,Diagonal,West,West - Diagonal,Complex,10.0,AGV,66.4884834255775,110.66021180664158,493.81,5.5,2.667,7.0,6.667,4.0,4.0,83.857,96.667,34.667,97.5,100.0,97.5,96.667,89.833,2.4,84.286,100.0,16.4
009,High,2024-5-22,15,2,16,1,15:02:29,15:03:24,491,6866.47,740.46,12605.5,4259.93,8.47,-1.58,15.27,5.81,True,7,7,6,8,19,1,5,Never,Unfamiliar,Unfamiliar,Never,3.286,3.5,4.75,42,48,44.333,1.75,0.18,Straight,South,South - Straight,Straight,4.2,AGV,67.98942827219356,134.3864403523863,193.75,3.25,3.333,4.5,5.333,5.333,3.5,42.286,79.0,44.667,33.5,39.0,26.5,20.667,48.583,31.0,34.0,65.0,40.2
009,High,2024-5-22,15,2,16,2,15:03:29,15:04:42,0,2542.36,993.35,4679.07,885.82,3.02,-3.19,15.21,3.41,False,7,7,6,9,19,1,5,Never,Unfamiliar,Unfamiliar,Never,3.286,3.5,4.75,42,48,44.333,1.75,0.074,Diagonal,North,North - Diagonal,Complex,7.0,N\A,31.71041019095728,121.29148457399648,322.88,3.25,3.333,4.5,5.333,5.333,3.5,42.286,79.0,44.667,33.5,39.0,26.5,20.667,48.583,31.0,34.0,65.0,40.2
009,High,2024-5-22,15,2,16,3,15:04:51,15:05:40,611,2974.17,989.69,5150.92,1711.56,3.87,-5.46,15.21,3.86,True,8,7,7,9,19,1,5,Never,Unfamiliar,Unfamiliar,Never,3.286,3.5,4.75,42,48,44.333,1.75,0.314,Diagonal,South,South - Diagonal,Complex,7.0,AGV,71.48993720676876,139.46299213622459,226.53,3.25,3.333,4.5,5.333,5.333,3.5,42.286,79.0,44.667,33.5,39.0,26.5,20.667,48.583,31.0,34.0,65.0,40.2
009,High,2024-5-22,15,2,16,4,15:05:43,15:06:57,290,7834.94,1312.85,11951.37,4463.12,4.99,-2.63,15.22,5.9,False,8,9,8,9,19,1,5,Never,Unfamiliar,Unfamiliar,Never,3.286,3.5,4.75,42,48,44.333,1.75,0.13,Straight,Northeast,Northeast - Straight,Complex,8.0,AGV,30.111884423313946,174.8772724468864,170.27,3.25,3.333,4.5,5.333,5.333,3.5,42.286,79.0,44.667,33.5,39.0,26.5,20.667,48.583,31.0,34.0,65.0,40.2
009,High,2024-5-22,15,2,16,5,15:07:01,15:08:23,406,3467.56,832.82,7710.42,1227.35,2.57,-2.97,15.28,4.33,True,8,8,8,10,19,1,5,Never,Unfamiliar,Unfamiliar,Never,3.286,3.5,4.75,42,48,44.333,1.75,0.111,Straight,Northwest,Northwest - Straight,Complex,8.0,AGV,72.92946931542839,70.21690561668855,261.38,3.25,3.333,4.5,5.333,5.333,3.5,42.286,79.0,44.667,33.5,39.0,26.5,20.667,48.583,31.0,34.0,65.0,40.2
009,High,2024-5-22,15,2,16,6,15:08:26,15:09:18,419,2719.08,850.87,5521.83,1128.23,3.68,-1.72,15.24,4.11,True,9,9,8,10,19,1,5,Never,Unfamiliar,Unfamiliar,Never,3.286,3.5,4.75,42,48,44.333,1.75,0.196,Diagonal,Northwest,Northwest - Diagonal,Complex,8.0,AGV,70.94302493728122,62.02875466986934,230.62,3.25,3.333,4.5,5.333,5.333,3.5,42.286,79.0,44.667,33.5,39.0,26.5,20.667,48.583,31.0,34.0,65.0,40.2
009,High,2024-5-22,15,2,16,7,15:09:21,15:10:06,648,3292.0,705.36,5266.27,1731.07,4.88,-4.42,15.22,4.76,True,9,8,9,10,19,1,5,Never,Unfamiliar,Unfamiliar,Never,3.286,3.5,4.75,42,48,44.333,1.75,0.292,Straight,East,East - Straight,Straight,9.0,AGV,64.43216030465918,216.68787711814383,291.39,3.25,3.333,4.5,5.333,5.333,3.5,42.286,79.0,44.667,33.5,39.0,26.5,20.667,48.583,31.0,34.0,65.0,40.2
009,High,2024-5-22,15,2,16,8,15:10:10,15:11:10,465,2577.68,649.57,4769.73,1120.33,3.64,-4.37,15.22,5.14,True,4,4,8,6,19,1,5,Never,Unfamiliar,Unfamiliar,Never,3.286,3.5,4.75,42,48,44.333,1.75,0.154,Diagonal,Southwest,Southwest - Diagonal,Straight,9.0,User,63.82293612938586,133.50438716299658,275.04,3.25,3.333,4.5,5.333,5.333,3.5,42.286,79.0,44.667,33.5,39.0,26.5,20.667,48.583,31.0,34.0,65.0,40.2
009,High,2024-5-22,15,2,16,9,15:11:15,15:12:02,575,4115.03,306.47,7190.51,1938.7,4.71,-4.41,15.23,6.1,True,7,4,8,8,19,1,5,Never,Unfamiliar,Unfamiliar,Never,3.286,3.5,4.75,42,48,44.333,1.75,0.229,Diagonal,Northeast,Northeast - Diagonal,Straight,4.0,AGV,79.1919762347074,208.39560126651327,310.81,3.25,3.333,4.5,5.333,5.333,3.5,42.286,79.0,44.667,33.5,39.0,26.5,20.667,48.583,31.0,34.0,65.0,40.2
009,High,2024-5-22,15,2,16,10,15:12:05,15:12:48,285,3396.5,598.21,5296.89,1703.06,5.04,-4.47,15.21,4.97,True,7,5,8,10,19,1,5,Never,Unfamiliar,Unfamiliar,Never,3.286,3.5,4.75,42,48,44.333,1.75,0.13,Straight,West,West - Straight,Straight,7.0,AGV,67.82699934998958,193.1577546677734,262.07,3.25,3.333,4.5,5.333,5.333,3.5,42.286,79.0,44.667,33.5,39.0,26.5,20.667,48.583,31.0,34.0,65.0,40.2
009,High,2024-5-22,15,2,16,11,15:12:51,15:13:35,71,4560.78,1525.82,6325.63,1868.99,4.26,-5.21,15.24,5.27,True,7,6,8,9,19,1,5,Never,Unfamiliar,Unfamiliar,Never,3.286,3.5,4.75,42,48,44.333,1.75,0.104,Diagonal,East,East - Diagonal,Complex,7.0,AGV,83.75483852475892,133.13117580254368,221.93,3.25,3.333,4.5,5.333,5.333,3.5,42.286,79.0,44.667,33.5,39.0,26.5,20.667,48.583,31.0,34.0,65.0,40.2
009,High,2024-5-22,15,2,16,12,15:13:39,15:14:54,15,3423.21,1797.52,4132.13,853.79,2.81,-2.39,15.26,4.15,True,7,5,8,10,19,1,5,Never,Unfamiliar,Unfamiliar,Never,3.286,3.5,4.75,42,48,44.333,1.75,0.012,Straight,Southeast,Southeast - Straight,Complex,7.0,User,77.71185715335287,112.13943573194588,287.23,3.25,3.333,4.5,5.333,5.333,3.5,42.286,79.0,44.667,33.5,39.0,26.5,20.667,48.583,31.0,34.0,65.0,40.2
009,High,2024-5-22,15,2,16,13,15:15:02,15:15:36,28,2063.46,1243.84,4510.35,664.6,5.71,-0.0,15.21,2.61,True,6,6,8,10,19,1,5,Never,Unfamiliar,Unfamiliar,Never,3.286,3.5,4.75,42,48,44.333,1.75,0.026,Straight,Southwest,Southwest - Straight,Complex,7.0,User,66.49440009918716,213.96815784743904,325.79,3.25,3.333,4.5,5.333,5.333,3.5,42.286,79.0,44.667,33.5,39.0,26.5,20.667,48.583,31.0,34.0,65.0,40.2
009,High,2024-5-22,15,2,16,14,15:15:39,15:16:37,630,2420.99,772.74,4827.96,1031.19,3.78,-3.73,15.21,3.63,True,7,5,8,10,19,1,5,Never,Unfamiliar,Unfamiliar,Never,3.286,3.5,4.75,42,48,44.333,1.75,0.179,Diagonal,Southeast,Southeast - Diagonal,Straight,6.0,AGV,60.323289715094106,116.85474731610061,302.83,3.25,3.333,4.5,5.333,5.333,3.5,42.286,79.0,44.667,33.5,39.0,26.5,20.667,48.583,31.0,34.0,65.0,40.2
009,High,2024-5-22,15,2,16,15,15:16:57,15:17:28,284,3379.97,994.01,6907.67,1864.31,6.99,-4.52,15.21,5.17,True,6,6,8,9,19,1,5,Never,Unfamiliar,Unfamiliar,Never,3.286,3.5,4.75,42,48,44.333,1.75,0.229,Straight,North,North - Straight,Straight,7.0,N\A,74.7742506008732,313.09510429893595,164.97,3.25,3.333,4.5,5.333,5.333,3.5,42.286,79.0,44.667,33.5,39.0,26.5,20.667,48.583,31.0,34.0,65.0,40.2
009,High,2024-5-22,15,2,16,16,15:17:33,15:18:18,253,2793.91,808.17,5607.99,1209.08,4.16,-0.0,15.24,4.34,True,7,7,8,9,19,1,5,Never,Unfamiliar,Unfamiliar,Never,3.286,3.5,4.75,42,48,44.333,1.75,0.155,Diagonal,West,West - Diagonal,Complex,6.0,AGV,77.75229916228137,109.44753378214462,168.61,3.25,3.333,4.5,5.333,5.333,3.5,42.286,79.0,44.667,33.5,39.0,26.5,20.667,48.583,31.0,34.0,65.0,40.2
009,Low,2024-5-22,14,25,15,1,14:25:33,14:26:54,638,7421.26,318.37,12405.06,3997.89,5.82,-1.94,15.24,6.6,True,3,5,5,4,19,1,5,Never,Unfamiliar,Unfamiliar,Never,3.286,3.5,4.75,43,48,38.667,1.625,0.117,Straight,South,South - Straight,Straight,,AGV,45.82296700407493,110.34524659183275,201.7,3.25,3.333,4.5,5.333,5.333,3.5,43.214,34.333,46.667,54.5,21.0,46.0,46.667,48.25,43.0,42.0,100.0,26.4
009,Low,2024-5-22,14,25,15,2,14:27:16,14:28:16,0,2327.21,1000.41,4544.21,993.12,3.61,-3.48,15.21,3.36,True,7,7,7,8,19,1,5,Never,Unfamiliar,Unfamiliar,Never,3.286,3.5,4.75,43,48,38.667,1.625,0.07,Diagonal,North,North - Diagonal,Complex,3.0,N\A,38.400726240472345,153.06298308407264,297.97,3.25,3.333,4.5,5.333,5.333,3.5,43.214,34.333,46.667,54.5,21.0,46.0,46.667,48.25,43.0,42.0,100.0,26.4
009,Low,2024-5-22,14,25,15,3,14:28:26,14:29:40,25,4240.92,877.25,6427.71,1637.14,2.56,-5.33,15.22,4.45,True,7,8,8,4,19,1,5,Never,Unfamiliar,Unfamiliar,Never,3.286,3.5,4.75,43,48,38.667,1.625,0.014,Diagonal,South,South - Diagonal,Complex,7.0,AGV,48.655538342597815,92.39151103244423,540.13,3.25,3.333,4.5,5.333,5.333,3.5,43.214,34.333,46.667,54.5,21.0,46.0,46.667,48.25,43.0,42.0,100.0,26.4
009,Low,2024-5-22,14,25,15,4,14:29:46,14:30:51,191,7454.16,1068.31,11781.33,4383.57,5.7,-3.73,15.22,6.13,True,7,8,7,7,19,1,5,Never,Unfamiliar,Unfamiliar,Never,3.286,3.5,4.75,43,48,38.667,1.625,0.097,Straight,Northeast,Northeast - Straight,Complex,7.0,AGV,36.12490820680961,199.83421355737008,296.31,3.25,3.333,4.5,5.333,5.333,3.5,43.214,34.333,46.667,54.5,21.0,46.0,46.667,48.25,43.0,42.0,100.0,26.4
009,Low,2024-5-22,14,25,15,5,14:31:01,14:32:17,52,3554.73,1891.86,7499.11,1074.2,2.75,-4.51,15.25,4.7,True,7,8,8,9,19,1,5,Never,Unfamiliar,Unfamiliar,Never,3.286,3.5,4.75,43,48,38.667,1.625,0.056,Straight,Northwest,Northwest - Straight,Complex,7.0,AGV,78.25189158884295,83.90287415656952,191.02,3.25,3.333,4.5,5.333,5.333,3.5,43.214,34.333,46.667,54.5,21.0,46.0,46.667,48.25,43.0,42.0,100.0,26.4
009,Low,2024-5-22,14,25,15,6,14:32:23,14:33:18,191,2807.95,1284.87,5353.6,962.93,3.5,-1.79,15.24,4.28,True,8,8,8,9,19,1,5,Never,Unfamiliar,Unfamiliar,Never,3.286,3.5,4.75,43,48,38.667,1.625,0.107,Diagonal,Northwest,Northwest - Diagonal,Complex,7.0,AGV,66.50746305350386,112.57410560535902,311.69,3.25,3.333,4.5,5.333,5.333,3.5,43.214,34.333,46.667,54.5,21.0,46.0,46.667,48.25,43.0,42.0,100.0,26.4
009,Low,2024-5-22,14,25,15,7,14:33:26,14:34:29,220,3951.27,898.09,5427.23,1719.72,3.49,-4.47,15.21,4.6,True,9,8,8,9,19,1,5,Never,Unfamiliar,Unfamiliar,Never,3.286,3.5,4.75,43,48,38.667,1.625,0.06,Straight,East,East - Straight,Straight,8.0,AGV,45.04525083040246,141.5869607488529,136.26,3.25,3.333,4.5,5.333,5.333,3.5,43.214,34.333,46.667,54.5,21.0,46.0,46.667,48.25,43.0,42.0,100.0,26.4
009,Low,2024-5-22,14,25,15,8,14:34:34,14:36:05,538,2811.49,649.13,4606.77,1076.97,2.4,-4.33,15.22,3.39,True,8,9,8,9,19,1,5,Never,Unfamiliar,Unfamiliar,Never,3.286,3.5,4.75,43,48,38.667,1.625,0.137,Diagonal,Southwest,Southwest - Diagonal,Straight,9.0,AGV,40.433267669592176,51.62706953104625,393.43,3.25,3.333,4.5,5.333,5.333,3.5,43.214,34.333,46.667,54.5,21.0,46.0,46.667,48.25,43.0,42.0,100.0,26.4
009,Low,2024-5-22,14,25,15,9,14:36:10,14:37:21,48,4648.18,1579.43,7066.59,1405.71,3.09,-4.48,15.21,5.08,True,8,8,9,9,19,1,5,Never,Unfamiliar,Unfamiliar,Never,3.286,3.5,4.75,43,48,38.667,1.625,0.041,Diagonal,Northeast,Northeast - Diagonal,Straight,8.0,AGV,51.9340740321787,104.50307834058863,236.28,3.25,3.333,4.5,5.333,5.333,3.5,43.214,34.333,46.667,54.5,21.0,46.0,46.667,48.25,43.0,42.0,100.0,26.4
009,Low,2024-5-22,14,25,15,10,14:37:26,14:38:29,0,4106.8,1619.34,5456.68,1555.98,3.51,-4.45,15.24,4.68,True,9,8,8,10,19,1,5,Never,Unfamiliar,Unfamiliar,Never,3.286,3.5,4.75,43,48,38.667,1.625,0.0,Straight,West,West - Straight,Straight,8.0,AGV,45.26111094893042,155.9375029526528,438.29,3.25,3.333,4.5,5.333,5.333,3.5,43.214,34.333,46.667,54.5,21.0,46.0,46.667,48.25,43.0,42.0,100.0,26.4
009,Low,2024-5-22,14,25,15,11,14:38:35,14:39:55,1630,3860.09,423.27,6146.44,2337.43,2.4,-5.44,15.22,4.49,True,6,6,5,3,19,1,5,Never,Unfamiliar,Unfamiliar,Never,3.286,3.5,4.75,43,48,38.667,1.625,0.326,Diagonal,East,East - Diagonal,Complex,9.0,User,46.137605247763744,59.22488070126585,992.51,3.25,3.333,4.5,5.333,5.333,3.5,43.214,34.333,46.667,54.5,21.0,46.0,46.667,48.25,43.0,42.0,100.0,26.4
009,Low,2024-5-22,14,25,15,12,14:40:00,14:41:19,412,2807.95,792.38,4006.94,1243.23,2.66,-3.09,14.86,2.87,True,6,5,4,6,19,1,5,Never,Unfamiliar,Unfamiliar,Never,3.286,3.5,4.75,43,48,38.667,1.625,0.195,Straight,Southeast,Southeast - Straight,Complex,6.0,AGV,75.74810376867994,91.12645171059336,529.89,3.25,3.333,4.5,5.333,5.333,3.5,43.214,34.333,46.667,54.5,21.0,46.0,46.667,48.25,43.0,42.0,100.0,26.4
009,Low,2024-5-22,14,25,15,13,14:41:24,14:42:35,549,6405.69,611.91,11823.66,4766.12,5.17,-2.37,15.23,5.33,True,6,5,5,7,19,1,5,Never,Unfamiliar,Unfamiliar,Never,3.286,3.5,4.75,43,48,38.667,1.625,0.16,Straight,Southwest,Southwest - Straight,Complex,6.0,AGV,32.6656815548525,185.89023079813907,253.64,3.25,3.333,4.5,5.333,5.333,3.5,43.214,34.333,46.667,54.5,21.0,46.0,46.667,48.25,43.0,42.0,100.0,26.4
009,Low,2024-5-22,14,25,15,14,14:42:39,14:43:48,783,2635.95,1207.02,4761.32,899.6,3.14,-3.63,15.21,3.59,True,6,7,6,8,19,1,5,Never,Unfamiliar,Unfamiliar,Never,3.286,3.5,4.75,43,48,38.667,1.625,0.23,Diagonal,Southeast,Southeast - Diagonal,Straight,6.0,AGV,52.22496009862793,131.16060789471393,324.49,3.25,3.333,4.5,5.333,5.333,3.5,43.214,34.333,46.667,54.5,21.0,46.0,46.667,48.25,43.0,42.0,100.0,26.4
009,Low,2024-5-22,14,25,15,15,14:43:54,14:44:40,205,4206.93,682.5,6780.79,1770.05,4.73,-4.48,15.22,5.66,True,7,7,7,8,19,1,5,Never,Unfamiliar,Unfamiliar,Never,3.286,3.5,4.75,43,48,38.667,1.625,0.078,Straight,North,North - Straight,Straight,6.0,N\A,49.84694356455881,106.92317312409112,204.0,3.25,3.333,4.5,5.333,5.333,3.5,43.214,34.333,46.667,54.5,21.0,46.0,46.667,48.25,43.0,42.0,100.0,26.4
009,Low,2024-5-22,14,25,15,16,14:44:46,14:45:41,262,2929.32,1021.59,5460.73,1050.76,3.44,-0.05,15.22,4.24,True,7,8,7,8,19,1,5,Never,Unfamiliar,Unfamiliar,Never,3.286,3.5,4.75,43,48,38.667,1.625,0.125,Diagonal,West,West - Diagonal,Complex,7.0,AGV,65.3193389002418,111.63034785324938,350.42,3.25,3.333,4.5,5.333,5.333,3.5,43.214,34.333,46.667,54.5,21.0,46.0,46.667,48.25,43.0,42.0,100.0,26.4
010,High,2024-5-22,17,4,58,1,17:05:26,17:07:19,561,7586.02,240.11,12573.81,3961.48,4.13,-2.34,15.24,6.03,True,6,7,6,7,37,1,3,Very rarely,Inexperienced,Neither Inexperienced or Experienced,Never,2.143,2.667,4.417,81,87,72.333,1.125,0.154,Straight,South,South - Straight,Straight,,User,33.15109406674948,79.07254216054949,375.35,2.5,1.667,4.75,4.667,3.667,4.5,81.214,87.667,68.0,80.0,72.0,94.0,83.333,87.583,6.0,83.0,95.0,67.8
010,High,2024-5-22,17,4,58,2,17:07:29,17:08:10,0,2224.65,909.57,4499.02,904.73,5.29,-3.49,15.22,2.85,True,7,7,7,7,37,1,3,Very rarely,Inexperienced,Neither Inexperienced or Experienced,Never,2.143,2.667,4.417,81,87,72.333,1.125,0.0,Diagonal,North,North - Diagonal,Complex,6.0,N\A,56.42404855659511,228.458556384704,182.98,2.5,1.667,4.75,4.667,3.667,4.5,81.214,87.667,68.0,80.0,72.0,94.0,83.333,87.583,6.0,83.0,95.0,67.8
010,High,2024-5-22,17,4,58,3,17:08:20,17:09:33,96,3485.69,812.94,4930.27,1747.43,2.56,-5.19,15.22,3.55,True,7,7,7,7,37,1,3,Very rarely,Inexperienced,Neither Inexperienced or Experienced,Never,2.143,2.667,4.417,81,87,72.333,1.125,0.07,Diagonal,South,South - Diagonal,Complex,7.0,AGV,49.49650427218747,91.494366383951,348.66,2.5,1.667,4.75,4.667,3.667,4.5,81.214,87.667,68.0,80.0,72.0,94.0,83.333,87.583,6.0,83.0,95.0,67.8
010,High,2024-5-22,17,4,58,4,17:09:45,17:10:53,153,7657.94,1553.62,11846.6,4300.13,5.46,-3.5,15.22,6.1,True,8,8,9,8,37,1,3,Very rarely,Inexperienced,Neither Inexperienced or Experienced,Never,2.143,2.667,4.417,81,87,72.333,1.125,0.086,Straight,Northeast,Northeast - Straight,Complex,7.0,AGV,34.16269332483863,197.39878020315086,170.16,2.5,1.667,4.75,4.667,3.667,4.5,81.214,87.667,68.0,80.0,72.0,94.0,83.333,87.583,6.0,83.0,95.0,67.8
010,High,2024-5-22,17,4,58,5,17:11:07,17:12:47,49,3526.97,1911.63,7525.47,954.25,2.09,-4.98,15.33,4.34,True,8,8,8,9,37,1,3,Very rarely,Inexperienced,Neither Inexperienced or Experienced,Never,2.143,2.667,4.417,81,87,72.333,1.125,0.042,Straight,Northwest,Northwest - Straight,Complex,8.0,AGV,60.252341587835815,62.175704840978575,690.09,2.5,1.667,4.75,4.667,3.667,4.5,81.214,87.667,68.0,80.0,72.0,94.0,83.333,87.583,6.0,83.0,95.0,67.8
010,High,2024-5-22,17,4,58,6,17:13:29,17:14:11,384,2481.74,779.37,5298.87,1214.78,4.56,-3.16,15.22,4.02,True,8,8,8,9,37,1,3,Very rarely,Inexperienced,Neither Inexperienced or Experienced,Never,2.143,2.667,4.417,81,87,72.333,1.125,0.216,Diagonal,Northwest,Northwest - Diagonal,Complex,8.0,AGV,85.5503025871107,156.68134084012877,280.59,2.5,1.667,4.75,4.667,3.667,4.5,81.214,87.667,68.0,80.0,72.0,94.0,83.333,87.583,6.0,83.0,95.0,67.8
010,High,2024-5-22,17,4,58,7,17:14:21,17:15:17,317,3805.77,816.44,5466.72,1774.07,3.88,-4.46,15.22,4.67,True,8,8,9,9,37,1,3,Very rarely,Inexperienced,Neither Inexperienced or Experienced,Never,2.143,2.667,4.417,81,87,72.333,1.125,0.138,Straight,East,East - Straight,Straight,8.0,AGV,51.10855280211608,116.52243559066892,427.86,2.5,1.667,4.75,4.667,3.667,4.5,81.214,87.667,68.0,80.0,72.0,94.0,83.333,87.583,6.0,83.0,95.0,67.8
010,High,2024-5-22,17,4,58,8,17:15:25,17:16:13,0,2317.48,838.26,4595.93,1054.36,4.62,-4.32,15.2,3.52,True,8,8,9,9,37,1,3,Very rarely,Inexperienced,Neither Inexperienced or Experienced,Never,2.143,2.667,4.417,81,87,72.333,1.125,0.0,Diagonal,Southwest,Southwest - Diagonal,Straight,8.0,User,77.94872940426336,203.67120401803686,213.98,2.5,1.667,4.75,4.667,3.667,4.5,81.214,87.667,68.0,80.0,72.0,94.0,83.333,87.583,6.0,83.0,95.0,67.8
010,High,2024-5-22,17,4,58,9,17:16:30,17:17:27,406,4284.15,1163.48,7030.99,1731.1,3.83,-4.43,15.21,5.12,True,8,8,9,9,37,1,3,Very rarely,Inexperienced,Neither Inexperienced or Experienced,Never,2.143,2.667,4.417,81,87,72.333,1.125,0.085,Diagonal,Northeast,Northeast - Diagonal,Straight,8.0,AGV,65.26549372659305,87.11970455863779,321.26,2.5,1.667,4.75,4.667,3.667,4.5,81.214,87.667,68.0,80.0,72.0,94.0,83.333,87.583,6.0,83.0,95.0,67.8
010,High,2024-5-22,17,4,58,10,17:18:26,17:19:28,537,3903.55,915.2,5504.78,1765.59,3.59,-4.02,15.22,4.49,True,8,8,8,9,37,1,3,Very rarely,Inexperienced,Neither Inexperienced or Experienced,Never,2.143,2.667,4.417,81,87,72.333,1.125,0.145,Straight,West,West - Straight,Straight,8.0,AGV,46.05513742224974,94.57555088507185,395.53,2.5,1.667,4.75,4.667,3.667,4.5,81.214,87.667,68.0,80.0,72.0,94.0,83.333,87.583,6.0,83.0,95.0,67.8
010,High,2024-5-22,17,4,58,11,17:19:35,17:20:39,554,4119.73,673.47,6167.2,2181.68,3.01,-5.8,15.21,4.83,True,8,8,8,9,37,1,3,Very rarely,Inexperienced,Neither Inexperienced or Experienced,Never,2.143,2.667,4.417,81,87,72.333,1.125,0.171,Diagonal,East,East - Diagonal,Complex,8.0,User,56.54131836532773,97.15420012296076,417.62,2.5,1.667,4.75,4.667,3.667,4.5,81.214,87.667,68.0,80.0,72.0,94.0,83.333,87.583,6.0,83.0,95.0,67.8
010,High,2024-5-22,17,4,58,12,17:20:45,17:22:10,517,2776.75,595.52,4181.97,1318.88,2.49,-2.84,10.54,2.6,True,8,8,8,9,37,1,3,Very rarely,Inexperienced,Neither Inexperienced or Experienced,Never,2.143,2.667,4.417,81,87,72.333,1.125,0.084,Straight,Southeast,Southeast - Straight,Complex,8.0,AGV,70.33171406546289,84.40387806286046,201.29,2.5,1.667,4.75,4.667,3.667,4.5,81.214,87.667,68.0,80.0,72.0,94.0,83.333,87.583,6.0,83.0,95.0,67.8
010,High,2024-5-22,17,4,58,13,17:22:21,17:23:03,0,2935.48,1006.69,9722.86,2233.89,7.58,-0.0,15.22,4.37,True,8,8,8,9,37,1,3,Very rarely,Inexperienced,Neither Inexperienced or Experienced,Never,2.143,2.667,4.417,81,87,72.333,1.125,0.0,Straight,Southwest,Southwest - Straight,Complex,8.0,User,52.6999644416543,305.96629749580984,185.77,2.5,1.667,4.75,4.667,3.667,4.5,81.214,87.667,68.0,80.0,72.0,94.0,83.333,87.583,6.0,83.0,95.0,67.8
010,High,2024-5-22,17,4,58,14,17:23:43,17:24:45,516,2563.62,804.41,4700.93,1028.05,3.49,-4.43,15.21,3.88,True,8,8,8,9,37,1,3,Very rarely,Inexperienced,Neither Inexperienced or Experienced,Never,2.143,2.667,4.417,81,87,72.333,1.125,0.169,Diagonal,Southeast,Southeast - Diagonal,Straight,8.0,AGV,57.28175474735393,140.6712703314626,461.68,2.5,1.667,4.75,4.667,3.667,4.5,81.214,87.667,68.0,80.0,72.0,94.0,83.333,87.583,6.0,83.0,95.0,67.8
010,High,2024-5-22,17,4,58,15,17:24:53,17:25:35,181,3987.63,990.07,6740.46,1819.88,5.28,-4.51,15.22,5.51,True,8,8,8,9,37,1,3,Very rarely,Inexperienced,Neither Inexperienced or Experienced,Never,2.143,2.667,4.417,81,87,72.333,1.125,0.143,Straight,North,North - Straight,Straight,8.0,N\A,54.77139710566177,231.7024337317029,141.89,2.5,1.667,4.75,4.667,3.667,4.5,81.214,87.667,68.0,80.0,72.0,94.0,83.333,87.583,6.0,83.0,95.0,67.8
010,High,2024-5-22,17,4,58,16,17:25:44,17:26:36,580,3250.85,1305.12,5524.02,1029.07,3.61,-0.12,15.24,4.75,True,8,8,8,9,37,1,3,Very rarely,Inexperienced,Neither Inexperienced or Experienced,Never,2.143,2.667,4.417,81,87,72.333,1.125,0.182,Diagonal,West,West - Diagonal,Complex,8.0,AGV,69.59740112195095,120.20758937840249,542.06,2.5,1.667,4.75,4.667,3.667,4.5,81.214,87.667,68.0,80.0,72.0,94.0,83.333,87.583,6.0,83.0,95.0,67.8
010,Low,2024-5-22,17,37,9,1,17:37:32,17:38:35,433,7571.18,529.41,12546.2,4191.57,7.42,-3.19,15.22,6.19,True,8,8,8,9,37,1,3,Very rarely,Inexperienced,Neither Inexperienced or Experienced,Never,2.143,2.667,4.417,87,91,63.0,1.125,0.129,Straight,South,South - Straight,Straight,8.7,AGV,59.1953669435514,141.88829938857597,657.88,2.5,1.667,4.75,4.667,3.667,4.5,87.714,89.333,80.0,90.0,90.0,92.5,88.333,91.0,1.8,85.857,96.0,56.4
010,Low,2024-5-22,17,37,9,2,17:38:42,17:39:14,0,1770.09,932.75,4494.24,964.32,6.01,-0.01,15.22,2.84,True,8,8,8,8,37,1,3,Very rarely,Inexperienced,Neither Inexperienced or Experienced,Never,2.143,2.667,4.417,87,91,63.0,1.125,0.0,Diagonal,North,North - Diagonal,Complex,8.0,N\A,71.48038568737157,290.34116858983606,210.32,2.5,1.667,4.75,4.667,3.667,4.5,87.714,89.333,80.0,90.0,90.0,92.5,88.333,91.0,1.8,85.857,96.0,56.4
010,Low,2024-5-22,17,37,9,3,17:39:23,17:40:09,600,2834.69,723.46,4958.66,1692.5,4.05,-4.81,15.22,4.03,True,8,8,8,9,37,1,3,Very rarely,Inexperienced,Neither Inexperienced or Experienced,Never,2.143,2.667,4.417,87,91,63.0,1.125,0.226,Diagonal,South,South - Diagonal,Complex,8.0,AGV,77.56579298935425,173.23089482794714,299.33,2.5,1.667,4.75,4.667,3.667,4.5,87.714,89.333,80.0,90.0,90.0,92.5,88.333,91.0,1.8,85.857,96.0,56.4
010,Low,2024-5-22,17,37,9,4,17:40:16,17:40:56,546,4435.97,769.07,11694.3,3469.6,9.2,-3.5,15.22,5.2,True,8,8,8,9,37,1,3,Very rarely,Inexperienced,Neither Inexperienced or Experienced,Never,2.143,2.667,4.417,87,91,63.0,1.125,0.204,Straight,Northeast,Northeast - Straight,Complex,8.0,AGV,55.268600900425575,297.5403853292493,248.81,2.5,1.667,4.75,4.667,3.667,4.5,87.714,89.333,80.0,90.0,90.0,92.5,88.333,91.0,1.8,85.857,96.0,56.4
010,Low,2024-5-22,17,37,9,5,17:41:04,17:42:07,34,3995.56,2545.21,7504.75,959.79,3.03,-0.1,15.28,5.67,True,8,8,8,9,37,1,3,Very rarely,Inexperienced,Neither Inexperienced or Experienced,Never,2.143,2.667,4.417,87,91,63.0,1.125,0.029,Straight,Northwest,Northwest - Straight,Complex,8.0,AGV,94.78837993603705,49.093766227425895,563.37,2.5,1.667,4.75,4.667,3.667,4.5,87.714,89.333,80.0,90.0,90.0,92.5,88.333,91.0,1.8,85.857,96.0,56.4
010,Low,2024-5-22,17,37,9,6,17:42:12,17:43:08,742,2657.6,1105.01,5322.61,1046.88,3.44,-0.3,15.23,3.81,True,8,8,8,9,37,1,3,Very rarely,Inexperienced,Neither Inexperienced or Experienced,Never,2.143,2.667,4.417,87,91,63.0,1.125,0.226,Diagonal,Northwest,Northwest - Diagonal,Complex,8.0,AGV,64.92661271400235,81.92262225897761,661.43,2.5,1.667,4.75,4.667,3.667,4.5,87.714,89.333,80.0,90.0,90.0,92.5,88.333,91.0,1.8,85.857,96.0,56.4
010,Low,2024-5-22,17,37,9,7,17:43:14,17:44:00,520,3360.24,742.07,5464.56,1816.43,4.75,-4.46,15.22,4.71,True,8,8,8,9,37,1,3,Very rarely,Inexperienced,Neither Inexperienced or Experienced,Never,2.143,2.667,4.417,87,91,63.0,1.125,0.196,Straight,East,East - Straight,Straight,8.0,AGV,61.26915257815093,188.562667964416,209.32,2.5,1.667,4.75,4.667,3.667,4.5,87.714,89.333,80.0,90.0,90.0,92.5,88.333,91.0,1.8,85.857,96.0,56.4
010,Low,2024-5-22,17,37,9,8,17:44:05,17:44:54,349,2438.5,691.74,4578.47,1280.16,4.49,-4.44,15.21,5.29,True,8,8,8,9,37,1,3,Very rarely,Inexperienced,Neither Inexperienced or Experienced,Never,2.143,2.667,4.417,87,91,63.0,1.125,0.164,Diagonal,Southwest,Southwest - Diagonal,Straight,8.0,User,75.96231594286353,163.1910104151509,281.42,2.5,1.667,4.75,4.667,3.667,4.5,87.714,89.333,80.0,90.0,90.0,92.5,88.333,91.0,1.8,85.857,96.0,56.4
010,Low,2024-5-22,17,37,9,9,17:45:00,17:45:47,399,4040.88,870.54,7034.59,1873.93,4.66,-4.46,15.21,5.31,True,8,8,8,9,37,1,3,Very rarely,Inexperienced,Neither Inexperienced or Experienced,Never,2.143,2.667,4.417,87,91,63.0,1.125,0.062,Diagonal,Northeast,Northeast - Diagonal,Straight,8.0,AGV,79.37722967593037,128.56621354475504,146.33,2.5,1.667,4.75,4.667,3.667,4.5,87.714,89.333,80.0,90.0,90.0,92.5,88.333,91.0,1.8,85.857,96.0,56.4
010,Low,2024-5-22,17,37,9,10,17:47:09,17:47:57,382,3401.96,501.5,5515.87,1927.72,4.65,-4.42,15.21,4.74,True,8,8,8,9,37,1,3,Very rarely,Inexperienced,Neither Inexperienced or Experienced,Never,2.143,2.667,4.417,87,91,63.0,1.125,0.127,Straight,West,West - Straight,Straight,8.0,AGV,59.41802250961592,204.27580988971022,276.21,2.5,1.667,4.75,4.667,3.667,4.5,87.714,89.333,80.0,90.0,90.0,92.5,88.333,91.0,1.8,85.857,96.0,56.4
010,Low,2024-5-22,17,37,9,11,17:48:05,17:48:51,354,3868.36,665.19,6129.34,2241.69,4.12,-5.44,15.23,5.68,True,8,8,8,9,37,1,3,Very rarely,Inexperienced,Neither Inexperienced or Experienced,Never,2.143,2.667,4.417,87,91,63.0,1.125,0.113,Diagonal,East,East - Diagonal,Complex,8.0,User,79.04330385939367,79.59527837097247,383.42,2.5,1.667,4.75,4.667,3.667,4.5,87.714,89.333,80.0,90.0,90.0,92.5,88.333,91.0,1.8,85.857,96.0,56.4
010,Low,2024-5-22,17,37,9,12,17:48:57,17:49:57,0,2617.4,702.97,4134.68,1311.47,3.52,-2.38,15.22,4.12,True,8,8,8,9,37,1,3,Very rarely,Inexperienced,Neither Inexperienced or Experienced,Never,2.143,2.667,4.417,87,91,63.0,1.125,0.0,Straight,Southeast,Southeast - Straight,Complex,8.0,User,99.16336040485295,119.69557123023719,483.8,2.5,1.667,4.75,4.667,3.667,4.5,87.714,89.333,80.0,90.0,90.0,92.5,88.333,91.0,1.8,85.857,96.0,56.4
010,Low,2024-5-22,17,37,9,13,17:50:10,17:50:46,0,2334.93,1070.61,6670.04,1288.1,6.93,-0.0,15.22,3.76,True,8,8,8,9,37,1,3,Very rarely,Inexperienced,Neither Inexperienced or Experienced,Never,2.143,2.667,4.417,87,91,63.0,1.125,0.0,Straight,Southwest,Southwest - Straight,Complex,8.0,User,61.57979159316192,319.3043432869629,204.8,2.5,1.667,4.75,4.667,3.667,4.5,87.714,89.333,80.0,90.0,90.0,92.5,88.333,91.0,1.8,85.857,96.0,56.4
010,Low,2024-5-22,17,37,9,14,17:50:52,17:51:39,419,2353.51,664.61,4715.34,1078.58,4.63,-4.1,15.21,3.97,True,8,8,8,9,37,1,3,Very rarely,Inexperienced,Neither Inexperienced or Experienced,Never,2.143,2.667,4.417,87,91,63.0,1.125,0.113,Diagonal,Southeast,Southeast - Diagonal,Straight,8.0,AGV,76.3491204363866,114.8152354805985,722.2,2.5,1.667,4.75,4.667,3.667,4.5,87.714,89.333,80.0,90.0,90.0,92.5,88.333,91.0,1.8,85.857,96.0,56.4
010,Low,2024-5-22,17,37,9,15,17:52:02,17:52:40,66,4074.69,778.4,6778.43,1840.68,5.69,-4.58,15.22,5.83,True,8,8,8,9,37,1,3,Very rarely,Inexperienced,Neither Inexperienced or Experienced,Never,2.143,2.667,4.417,87,91,63.0,1.125,0.089,Straight,North,North - Straight,Straight,8.0,N\A,61.774306379759274,255.08345438568708,148.67,2.5,1.667,4.75,4.667,3.667,4.5,87.714,89.333,80.0,90.0,90.0,92.5,88.333,91.0,1.8,85.857,96.0,56.4
010,Low,2024-5-22,17,37,9,16,17:52:48,17:53:32,350,3083.51,1201.62,5511.24,1108.51,4.29,-0.16,15.26,4.83,True,8,8,8,9,37,1,3,Very rarely,Inexperienced,Neither Inexperienced or Experienced,Never,2.143,2.667,4.417,87,91,63.0,1.125,0.13,Diagonal,West,West - Diagonal,Complex,8.0,AGV,81.76261090019321,136.25488108143628,395.54,2.5,1.667,4.75,4.667,3.667,4.5,87.714,89.333,80.0,90.0,90.0,92.5,88.333,91.0,1.8,85.857,96.0,56.4
011,High,2024-5-23,14,55,7,1,14:55:22,14:56:00,104,5617.95,733.4,12606.8,3739.3,10.8,-0.0,15.22,4.85,True,9,9,9,10,19,1,2,Very rarely,Very Inexperienced,Inexperienced,Never,3.286,3.167,4.636,66,71,26.5,1.438,0.049,Straight,South,South - Straight,Straight,6.6,N\A,96.2143518223277,305.5789785392263,512.28,3.75,2.667,5.0,4.333,4.667,4.5,66.571,68.0,54.333,82.5,65.0,62.5,70.0,71.583,35.6,76.714,66.0,18.6
011,High,2024-5-23,14,55,7,2,14:56:04,14:56:38,0,2226.34,982.73,4503.59,911.82,5.94,-0.0,15.21,2.87,True,10,10,10,10,19,1,2,Very rarely,Very Inexperienced,Inexperienced,Never,3.286,3.167,4.636,66,71,26.5,1.438,0.051,Diagonal,North,North - Diagonal,Complex,9.0,N\A,68.55836238385886,283.1778033886666,200.76,3.75,2.667,5.0,4.333,4.667,4.5,66.571,68.0,54.333,82.5,65.0,62.5,70.0,71.583,35.6,76.714,66.0,18.6
011,High,2024-5-23,14,55,7,3,14:56:43,14:57:23,671,2144.14,537.22,4920.78,1644.95,4.7,-5.01,15.22,3.56,True,10,10,10,10,19,1,2,Very rarely,Very Inexperienced,Inexperienced,Never,3.286,3.167,4.636,66,71,26.5,1.438,0.244,Diagonal,South,South - Diagonal,Complex,10.0,AGV,90.19007910770587,110.49953696896645,160.85,3.75,2.667,5.0,4.333,4.667,4.5,66.571,68.0,54.333,82.5,65.0,62.5,70.0,71.583,35.6,76.714,66.0,18.6
011,High,2024-5-23,14,55,7,4,14:57:27,14:58:02,550,3414.12,851.7,9337.79,2241.07,8.76,-0.0,15.24,4.82,True,7,7,8,6,19,1,2,Very rarely,Very Inexperienced,Inexperienced,Never,3.286,3.167,4.636,66,71,26.5,1.438,0.318,Straight,Northeast,Northeast - Straight,Complex,10.0,AGV,64.4368843289197,335.0855178528112,226.26,3.75,2.667,5.0,4.333,4.667,4.5,66.571,68.0,54.333,82.5,65.0,62.5,70.0,71.583,35.6,76.714,66.0,18.6
011,High,2024-5-23,14,55,7,5,14:58:11,14:58:58,582,3576.64,718.8,7544.17,1642.48,4.03,-0.07,15.26,4.96,True,8,7,7,7,19,1,2,Very rarely,Very Inexperienced,Inexperienced,Never,3.286,3.167,4.636,66,71,26.5,1.438,0.208,Straight,Northwest,Northwest - Straight,Complex,7.0,AGV,125.89063721140026,133.1942032527422,390.07,3.75,2.667,5.0,4.333,4.667,4.5,66.571,68.0,54.333,82.5,65.0,62.5,70.0,71.583,35.6,76.714,66.0,18.6
011,High,2024-5-23,14,55,7,6,14:59:02,15:00:03,669,2760.4,813.89,5363.46,1019.09,3.15,-2.07,15.21,3.91,True,8,7,7,8,19,1,2,Very rarely,Very Inexperienced,Inexperienced,Never,3.286,3.167,4.636,66,71,26.5,1.438,0.182,Diagonal,Northwest,Northwest - Diagonal,Complex,8.0,AGV,60.09342544006096,100.7394517327124,170.95,3.75,2.667,5.0,4.333,4.667,4.5,66.571,68.0,54.333,82.5,65.0,62.5,70.0,71.583,35.6,76.714,66.0,18.6
011,High,2024-5-23,14,55,7,7,15:00:07,15:01:00,393,3664.31,880.5,5478.49,1809.53,4.18,-4.42,15.22,4.71,False,8,8,8,7,19,1,2,Very rarely,Very Inexperienced,Inexperienced,Never,3.286,3.167,4.636,66,71,26.5,1.438,0.138,Straight,East,East - Straight,Straight,8.0,AGV,53.55105203842793,145.22323606119693,276.86,3.75,2.667,5.0,4.333,4.667,4.5,66.571,68.0,54.333,82.5,65.0,62.5,70.0,71.583,35.6,76.714,66.0,18.6
011,High,2024-5-23,14,55,7,8,15:01:05,15:01:43,57,2095.73,1084.33,4598.51,906.74,5.76,-4.33,15.22,2.97,True,10,10,9,10,19,1,2,Very rarely,Very Inexperienced,Inexperienced,Never,3.286,3.167,4.636,66,71,26.5,1.438,0.048,Diagonal,Southwest,Southwest - Diagonal,Straight,8.0,User,98.62057048884337,257.53044944947476,264.52,3.75,2.667,5.0,4.333,4.667,4.5,66.571,68.0,54.333,82.5,65.0,62.5,70.0,71.583,35.6,76.714,66.0,18.6
011,High,2024-5-23,14,55,7,9,15:01:48,15:02:36,431,4301.35,1120.6,7055.49,1731.63,4.51,-4.4,15.24,5.5,True,7,7,7,8,19,1,2,Very rarely,Very Inexperienced,Inexperienced,Never,3.286,3.167,4.636,66,71,26.5,1.438,0.17,Diagonal,Northeast,Northeast - Diagonal,Straight,10.0,AGV,77.92927120211358,181.37033892082036,292.64,3.75,2.667,5.0,4.333,4.667,4.5,66.571,68.0,54.333,82.5,65.0,62.5,70.0,71.583,35.6,76.714,66.0,18.6
011,High,2024-5-23,14,55,7,10,15:02:41,15:03:28,607,3570.53,696.16,5511.55,1835.93,4.66,-4.49,15.22,4.92,True,10,10,10,10,19,1,2,Very rarely,Very Inexperienced,Inexperienced,Never,3.286,3.167,4.636,66,71,26.5,1.438,0.189,Straight,West,West - Straight,Straight,7.0,AGV,60.901114456646795,124.26668285491716,282.66,3.75,2.667,5.0,4.333,4.667,4.5,66.571,68.0,54.333,82.5,65.0,62.5,70.0,71.583,35.6,76.714,66.0,18.6
011,High,2024-5-23,14,55,7,11,15:03:34,15:04:17,63,4208.64,965.92,6297.44,2046.98,4.43,-5.45,15.23,5.05,True,8,8,8,9,19,1,2,Very rarely,Very Inexperienced,Inexperienced,Never,3.286,3.167,4.636,66,71,26.5,1.438,0.041,Diagonal,East,East - Diagonal,Complex,10.0,User,85.11088081426507,121.27474503311113,291.19,3.75,2.667,5.0,4.333,4.667,4.5,66.571,68.0,54.333,82.5,65.0,62.5,70.0,71.583,35.6,76.714,66.0,18.6
011,High,2024-5-23,14,55,7,12,15:04:23,15:05:14,45,2608.74,1324.82,4119.79,1101.4,4.07,-3.86,15.21,3.5,True,10,10,10,10,19,1,2,Very rarely,Very Inexperienced,Inexperienced,Never,3.286,3.167,4.636,66,71,26.5,1.438,0.035,Straight,Southeast,Southeast - Straight,Complex,8.0,User,117.63254454853454,183.3325716757241,400.6,3.75,2.667,5.0,4.333,4.667,4.5,66.571,68.0,54.333,82.5,65.0,62.5,70.0,71.583,35.6,76.714,66.0,18.6
011,High,2024-5-23,14,55,7,13,15:05:20,15:06:05,8,3630.31,1440.11,11616.38,2755.3,8.04,-0.0,15.22,4.6,True,10,10,10,10,19,1,2,Very rarely,Very Inexperienced,Inexperienced,Never,3.286,3.167,4.636,66,71,26.5,1.438,0.02,Straight,Southwest,Southwest - Straight,Complex,10.0,User,50.341828455607526,297.82872184920086,310.77,3.75,2.667,5.0,4.333,4.667,4.5,66.571,68.0,54.333,82.5,65.0,62.5,70.0,71.583,35.6,76.714,66.0,18.6
011,High,2024-5-23,14,55,7,14,15:06:11,15:06:53,35,2111.93,1167.32,4657.13,991.07,5.2,-3.75,15.21,3.2,True,10,10,10,10,19,1,2,Very rarely,Very Inexperienced,Inexperienced,Never,3.286,3.167,4.636,66,71,26.5,1.438,0.022,Diagonal,Southeast,Southeast - Diagonal,Straight,10.0,User,85.14898828959758,210.04844590342123,246.79,3.75,2.667,5.0,4.333,4.667,4.5,66.571,68.0,54.333,82.5,65.0,62.5,70.0,71.583,35.6,76.714,66.0,18.6
011,High,2024-5-23,14,55,7,15,15:06:57,15:07:38,396,3941.73,911.75,6809.62,1836.39,5.3,-4.56,15.21,5.46,True,10,10,10,10,19,1,2,Very rarely,Very Inexperienced,Inexperienced,Never,3.286,3.167,4.636,66,71,26.5,1.438,0.196,Straight,North,North - Straight,Straight,10.0,N\A,57.52438824247727,154.0864088887473,136.18,3.75,2.667,5.0,4.333,4.667,4.5,66.571,68.0,54.333,82.5,65.0,62.5,70.0,71.583,35.6,76.714,66.0,18.6
011,High,2024-5-23,14,55,7,16,15:07:43,15:08:39,594,2980.46,864.45,5554.85,1098.27,3.32,-0.08,15.24,4.31,True,8,8,8,9,19,1,2,Very rarely,Very Inexperienced,Inexperienced,Never,3.286,3.167,4.636,66,71,26.5,1.438,0.157,Diagonal,West,West - Diagonal,Complex,10.0,AGV,64.29940099695321,99.12271368473812,253.06,3.75,2.667,5.0,4.333,4.667,4.5,66.571,68.0,54.333,82.5,65.0,62.5,70.0,71.583,35.6,76.714,66.0,18.6
011,Low,2024-5-23,14,29,24,1,14:29:42,14:31:09,461,8085.72,555.52,12562.23,3711.73,5.4,-3.4,15.23,6.53,True,5,7,7,5,19,1,2,Very rarely,Very Inexperienced,Inexperienced,Never,3.286,3.167,4.636,48,61,46.5,1.25,0.117,Straight,South,South - Straight,Straight,,N\A,42.03786052272765,102.76906446707285,640.63,3.75,2.667,5.0,4.333,4.667,4.5,48.857,56.0,59.333,60.5,60.0,33.5,30.0,61.25,47.4,67.429,76.0,40.6
011,Low,2024-5-23,14,29,24,2,14:31:16,14:32:49,0,2688.22,1023.87,4498.46,828.66,2.33,-3.47,15.22,3.44,True,6,8,8,7,19,1,2,Very rarely,Very Inexperienced,Inexperienced,Never,3.286,3.167,4.636,48,61,46.5,1.25,0.03,Diagonal,North,North - Diagonal,Complex,5.0,N\A,25.293449099897614,97.50882584534645,213.76,3.75,2.667,5.0,4.333,4.667,4.5,48.857,56.0,59.333,60.5,60.0,33.5,30.0,61.25,47.4,67.429,76.0,40.6
011,Low,2024-5-23,14,29,24,3,14:32:54,14:33:50,559,3062.68,691.77,4975.61,1801.4,3.37,-4.75,15.21,3.79,False,9,9,7,9,19,1,2,Very rarely,Very Inexperienced,Inexperienced,Never,3.286,3.167,4.636,48,61,46.5,1.25,0.197,Diagonal,South,South - Diagonal,Complex,6.0,AGV,65.26682889761712,117.23284985342707,172.87,3.75,2.667,5.0,4.333,4.667,4.5,48.857,56.0,59.333,60.5,60.0,33.5,30.0,61.25,47.4,67.429,76.0,40.6
011,Low,2024-5-23,14,29,24,4,14:33:55,14:34:38,546,4463.19,629.86,11841.32,3577.25,8.7,-3.07,15.22,5.28,True,9,9,8,10,19,1,2,Very rarely,Very Inexperienced,Inexperienced,Never,3.286,3.167,4.636,48,61,46.5,1.25,0.192,Straight,Northeast,Northeast - Straight,Complex,9.0,AGV,52.518508683254005,309.54678604466415,290.11,3.75,2.667,5.0,4.333,4.667,4.5,48.857,56.0,59.333,60.5,60.0,33.5,30.0,61.25,47.4,67.429,76.0,40.6
011,Low,2024-5-23,14,29,24,5,14:34:47,14:35:44,311,3583.82,1847.01,7544.19,1238.35,3.71,-3.31,15.29,5.02,True,9,9,9,8,19,1,2,Very rarely,Very Inexperienced,Inexperienced,Never,3.286,3.167,4.636,48,61,46.5,1.25,0.1,Straight,Northwest,Northwest - Straight,Complex,9.0,AGV,103.26062039516572,86.34181243862429,353.81,3.75,2.667,5.0,4.333,4.667,4.5,48.857,56.0,59.333,60.5,60.0,33.5,30.0,61.25,47.4,67.429,76.0,40.6
011,Low,2024-5-23,14,29,24,6,14:35:47,14:36:41,603,2824.43,1134.04,5375.48,1001.08,3.55,-3.41,15.23,4.36,True,7,7,7,6,19,1,2,Very rarely,Very Inexperienced,Inexperienced,Never,3.286,3.167,4.636,48,61,46.5,1.25,0.2,Diagonal,Northwest,Northwest - Diagonal,Complex,9.0,AGV,67.58533788839522,121.78643611726109,177.53,3.75,2.667,5.0,4.333,4.667,4.5,48.857,56.0,59.333,60.5,60.0,33.5,30.0,61.25,47.4,67.429,76.0,40.6
011,Low,2024-5-23,14,29,24,7,14:36:48,14:37:37,680,3425.25,655.5,5486.32,1883.89,4.48,-4.39,15.21,4.66,True,10,9,10,10,19,1,2,Very rarely,Very Inexperienced,Inexperienced,Never,3.286,3.167,4.636,48,61,46.5,1.25,0.264,Straight,East,East - Straight,Straight,7.0,AGV,57.51867319220561,154.36672413561092,230.46,3.75,2.667,5.0,4.333,4.667,4.5,48.857,56.0,59.333,60.5,60.0,33.5,30.0,61.25,47.4,67.429,76.0,40.6
011,Low,2024-5-23,14,29,24,8,14:37:40,14:38:42,615,2521.97,775.37,4601.42,1150.96,3.59,-4.32,15.22,4.0,True,10,10,10,10,19,1,2,Very rarely,Very Inexperienced,Inexperienced,Never,3.286,3.167,4.636,48,61,46.5,1.25,0.152,Diagonal,Southwest,Southwest - Diagonal,Straight,10.0,AGV,60.50706039193875,157.8385394986466,255.79,3.75,2.667,5.0,4.333,4.667,4.5,48.857,56.0,59.333,60.5,60.0,33.5,30.0,61.25,47.4,67.429,76.0,40.6
011,Low,2024-5-23,14,29,24,9,14:38:47,14:39:47,547,4448.3,1342.61,7057.42,1631.3,3.67,-4.49,15.22,5.23,True,7,7,7,5,19,1,2,Very rarely,Very Inexperienced,Inexperienced,Never,3.286,3.167,4.636,48,61,46.5,1.25,0.172,Diagonal,Northeast,Northeast - Diagonal,Straight,10.0,AGV,62.4832537642001,62.05302872387271,191.2,3.75,2.667,5.0,4.333,4.667,4.5,48.857,56.0,59.333,60.5,60.0,33.5,30.0,61.25,47.4,67.429,76.0,40.6
011,Low,2024-5-23,14,29,24,10,14:39:50,14:40:38,599,3579.02,763.08,5504.5,1825.94,4.56,-4.54,15.22,4.86,True,10,10,10,10,19,1,2,Very rarely,Very Inexperienced,Inexperienced,Never,3.286,3.167,4.636,48,61,46.5,1.25,0.164,Straight,West,West - Straight,Straight,7.0,AGV,59.42585342406289,113.65688747407061,385.28,3.75,2.667,5.0,4.333,4.667,4.5,48.857,56.0,59.333,60.5,60.0,33.5,30.0,61.25,47.4,67.429,76.0,40.6
011,Low,2024-5-23,14,29,24,11,14:40:45,14:41:51,674,4375.21,572.71,6192.82,2215.69,2.89,-5.5,15.27,4.86,False,4,4,4,3,19,1,2,Very rarely,Very Inexperienced,Inexperienced,Never,3.286,3.167,4.636,48,61,46.5,1.25,0.2,Diagonal,East,East - Diagonal,Complex,10.0,User,55.60364242673463,99.33225781882398,245.94,3.75,2.667,5.0,4.333,4.667,4.5,48.857,56.0,59.333,60.5,60.0,33.5,30.0,61.25,47.4,67.429,76.0,40.6
011,Low,2024-5-23,14,29,24,12,14:41:56,14:42:54,17,2908.73,1606.34,4099.81,1051.46,3.61,-2.15,15.21,3.69,True,7,8,7,9,19,1,2,Very rarely,Very Inexperienced,Inexperienced,Never,3.286,3.167,4.636,48,61,46.5,1.25,0.016,Straight,Southeast,Southeast - Straight,Complex,4.0,User,102.35991586705511,136.50857559495017,524.96,3.75,2.667,5.0,4.333,4.667,4.5,48.857,56.0,59.333,60.5,60.0,33.5,30.0,61.25,47.4,67.429,76.0,40.6
011,Low,2024-5-23,14,29,24,13,14:42:59,14:43:50,17,4715.83,1376.8,11906.58,3908.01,7.3,-2.54,15.23,5.15,True,9,9,8,10,19,1,2,Very rarely,Very Inexperienced,Inexperienced,Never,3.286,3.167,4.636,48,61,46.5,1.25,0.018,Straight,Southwest,Southwest - Straight,Complex,7.0,User,44.28152282509757,263.047551472401,331.79,3.75,2.667,5.0,4.333,4.667,4.5,48.857,56.0,59.333,60.5,60.0,33.5,30.0,61.25,47.4,67.429,76.0,40.6
011,Low,2024-5-23,14,29,24,14,14:43:55,14:44:41,0,2184.02,830.2,4682.43,1066.32,4.74,-3.97,15.22,3.45,True,10,10,10,10,19,1,2,Very rarely,Very Inexperienced,Inexperienced,Never,3.286,3.167,4.636,48,61,46.5,1.25,,Diagonal,Southeast,Southeast - Diagonal,Straight,9.0,AGV,,,,3.75,2.667,5.0,4.333,4.667,4.5,48.857,56.0,59.333,60.5,60.0,33.5,30.0,61.25,47.4,67.429,76.0,40.6
011,Low,2024-5-23,14,29,24,16,14:45:45,14:46:37,553,2982.57,1423.93,5572.09,953.3,3.92,-1.78,15.22,4.19,True,6,5,6,4,19,1,2,Very rarely,Very Inexperienced,Inexperienced,Never,3.286,3.167,4.636,48,61,46.5,1.25,0.154,Diagonal,West,West - Diagonal,Complex,10.0,AGV,68.74573257728652,113.1421717941421,227.21,3.75,2.667,5.0,4.333,4.667,4.5,48.857,56.0,59.333,60.5,60.0,33.5,30.0,61.25,47.4,67.429,76.0,40.6
012,High,2024-5-23,17,2,9,1,17:02:29,17:03:54,834,7455.1,687.68,12061.75,4183.95,5.49,-1.44,15.22,6.41,True,9,9,9,9,20,1,5,Occasionally,Moderately experienced,Moderately experienced,Never,3.857,3.667,4.25,73,87,25.833,1.062,0.209,Straight,South,South - Straight,Straight,,User,42.822981385967566,105.05641014647234,1007.85,5.0,2.333,5.0,4.333,3.0,4.5,73.643,87.0,33.333,77.5,85.0,87.5,85.0,87.917,8.0,85.0,85.0,14.0
012,High,2024-5-23,17,2,9,2,17:04:00,17:04:42,0,2140.2,1018.64,4500.86,929.32,5.12,-3.76,15.3,3.01,True,9,9,9,9,20,1,5,Occasionally,Moderately experienced,Moderately experienced,Never,3.857,3.667,4.25,73,87,25.833,1.062,0.0,Diagonal,North,North - Diagonal,Complex,9.0,N\A,55.90071350112288,220.57440629593714,150.69,5.0,2.333,5.0,4.333,3.0,4.5,73.643,87.0,33.333,77.5,85.0,87.5,85.0,87.917,8.0,85.0,85.0,14.0
012,High,2024-5-23,17,2,9,3,17:04:49,17:05:38,770,2777.79,580.45,5013.11,1801.44,3.87,-5.5,15.21,3.87,True,9,9,9,9,20,1,5,Occasionally,Moderately experienced,Moderately experienced,Never,3.857,3.667,4.25,73,87,25.833,1.062,0.269,Diagonal,South,South - Diagonal,Complex,9.0,AGV,73.58096423173815,139.63245507756628,242.57,5.0,2.333,5.0,4.333,3.0,4.5,73.643,87.0,33.333,77.5,85.0,87.5,85.0,87.917,8.0,85.0,85.0,14.0
012,High,2024-5-23,17,2,9,4,17:05:42,17:06:31,1681,3555.29,493.61,11878.88,3597.74,7.44,-2.37,15.22,6.77,True,10,10,10,10,20,1,5,Occasionally,Moderately experienced,Moderately experienced,Never,3.857,3.667,4.25,73,87,25.833,1.062,0.482,Straight,Northeast,Northeast - Straight,Complex,9.0,User,45.662852234203974,223.18949086796698,339.72,5.0,2.333,5.0,4.333,3.0,4.5,73.643,87.0,33.333,77.5,85.0,87.5,85.0,87.917,8.0,85.0,85.0,14.0
012,High,2024-5-23,17,2,9,5,17:06:37,17:07:41,318,3941.23,2727.23,7531.05,1023.39,2.94,-0.01,15.35,5.76,True,10,10,10,10,20,1,5,Occasionally,Moderately experienced,Moderately experienced,Never,3.857,3.667,4.25,73,87,25.833,1.062,0.116,Straight,Northwest,Northwest - Straight,Complex,10.0,AGV,93.2978051719746,88.27731611869682,212.11,5.0,2.333,5.0,4.333,3.0,4.5,73.643,87.0,33.333,77.5,85.0,87.5,85.0,87.917,8.0,85.0,85.0,14.0
012,High,2024-5-23,17,2,9,6,17:07:46,17:08:43,1207,2566.27,262.48,5353.99,1337.41,3.41,-4.69,15.28,5.21,True,10,10,10,10,20,1,5,Occasionally,Moderately experienced,Moderately experienced,Never,3.857,3.667,4.25,73,87,25.833,1.062,0.339,Diagonal,Northwest,Northwest - Diagonal,Complex,10.0,User,63.9069861608379,115.69655699284004,391.78,5.0,2.333,5.0,4.333,3.0,4.5,73.643,87.0,33.333,77.5,85.0,87.5,85.0,87.917,8.0,85.0,85.0,14.0
012,High,2024-5-23,17,2,9,7,17:08:49,17:09:40,848,3749.0,593.43,5617.31,1910.37,4.25,-4.43,15.26,5.87,False,10,10,10,10,20,1,5,Occasionally,Moderately experienced,Moderately experienced,Never,3.857,3.667,4.25,73,87,25.833,1.062,0.263,Straight,East,East - Straight,Straight,10.0,User,56.5545877412254,142.68672867231652,236.3,5.0,2.333,5.0,4.333,3.0,4.5,73.643,87.0,33.333,77.5,85.0,87.5,85.0,87.917,8.0,85.0,85.0,14.0
012,High,2024-5-23,17,2,9,8,17:09:45,17:10:39,880,2338.26,670.52,4603.79,1301.46,4.1,-4.4,15.22,5.43,True,10,10,10,10,20,1,5,Occasionally,Moderately experienced,Moderately experienced,Never,3.857,3.667,4.25,73,87,25.833,1.062,0.276,Diagonal,Southwest,Southwest - Diagonal,Straight,10.0,User,69.7474429834526,158.208047373169,462.3,5.0,2.333,5.0,4.333,3.0,4.5,73.643,87.0,33.333,77.5,85.0,87.5,85.0,87.917,8.0,85.0,85.0,14.0
012,High,2024-5-23,17,2,9,9,17:10:43,17:11:33,979,3831.38,480.31,7047.03,2097.42,4.43,-4.43,15.22,5.97,True,10,10,10,10,20,1,5,Occasionally,Moderately experienced,Moderately experienced,Never,3.857,3.667,4.25,73,87,25.833,1.062,0.304,Diagonal,Northeast,Northeast - Diagonal,Straight,10.0,User,74.52220432721195,118.19878234785736,305.06,5.0,2.333,5.0,4.333,3.0,4.5,73.643,87.0,33.333,77.5,85.0,87.5,85.0,87.917,8.0,85.0,85.0,14.0
012,High,2024-5-23,17,2,9,10,17:11:40,17:12:29,779,3503.99,583.19,5498.76,1835.63,4.47,-4.41,15.23,4.79,True,10,10,10,10,20,1,5,Occasionally,Moderately experienced,Moderately experienced,Never,3.857,3.667,4.25,73,87,25.833,1.062,0.241,Straight,West,West - Straight,Straight,10.0,AGV,57.09765121052509,165.0204694459172,223.28,5.0,2.333,5.0,4.333,3.0,4.5,73.643,87.0,33.333,77.5,85.0,87.5,85.0,87.917,8.0,85.0,85.0,14.0
012,High,2024-5-23,17,2,9,11,17:12:34,17:13:26,629,3793.42,630.21,6249.79,2204.15,3.67,-5.33,15.34,5.28,True,10,10,10,10,20,1,5,Occasionally,Moderately experienced,Moderately experienced,Never,3.857,3.667,4.25,73,87,25.833,1.062,0.224,Diagonal,East,East - Diagonal,Complex,10.0,User,70.14250735722138,116.79793600122913,375.61,5.0,2.333,5.0,4.333,3.0,4.5,73.643,87.0,33.333,77.5,85.0,87.5,85.0,87.917,8.0,85.0,85.0,14.0
012,High,2024-5-23,17,2,9,12,17:13:32,17:15:18,2560,1759.6,575.77,4331.56,1455.52,1.98,-1.43,15.28,3.66,True,10,10,10,10,20,1,5,Occasionally,Moderately experienced,Moderately experienced,Never,3.857,3.667,4.25,73,87,25.833,1.062,0.43,Straight,Southeast,Southeast - Straight,Complex,10.0,User,56.64199162289102,68.6327515121145,1553.77,5.0,2.333,5.0,4.333,3.0,4.5,73.643,87.0,33.333,77.5,85.0,87.5,85.0,87.917,8.0,85.0,85.0,14.0
012,High,2024-5-23,17,2,9,13,17:15:26,17:17:00,3399,2490.52,381.89,12007.19,3379.35,3.92,-3.19,15.24,5.68,True,10,10,10,10,20,1,5,Occasionally,Moderately experienced,Moderately experienced,Never,3.857,3.667,4.25,73,87,25.833,1.062,0.606,Straight,Southwest,Southwest - Straight,Complex,10.0,User,23.350333813185863,137.6703607864084,569.69,5.0,2.333,5.0,4.333,3.0,4.5,73.643,87.0,33.333,77.5,85.0,87.5,85.0,87.917,8.0,85.0,85.0,14.0
012,High,2024-5-23,17,2,9,14,17:17:05,17:17:55,474,2452.3,557.76,4708.66,1186.13,4.4,-4.45,15.23,5.55,True,10,10,10,10,20,1,5,Occasionally,Moderately experienced,Moderately experienced,Never,3.857,3.667,4.25,73,87,25.833,1.062,0.167,Diagonal,Southeast,Southeast - Diagonal,Straight,10.0,User,71.60504004561614,158.39962179208678,440.01,5.0,2.333,5.0,4.333,3.0,4.5,73.643,87.0,33.333,77.5,85.0,87.5,85.0,87.917,8.0,85.0,85.0,14.0
012,High,2024-5-23,17,2,9,15,17:17:59,17:18:48,356,4022.37,507.64,6766.65,1824.84,4.49,-4.58,15.23,5.36,True,10,10,10,10,20,1,5,Occasionally,Moderately experienced,Moderately experienced,Never,3.857,3.667,4.25,73,87,25.833,1.062,0.189,Straight,North,North - Straight,Straight,10.0,N\A,47.010706894008045,198.34706666656348,445.03,5.0,2.333,5.0,4.333,3.0,4.5,73.643,87.0,33.333,77.5,85.0,87.5,85.0,87.917,8.0,85.0,85.0,14.0
012,High,2024-5-23,17,2,9,16,17:18:53,17:20:18,2347,2288.46,931.86,5531.96,1188.6,2.38,-1.71,15.21,3.51,True,10,9,9,8,20,1,5,Occasionally,Moderately experienced,Moderately experienced,Never,3.857,3.667,4.25,73,87,25.833,1.062,0.414,Diagonal,West,West - Diagonal,Complex,10.0,AGV,41.30479513804016,55.964510576330596,2868.38,5.0,2.333,5.0,4.333,3.0,4.5,73.643,87.0,33.333,77.5,85.0,87.5,85.0,87.917,8.0,85.0,85.0,14.0
012,Low,2024-5-23,17,26,22,1,17:26:35,17:27:22,973,5931.75,524.26,12522.02,4412.58,8.68,-0.04,15.34,6.3,True,10,10,10,10,20,1,5,Occasionally,Moderately experienced,Moderately experienced,Never,3.857,3.667,4.25,76,91,20.833,1.062,0.302,Straight,South,South - Straight,Straight,7.6,User,78.59487720744004,247.06626232794855,339.29,5.0,2.333,5.0,4.333,3.0,4.5,76.571,93.333,33.333,85.0,80.0,85.0,90.667,91.417,5.0,88.857,85.0,8.0
012,Low,2024-5-23,17,26,22,2,17:27:28,17:28:06,0,1950.36,920.88,4566.22,1072.98,5.64,-3.88,15.24,3.36,True,10,10,10,10,20,1,5,Occasionally,Moderately experienced,Moderately experienced,Never,3.857,3.667,4.25,76,91,20.833,1.062,0.227,Diagonal,North,North - Diagonal,Complex,10.0,N\A,59.07038929588347,241.33532430820978,144.29,5.0,2.333,5.0,4.333,3.0,4.5,76.571,93.333,33.333,85.0,80.0,85.0,90.667,91.417,5.0,88.857,85.0,8.0
012,Low,2024-5-23,17,26,22,3,17:28:12,17:28:53,835,2328.23,440.83,5169.17,1787.58,4.56,-5.58,15.21,3.79,True,9,9,9,9,20,1,5,Occasionally,Moderately experienced,Moderately experienced,Never,3.857,3.667,4.25,76,91,20.833,1.062,0.28,Diagonal,South,South - Diagonal,Complex,10.0,AGV,87.60789750090218,183.36718781184922,290.17,5.0,2.333,5.0,4.333,3.0,4.5,76.571,93.333,33.333,85.0,80.0,85.0,90.667,91.417,5.0,88.857,85.0,8.0
012,Low,2024-5-23,17,26,22,4,17:29:02,17:31:07,5276,2401.44,225.25,11862.57,3676.4,3.01,-3.8,15.22,5.46,True,10,10,10,9,20,1,5,Occasionally,Moderately experienced,Moderately experienced,Never,3.857,3.667,4.25,76,91,20.833,1.062,0.748,Straight,Northeast,Northeast - Straight,Complex,9.0,AGV,17.770336375218555,97.5019473322525,915.29,5.0,2.333,5.0,4.333,3.0,4.5,76.571,93.333,33.333,85.0,80.0,85.0,90.667,91.417,5.0,88.857,85.0,8.0
012,Low,2024-5-23,17,26,22,5,17:31:13,17:32:34,432,3257.1,974.37,7520.26,1424.51,2.34,-0.01,15.25,5.27,True,10,10,9,10,20,1,5,Occasionally,Moderately experienced,Moderately experienced,Never,3.857,3.667,4.25,76,91,20.833,1.062,0.209,Straight,Northwest,Northwest - Straight,Complex,10.0,AGV,73.49525856567567,52.636957740073235,2188.91,5.0,2.333,5.0,4.333,3.0,4.5,76.571,93.333,33.333,85.0,80.0,85.0,90.667,91.417,5.0,88.857,85.0,8.0
012,Low,2024-5-23,17,26,22,6,17:32:40,17:34:56,5567,1278.78,202.23,5365.17,1276.99,1.37,-11.65,15.25,3.05,True,10,10,10,10,20,1,5,Occasionally,Moderately experienced,Moderately experienced,Never,3.857,3.667,4.25,76,91,20.833,1.062,0.657,Diagonal,Northwest,Northwest - Diagonal,Complex,10.0,AGV,26.141991879034535,30.62921063478238,3690.95,5.0,2.333,5.0,4.333,3.0,4.5,76.571,93.333,33.333,85.0,80.0,85.0,90.667,91.417,5.0,88.857,85.0,8.0
012,Low,2024-5-23,17,26,22,7,17:35:00,17:36:33,2915,2523.78,220.05,5454.01,2088.34,2.37,-4.6,15.22,4.53,True,10,10,10,10,20,1,5,Occasionally,Moderately experienced,Moderately experienced,Never,3.857,3.667,4.25,76,91,20.833,1.062,0.49,Straight,East,East - Straight,Straight,10.0,AGV,30.73353792391958,75.27634987128711,1242.82,5.0,2.333,5.0,4.333,3.0,4.5,76.571,93.333,33.333,85.0,80.0,85.0,90.667,91.417,5.0,88.857,85.0,8.0
012,Low,2024-5-23,17,26,22,8,17:36:38,17:38:12,3554,1959.36,575.77,4614.25,1226.76,2.35,-4.51,15.22,4.65,True,10,10,10,9,20,1,5,Occasionally,Moderately experienced,Moderately experienced,Never,3.857,3.667,4.25,76,91,20.833,1.062,0.606,Diagonal,Southwest,Southwest - Diagonal,Straight,10.0,User,40.850203151194506,104.0196322837046,1300.93,5.0,2.333,5.0,4.333,3.0,4.5,76.571,93.333,33.333,85.0,80.0,85.0,90.667,91.417,5.0,88.857,85.0,8.0
012,Low,2024-5-23,17,26,22,9,17:38:18,17:39:14,1823,2577.64,197.28,7065.63,2280.89,4.32,-6.47,15.29,6.05,True,10,10,10,9,20,1,5,Occasionally,Moderately experienced,Moderately experienced,Never,3.857,3.667,4.25,76,91,20.833,1.062,0.483,Diagonal,Northeast,Northeast - Diagonal,Straight,10.0,User,68.11174525843195,170.13953889212422,871.89,5.0,2.333,5.0,4.333,3.0,4.5,76.571,93.333,33.333,85.0,80.0,85.0,90.667,91.417,5.0,88.857,85.0,8.0
012,Low,2024-5-23,17,26,22,10,17:39:19,17:40:33,2528,1831.8,130.18,5255.86,1889.75,3.39,-6.71,15.3,5.63,True,10,10,10,9,20,1,5,Occasionally,Moderately experienced,Moderately experienced,Never,3.857,3.667,4.25,76,91,20.833,1.062,0.526,Straight,West,West - Straight,Straight,10.0,User,38.964582988279446,123.88589079907915,967.91,5.0,2.333,5.0,4.333,3.0,4.5,76.571,93.333,33.333,85.0,80.0,85.0,90.667,91.417,5.0,88.857,85.0,8.0
012,Low,2024-5-23,17,26,22,11,17:40:36,17:41:26,789,4050.38,630.23,6266.34,2079.1,3.86,-5.47,15.21,4.76,True,9,8,8,8,20,1,5,Occasionally,Moderately experienced,Moderately experienced,Never,3.857,3.667,4.25,76,91,20.833,1.062,0.255,Diagonal,East,East - Diagonal,Complex,10.0,AGV,73.06020511029347,125.7157841706191,252.44,5.0,2.333,5.0,4.333,3.0,4.5,76.571,93.333,33.333,85.0,80.0,85.0,90.667,91.417,5.0,88.857,85.0,8.0
012,Low,2024-5-23,17,26,22,12,17:41:31,17:42:46,1624,2743.95,621.24,4307.87,1457.32,2.82,-1.73,15.33,4.98,True,10,8,9,9,20,1,5,Occasionally,Moderately experienced,Moderately experienced,Never,3.857,3.667,4.25,76,91,20.833,1.062,0.375,Straight,Southeast,Southeast - Straight,Complex,9.0,AGV,80.63257115586785,101.10095059255924,1153.24,5.0,2.333,5.0,4.333,3.0,4.5,76.571,93.333,33.333,85.0,80.0,85.0,90.667,91.417,5.0,88.857,85.0,8.0
012,Low,2024-5-23,17,26,22,13,17:42:51,17:43:40,1223,4227.66,687.04,11691.9,3899.04,7.59,-3.76,15.23,6.04,True,9,9,9,9,20,1,5,Occasionally,Moderately experienced,Moderately experienced,Never,3.857,3.667,4.25,76,91,20.833,1.062,0.389,Straight,Southwest,Southwest - Straight,Complex,10.0,User,45.88603929190685,273.76465191308813,229.66,5.0,2.333,5.0,4.333,3.0,4.5,76.571,93.333,33.333,85.0,80.0,85.0,90.667,91.417,5.0,88.857,85.0,8.0
012,Low,2024-5-23,17,26,22,14,17:43:46,17:44:41,1155,2231.72,547.31,4692.4,1302.32,3.91,-3.94,15.22,4.95,True,9,9,9,9,20,1,5,Occasionally,Moderately experienced,Moderately experienced,Never,3.857,3.667,4.25,76,91,20.833,1.062,0.333,Diagonal,Southeast,Southeast - Diagonal,Straight,9.0,User,66.58352997253436,150.09460370978417,373.96,5.0,2.333,5.0,4.333,3.0,4.5,76.571,93.333,33.333,85.0,80.0,85.0,90.667,91.417,5.0,88.857,85.0,8.0
012,Low,2024-5-23,17,26,22,15,17:44:45,17:45:27,609,3682.95,683.74,6813.31,1873.45,5.29,-4.41,15.22,5.21,True,10,9,9,9,20,1,5,Occasionally,Moderately experienced,Moderately experienced,Never,3.857,3.667,4.25,76,91,20.833,1.062,0.244,Straight,North,North - Straight,Straight,9.0,N\A,55.232547687787864,231.65849997836747,259.21,5.0,2.333,5.0,4.333,3.0,4.5,76.571,93.333,33.333,85.0,80.0,85.0,90.667,91.417,5.0,88.857,85.0,8.0
012,Low,2024-5-23,17,26,22,16,17:45:31,17:46:16,1040,2700.83,610.81,5556.93,1370.68,4.24,-0.13,15.22,4.2,True,9,9,9,9,20,1,5,Occasionally,Moderately experienced,Moderately experienced,Never,3.857,3.667,4.25,76,91,20.833,1.062,0.288,Diagonal,West,West - Diagonal,Complex,10.0,N\A,78.36666971825893,105.047727134525,1138.7,5.0,2.333,5.0,4.333,3.0,4.5,76.571,93.333,33.333,85.0,80.0,85.0,90.667,91.417,5.0,88.857,85.0,8.0
013,High,2024-5-24,14,57,14,1,14:57:24,14:58:27,366,7574.24,605.4,12572.11,4243.24,7.41,-1.36,15.24,6.15,True,5,8,7,4,20,2,5,Very rarely,Moderately experienced,Moderately experienced,Never,2.857,2.5,3.667,51,56,53.333,1.25,0.138,Straight,South,South - Straight,Straight,5.1,AGV,58.516448885662854,141.77138972198605,426.11,3.0,2.667,4.0,4.0,3.333,3.0,51.143,58.333,53.333,49.0,24.0,48.5,54.0,56.75,14.6,36.286,75.0,49.0
013,High,2024-5-24,14,57,14,2,14:58:30,14:59:22,0,2377.96,1011.34,4498.59,890.13,4.22,-3.76,15.21,3.35,True,8,7,6,7,20,2,5,Very rarely,Moderately experienced,Moderately experienced,Never,2.857,2.5,3.667,51,56,53.333,1.25,0.0,Diagonal,North,North - Diagonal,Complex,5.0,AGV,45.22748081289871,177.7209211470349,136.91,3.0,2.667,4.0,4.0,3.333,3.0,51.143,58.333,53.333,49.0,24.0,48.5,54.0,56.75,14.6,36.286,75.0,49.0
013,High,2024-5-24,14,57,14,3,14:59:25,15:00:22,765,3173.31,842.98,4950.28,1733.4,3.27,-5.57,15.21,3.83,True,7,7,8,8,20,2,5,Very rarely,Moderately experienced,Moderately experienced,Never,2.857,2.5,3.667,51,56,53.333,1.25,0.246,Diagonal,South,South - Diagonal,Complex,8.0,N\A,63.96022874899516,133.67105777392547,132.91,3.0,2.667,4.0,4.0,3.333,3.0,51.143,58.333,53.333,49.0,24.0,48.5,54.0,56.75,14.6,36.286,75.0,49.0
013,High,2024-5-24,14,57,14,4,15:00:26,15:01:21,752,6156.02,610.17,11838.63,4417.34,6.66,-2.77,15.23,5.87,True,8,7,8,8,20,2,5,Very rarely,Moderately experienced,Moderately experienced,Never,2.857,2.5,3.667,51,56,53.333,1.25,0.203,Straight,Northeast,Northeast - Straight,Complex,7.0,AGV,40.9766069591461,240.83507260564735,189.91,3.0,2.667,4.0,4.0,3.333,3.0,51.143,58.333,53.333,49.0,24.0,48.5,54.0,56.75,14.6,36.286,75.0,49.0
013,High,2024-5-24,14,57,14,5,15:01:25,15:02:36,338,3376.78,1053.99,7603.52,1294.82,2.93,-4.18,15.25,4.56,True,7,6,5,4,20,2,5,Very rarely,Moderately experienced,Moderately experienced,Never,2.857,2.5,3.667,51,56,53.333,1.25,0.092,Straight,Northwest,Northwest - Straight,Complex,8.0,AGV,84.43362043455753,49.93332823552354,144.49,3.0,2.667,4.0,4.0,3.333,3.0,51.143,58.333,53.333,49.0,24.0,48.5,54.0,56.75,14.6,36.286,75.0,49.0
013,High,2024-5-24,14,57,14,6,15:02:40,15:03:33,626,2741.38,1049.44,5351.09,1024.3,3.6,-1.9,15.21,3.95,True,6,7,8,5,20,2,5,Very rarely,Moderately experienced,Moderately experienced,Never,2.857,2.5,3.667,51,56,53.333,1.25,0.232,Diagonal,Northwest,Northwest - Diagonal,Complex,7.0,AGV,69.52369548889554,123.4375523999139,139.95,3.0,2.667,4.0,4.0,3.333,3.0,51.143,58.333,53.333,49.0,24.0,48.5,54.0,56.75,14.6,36.286,75.0,49.0
013,High,2024-5-24,14,57,14,7,15:03:37,15:04:32,1006,3729.72,754.07,5478.87,1798.1,3.99,-4.43,15.22,4.68,True,7,8,7,7,20,2,5,Very rarely,Moderately experienced,Moderately experienced,Never,2.857,2.5,3.667,51,56,53.333,1.25,0.271,Straight,East,East - Straight,Straight,6.0,AGV,51.25161478436789,132.72989742626052,168.03,3.0,2.667,4.0,4.0,3.333,3.0,51.143,58.333,53.333,49.0,24.0,48.5,54.0,56.75,14.6,36.286,75.0,49.0
013,High,2024-5-24,14,57,14,8,15:04:36,15:05:58,1180,2718.09,655.76,4599.98,1107.48,2.67,-4.39,15.22,3.53,True,7,8,8,9,20,2,5,Very rarely,Moderately experienced,Moderately experienced,Never,2.857,2.5,3.667,51,56,53.333,1.25,0.218,Diagonal,Southwest,Southwest - Diagonal,Straight,7.0,AGV,45.26680004433828,62.425044870664664,303.79,3.0,2.667,4.0,4.0,3.333,3.0,51.143,58.333,53.333,49.0,24.0,48.5,54.0,56.75,14.6,36.286,75.0,49.0
013,High,2024-5-24,14,57,14,9,15:06:02,15:07:10,349,4460.75,1024.17,7025.38,1641.21,3.25,-4.4,15.22,4.9,True,8,8,7,8,20,2,5,Very rarely,Moderately experienced,Moderately experienced,Never,2.857,2.5,3.667,51,56,53.333,1.25,0.099,Diagonal,Northeast,Northeast - Diagonal,Straight,7.0,AGV,54.65120689531651,144.16263090921393,232.74,3.0,2.667,4.0,4.0,3.333,3.0,51.143,58.333,53.333,49.0,24.0,48.5,54.0,56.75,14.6,36.286,75.0,49.0
013,High,2024-5-24,14,57,14,10,15:07:14,15:08:06,662,3673.17,845.57,5471.64,1774.93,4.18,-4.47,15.23,4.71,True,7,8,8,9,20,2,5,Very rarely,Moderately experienced,Moderately experienced,Never,2.857,2.5,3.667,51,56,53.333,1.25,0.211,Straight,West,West - Straight,Straight,8.0,AGV,54.27335691216821,146.8576919728228,229.64,3.0,2.667,4.0,4.0,3.333,3.0,51.143,58.333,53.333,49.0,24.0,48.5,54.0,56.75,14.6,36.286,75.0,49.0
013,High,2024-5-24,14,57,14,11,15:08:11,15:09:21,1011,4565.47,483.22,6201.96,2085.63,2.72,-5.97,15.24,4.83,True,6,5,5,3,20,2,5,Very rarely,Moderately experienced,Moderately experienced,Never,2.857,2.5,3.667,51,56,53.333,1.25,0.227,Diagonal,East,East - Diagonal,Complex,7.0,AGV,52.43582281297913,67.67265291179673,1244.87,3.0,2.667,4.0,4.0,3.333,3.0,51.143,58.333,53.333,49.0,24.0,48.5,54.0,56.75,14.6,36.286,75.0,49.0
013,High,2024-5-24,14,57,14,12,15:09:25,15:10:48,141,3051.62,916.67,4166.24,1233.07,2.55,-2.29,15.21,3.05,True,5,7,6,7,20,2,5,Very rarely,Moderately experienced,Moderately experienced,Never,2.857,2.5,3.667,51,56,53.333,1.25,0.08,Straight,Southeast,Southeast - Straight,Complex,6.0,AGV,72.16831448565507,87.03682662614888,307.03,3.0,2.667,4.0,4.0,3.333,3.0,51.143,58.333,53.333,49.0,24.0,48.5,54.0,56.75,14.6,36.286,75.0,49.0
013,High,2024-5-24,14,57,14,13,15:10:53,15:11:43,30,4373.67,1402.13,11861.06,3585.52,7.41,-2.58,15.22,4.97,True,8,6,8,8,20,2,5,Very rarely,Moderately experienced,Moderately experienced,Never,2.857,2.5,3.667,51,56,53.333,1.25,0.019,Straight,Southwest,Southwest - Straight,Complex,5.0,AGV,45.014647272672676,231.30762714795,275.5,3.0,2.667,4.0,4.0,3.333,3.0,51.143,58.333,53.333,49.0,24.0,48.5,54.0,56.75,14.6,36.286,75.0,49.0
013,High,2024-5-24,14,57,14,14,15:11:47,15:12:59,1123,2596.39,807.55,4695.74,991.16,3.01,-3.86,15.21,3.56,True,7,8,6,8,20,2,5,Very rarely,Moderately experienced,Moderately experienced,Never,2.857,2.5,3.667,51,56,53.333,1.25,0.234,Diagonal,Southeast,Southeast - Diagonal,Straight,8.0,User,50.42493562562029,123.24728336185179,304.59,3.0,2.667,4.0,4.0,3.333,3.0,51.143,58.333,53.333,49.0,24.0,48.5,54.0,56.75,14.6,36.286,75.0,49.0
013,High,2024-5-24,14,57,14,15,15:13:03,15:13:48,362,3859.85,868.24,6812.68,1850.9,4.91,-4.44,15.22,5.24,True,6,6,8,7,20,2,5,Very rarely,Moderately experienced,Moderately experienced,Never,2.857,2.5,3.667,51,56,53.333,1.25,0.184,Straight,North,North - Straight,Straight,7.0,User,52.408467155158014,199.75123686474205,136.87,3.0,2.667,4.0,4.0,3.333,3.0,51.143,58.333,53.333,49.0,24.0,48.5,54.0,56.75,14.6,36.286,75.0,49.0
013,High,2024-5-24,14,57,14,16,15:13:52,15:14:55,947,3088.87,1190.98,5562.75,974.03,3.0,-0.17,15.24,4.18,True,5,6,7,4,20,2,5,Very rarely,Moderately experienced,Moderately experienced,Never,2.857,2.5,3.667,51,56,53.333,1.25,0.257,Diagonal,West,West - Diagonal,Complex,6.0,N\A,56.7804962865061,99.15614542181686,112.67,3.0,2.667,4.0,4.0,3.333,3.0,51.143,58.333,53.333,49.0,24.0,48.5,54.0,56.75,14.6,36.286,75.0,49.0
013,Low,2024-5-24,14,31,8,1,14:31:27,14:32:55,468,7743.85,464.63,12473.56,3743.82,5.37,-3.36,15.22,6.12,True,5,7,6,4,20,2,5,Very rarely,Moderately experienced,Moderately experienced,Never,2.857,2.5,3.667,48,60,47.667,1.125,0.126,Straight,South,South - Straight,Straight,,AGV,41.345619525332324,101.62471535362084,303.32,3.0,2.667,4.0,4.0,3.333,3.0,48.286,64.333,38.0,40.5,60.0,32.0,54.667,60.0,19.6,45.429,69.0,43.4
013,Low,2024-5-24,14,31,8,2,14:33:02,14:33:59,0,2388.8,1002.93,4515.25,920.85,3.79,-3.7,15.21,3.37,True,6,6,5,8,20,2,5,Very rarely,Moderately experienced,Moderately experienced,Never,2.857,2.5,3.667,48,60,47.667,1.125,0.0,Diagonal,North,North - Diagonal,Complex,5.0,User,40.56487344757357,162.7063126932701,332.18,3.0,2.667,4.0,4.0,3.333,3.0,48.286,64.333,38.0,40.5,60.0,32.0,54.667,60.0,19.6,45.429,69.0,43.4
013,Low,2024-5-24,14,31,8,3,14:34:06,14:35:06,807,3267.11,752.48,4958.18,1724.33,3.11,-5.42,15.22,3.86,True,6,7,6,9,20,2,5,Very rarely,Moderately experienced,Moderately experienced,Never,2.857,2.5,3.667,48,60,47.667,1.125,0.215,Diagonal,South,South - Diagonal,Complex,6.0,N\A,59.67153488984852,121.38457999258773,109.13,3.0,2.667,4.0,4.0,3.333,3.0,48.286,64.333,38.0,40.5,60.0,32.0,54.667,60.0,19.6,45.429,69.0,43.4
013,Low,2024-5-24,14,31,8,4,14:35:10,14:36:07,659,6520.25,796.5,11861.59,4424.25,6.48,-3.51,15.22,5.98,True,7,6,7,8,20,2,5,Very rarely,Moderately experienced,Moderately experienced,Never,2.857,2.5,3.667,48,60,47.667,1.125,0.177,Straight,Northeast,Northeast - Straight,Complex,6.0,AGV,38.45741657357919,235.43064110820663,136.96,3.0,2.667,4.0,4.0,3.333,3.0,48.286,64.333,38.0,40.5,60.0,32.0,54.667,60.0,19.6,45.429,69.0,43.4
013,Low,2024-5-24,14,31,8,5,14:36:13,14:37:21,406,3394.43,1687.92,7559.55,1199.48,3.04,-5.13,15.31,4.74,True,7,6,7,8,20,2,5,Very rarely,Moderately experienced,Moderately experienced,Never,2.857,2.5,3.667,48,60,47.667,1.125,0.123,Straight,Northwest,Northwest - Straight,Complex,7.0,AGV,87.31270067837704,72.04229725603987,339.23,3.0,2.667,4.0,4.0,3.333,3.0,48.286,64.333,38.0,40.5,60.0,32.0,54.667,60.0,19.6,45.429,69.0,43.4
013,Low,2024-5-24,14,31,8,6,14:37:25,14:38:25,597,2834.48,986.31,5369.22,995.53,3.19,-3.56,15.22,3.95,True,7,7,6,7,20,2,5,Very rarely,Moderately experienced,Moderately experienced,Never,2.857,2.5,3.667,48,60,47.667,1.125,0.156,Diagonal,Northwest,Northwest - Diagonal,Complex,7.0,AGV,61.415496199842465,91.58448329206284,213.89,3.0,2.667,4.0,4.0,3.333,3.0,48.286,64.333,38.0,40.5,60.0,32.0,54.667,60.0,19.6,45.429,69.0,43.4
013,Low,2024-5-24,14,31,8,7,14:38:29,14:39:36,782,4016.75,738.3,5472.29,1794.6,3.32,-4.41,15.22,4.51,True,7,8,7,8,20,2,5,Very rarely,Moderately experienced,Moderately experienced,Never,2.857,2.5,3.667,48,60,47.667,1.125,0.2,Straight,East,East - Straight,Straight,7.0,AGV,42.790117053665746,86.26494325906808,181.29,3.0,2.667,4.0,4.0,3.333,3.0,48.286,64.333,38.0,40.5,60.0,32.0,54.667,60.0,19.6,45.429,69.0,43.4
013,Low,2024-5-24,14,31,8,8,14:39:39,14:40:48,422,2593.79,729.56,4609.94,1140.42,3.18,-3.57,15.21,3.79,True,6,7,5,5,20,2,5,Very rarely,Moderately experienced,Moderately experienced,Never,2.857,2.5,3.667,48,60,47.667,1.125,0.153,Diagonal,Southwest,Southwest - Diagonal,Straight,7.0,AGV,53.93989671018689,141.4720665178656,1368.53,3.0,2.667,4.0,4.0,3.333,3.0,48.286,64.333,38.0,40.5,60.0,32.0,54.667,60.0,19.6,45.429,69.0,43.4
013,Low,2024-5-24,14,31,8,9,14:40:52,14:41:54,447,4449.53,825.07,7050.22,1716.18,3.53,-4.41,15.22,5.15,True,7,8,8,7,20,2,5,Very rarely,Moderately experienced,Moderately experienced,Never,2.857,2.5,3.667,48,60,47.667,1.125,0.121,Diagonal,Northeast,Northeast - Diagonal,Straight,6.0,AGV,59.8371840853871,95.65803340809683,98.7,3.0,2.667,4.0,4.0,3.333,3.0,48.286,64.333,38.0,40.5,60.0,32.0,54.667,60.0,19.6,45.429,69.0,43.4
013,Low,2024-5-24,14,31,8,10,14:41:57,14:43:05,436,4244.3,688.3,5502.17,1755.83,3.26,-4.45,15.22,4.81,True,8,8,7,8,20,2,5,Very rarely,Moderately experienced,Moderately experienced,Never,2.857,2.5,3.667,48,60,47.667,1.125,0.125,Straight,West,West - Straight,Straight,7.0,AGV,41.984048321804025,76.90381950204748,266.95,3.0,2.667,4.0,4.0,3.333,3.0,48.286,64.333,38.0,40.5,60.0,32.0,54.667,60.0,19.6,45.429,69.0,43.4
013,Low,2024-5-24,14,31,8,11,14:43:09,14:44:16,936,4544.22,602.13,6215.95,2036.57,2.84,-5.33,15.28,4.9,True,4,3,5,1,20,2,5,Very rarely,Moderately experienced,Moderately experienced,Never,2.857,2.5,3.667,48,60,47.667,1.125,0.225,Diagonal,East,East - Diagonal,Complex,8.0,AGV,54.91911141449279,98.12182535649227,1322.82,3.0,2.667,4.0,4.0,3.333,3.0,48.286,64.333,38.0,40.5,60.0,32.0,54.667,60.0,19.6,45.429,69.0,43.4
013,Low,2024-5-24,14,31,8,12,14:44:21,14:46:05,1039,3123.68,834.47,4296.53,1295.57,2.02,-2.51,10.78,2.6,True,5,4,6,2,20,2,5,Very rarely,Moderately experienced,Moderately experienced,Never,2.857,2.5,3.667,48,60,47.667,1.125,0.202,Straight,Southeast,Southeast - Straight,Complex,4.0,AGV,57.18234246915925,74.23258441389632,278.16,3.0,2.667,4.0,4.0,3.333,3.0,48.286,64.333,38.0,40.5,60.0,32.0,54.667,60.0,19.6,45.429,69.0,43.4
013,Low,2024-5-24,14,31,8,13,14:46:09,14:46:59,0,4474.63,1234.61,11856.79,3768.58,7.52,-2.39,15.22,5.06,True,5,7,6,5,20,2,5,Very rarely,Moderately experienced,Moderately experienced,Never,2.857,2.5,3.667,48,60,47.667,1.125,,Straight,Southwest,Southwest - Straight,Complex,5.0,User,,,,3.0,2.667,4.0,4.0,3.333,3.0,48.286,64.333,38.0,40.5,60.0,32.0,54.667,60.0,19.6,45.429,69.0,43.4
013,Low,2024-5-24,14,31,8,15,14:48:05,14:48:54,436,4309.1,785.66,6814.2,1750.74,4.46,-4.44,15.22,5.6,True,6,7,7,6,20,2,5,Very rarely,Moderately experienced,Moderately experienced,Never,2.857,2.5,3.667,48,60,47.667,1.125,0.154,Straight,North,North - Straight,Straight,5.0,User,48.0833921824896,198.96579699586084,193.32,3.0,2.667,4.0,4.0,3.333,3.0,48.286,64.333,38.0,40.5,60.0,32.0,54.667,60.0,19.6,45.429,69.0,43.4
013,Low,2024-5-24,14,31,8,16,14:48:57,14:50:01,714,3039.89,1045.39,5541.39,1005.57,2.96,-0.16,15.24,4.15,True,6,6,7,4,20,2,5,Very rarely,Moderately experienced,Moderately experienced,Never,2.857,2.5,3.667,48,60,47.667,1.125,0.141,Diagonal,West,West - Diagonal,Complex,6.0,N\A,55.71042735188369,59.46409186837499,205.75,3.0,2.667,4.0,4.0,3.333,3.0,48.286,64.333,38.0,40.5,60.0,32.0,54.667,60.0,19.6,45.429,69.0,43.4
014,High,2024-5-27,16,46,44,1,16:47:00,16:48:14,782,7469.88,651.29,12574.52,4469.56,6.38,-1.6,15.23,5.98,True,8,7,6,6,21,1,5,Frequently,Inexperienced,Very Inexperienced,Never,2.857,2.667,4.083,64,76,31.5,1.062,0.186,Straight,South,South - Straight,Straight,,AGV,50.26356514489815,120.75906610496804,342.96,2.5,3.333,4.25,3.667,4.0,4.5,64.857,95.0,31.333,62.5,64.0,65.0,70.0,76.333,14.0,69.429,100.0,17.8
014,High,2024-5-27,16,46,44,2,16:48:26,16:49:12,0,2196.79,1128.0,4599.98,955.42,4.67,-3.62,15.21,3.24,True,8,6,7,7,21,1,5,Frequently,Inexperienced,Very Inexperienced,Never,2.857,2.667,4.083,64,76,31.5,1.062,0.016,Diagonal,North,North - Diagonal,Complex,8.0,AGV,50.06820973453252,180.79775819393336,173.21,2.5,3.333,4.25,3.667,4.0,4.5,64.857,95.0,31.333,62.5,64.0,65.0,70.0,76.333,14.0,69.429,100.0,17.8
014,High,2024-5-27,16,46,44,3,16:49:27,16:50:14,443,2951.72,881.18,4939.67,1600.52,3.99,-5.48,15.21,4.07,True,8,8,8,8,21,1,5,Frequently,Inexperienced,Very Inexperienced,Never,2.857,2.667,4.083,64,76,31.5,1.062,0.226,Diagonal,South,South - Diagonal,Complex,8.0,N\A,76.069729396641,145.2500493881229,152.51,2.5,3.333,4.25,3.667,4.0,4.5,64.857,95.0,31.333,62.5,64.0,65.0,70.0,76.333,14.0,69.429,100.0,17.8
014,High,2024-5-27,16,46,44,4,16:50:21,16:51:06,529,5366.74,1202.19,11994.53,3955.28,8.16,-3.56,15.22,5.66,True,8,8,8,7,21,1,5,Frequently,Inexperienced,Very Inexperienced,Never,2.857,2.667,4.083,64,76,31.5,1.062,0.196,Straight,Northeast,Northeast - Straight,Complex,8.0,AGV,50.116013061497554,287.4320708471003,168.02,2.5,3.333,4.25,3.667,4.0,4.5,64.857,95.0,31.333,62.5,64.0,65.0,70.0,76.333,14.0,69.429,100.0,17.8
014,High,2024-5-27,16,46,44,5,16:51:17,16:52:19,800,3572.17,1967.05,7720.0,1204.08,3.35,-2.92,15.26,4.88,True,7,7,8,7,21,1,5,Frequently,Inexperienced,Very Inexperienced,Never,2.857,2.667,4.083,64,76,31.5,1.062,0.282,Straight,Northwest,Northwest - Straight,Complex,8.0,AGV,97.04013446592566,95.87338643554088,298.84,2.5,3.333,4.25,3.667,4.0,4.5,64.857,95.0,31.333,62.5,64.0,65.0,70.0,76.333,14.0,69.429,100.0,17.8
014,High,2024-5-27,16,46,44,6,16:52:29,16:53:22,367,3178.1,1751.37,5388.23,844.21,3.61,-3.42,15.21,4.7,True,8,8,8,8,21,1,5,Frequently,Inexperienced,Very Inexperienced,Never,2.857,2.667,4.083,64,76,31.5,1.062,0.183,Diagonal,Northwest,Northwest - Diagonal,Complex,7.0,AGV,68.54731594480396,124.1999083536504,155.57,2.5,3.333,4.25,3.667,4.0,4.5,64.857,95.0,31.333,62.5,64.0,65.0,70.0,76.333,14.0,69.429,100.0,17.8
014,High,2024-5-27,16,46,44,7,16:53:29,16:54:15,477,3322.88,1024.0,5483.19,1762.04,4.77,-4.42,15.21,4.56,True,9,9,9,10,21,1,5,Frequently,Inexperienced,Very Inexperienced,Never,2.857,2.667,4.083,64,76,31.5,1.062,0.2,Straight,East,East - Straight,Straight,8.0,AGV,62.118148182936196,161.80247320353175,277.71,2.5,3.333,4.25,3.667,4.0,4.5,64.857,95.0,31.333,62.5,64.0,65.0,70.0,76.333,14.0,69.429,100.0,17.8
014,High,2024-5-27,16,46,44,8,16:54:24,16:55:15,681,2319.73,1033.92,4637.39,1044.87,4.29,-4.36,15.21,3.54,True,10,10,10,10,21,1,5,Frequently,Inexperienced,Very Inexperienced,Never,2.857,2.667,4.083,64,76,31.5,1.062,0.21,Diagonal,Southwest,Southwest - Diagonal,Straight,9.0,AGV,73.99526557007906,119.33829713087287,133.54,2.5,3.333,4.25,3.667,4.0,4.5,64.857,95.0,31.333,62.5,64.0,65.0,70.0,76.333,14.0,69.429,100.0,17.8
014,High,2024-5-27,16,46,44,9,16:55:26,16:56:15,621,4180.9,1037.85,7031.87,1795.98,4.42,-4.42,15.21,5.32,True,10,10,10,9,21,1,5,Frequently,Inexperienced,Very Inexperienced,Never,2.857,2.667,4.083,64,76,31.5,1.062,0.224,Diagonal,Northeast,Northeast - Diagonal,Straight,10.0,AGV,76.65622399433096,86.32842335090814,233.2,2.5,3.333,4.25,3.667,4.0,4.5,64.857,95.0,31.333,62.5,64.0,65.0,70.0,76.333,14.0,69.429,100.0,17.8
014,High,2024-5-27,16,46,44,10,16:56:24,16:57:10,443,3536.99,985.9,5450.83,1719.78,4.84,-4.4,15.21,4.9,True,10,10,10,10,21,1,5,Frequently,Inexperienced,Very Inexperienced,Never,2.857,2.667,4.083,64,76,31.5,1.062,0.17,Straight,West,West - Straight,Straight,10.0,AGV,61.68588001376488,213.31930733708867,269.2,2.5,3.333,4.25,3.667,4.0,4.5,64.857,95.0,31.333,62.5,64.0,65.0,70.0,76.333,14.0,69.429,100.0,17.8
014,High,2024-5-27,16,46,44,11,16:57:18,16:58:21,1351,3949.05,491.77,6431.41,2416.45,2.99,-5.28,15.22,4.89,True,8,6,5,4,21,1,5,Frequently,Inexperienced,Very Inexperienced,Never,2.857,2.667,4.083,64,76,31.5,1.062,0.329,Diagonal,East,East - Diagonal,Complex,10.0,AGV,57.96905823510965,86.67599011031817,1247.5,2.5,3.333,4.25,3.667,4.0,4.5,64.857,95.0,31.333,62.5,64.0,65.0,70.0,76.333,14.0,69.429,100.0,17.8
014,High,2024-5-27,16,46,44,12,16:58:31,16:59:43,683,2722.39,940.89,4267.95,1332.67,2.94,-3.1,11.14,2.7,True,9,9,9,9,21,1,5,Frequently,Inexperienced,Very Inexperienced,Never,2.857,2.667,4.083,64,76,31.5,1.062,0.198,Straight,Southeast,Southeast - Straight,Complex,8.0,AGV,82.75096905608449,135.96780763239659,297.79,2.5,3.333,4.25,3.667,4.0,4.5,64.857,95.0,31.333,62.5,64.0,65.0,70.0,76.333,14.0,69.429,100.0,17.8
014,High,2024-5-27,16,46,44,13,16:59:51,17:00:29,75,2351.58,1173.58,6941.6,1346.28,6.7,-0.0,15.22,3.76,True,10,10,10,10,21,1,5,Frequently,Inexperienced,Very Inexperienced,Never,2.857,2.667,4.083,64,76,31.5,1.062,0.067,Straight,Southwest,Southwest - Straight,Complex,9.0,AGV,58.21559180225064,287.7450922771369,294.88,2.5,3.333,4.25,3.667,4.0,4.5,64.857,95.0,31.333,62.5,64.0,65.0,70.0,76.333,14.0,69.429,100.0,17.8
014,High,2024-5-27,16,46,44,14,17:00:36,17:01:24,958,2315.15,1015.15,4694.99,1015.77,4.57,-4.31,15.22,3.54,True,10,10,10,10,21,1,5,Frequently,Inexperienced,Very Inexperienced,Never,2.857,2.667,4.083,64,76,31.5,1.062,0.339,Diagonal,Southeast,Southeast - Diagonal,Straight,10.0,User,74.49496513445509,126.90021284067245,501.07,2.5,3.333,4.25,3.667,4.0,4.5,64.857,95.0,31.333,62.5,64.0,65.0,70.0,76.333,14.0,69.429,100.0,17.8
014,High,2024-5-27,16,46,44,15,17:01:32,17:02:15,594,4066.48,982.79,6838.46,1808.49,5.04,-4.58,15.21,5.47,True,8,8,9,10,21,1,5,Frequently,Inexperienced,Very Inexperienced,Never,2.857,2.667,4.083,64,76,31.5,1.062,0.229,Straight,North,North - Straight,Straight,10.0,AGV,54.29552450317998,225.51160136902797,168.61,2.5,3.333,4.25,3.667,4.0,4.5,64.857,95.0,31.333,62.5,64.0,65.0,70.0,76.333,14.0,69.429,100.0,17.8
014,High,2024-5-27,16,46,44,16,17:02:21,17:03:04,254,2917.64,1418.06,5713.87,1083.69,4.35,-0.0,15.27,4.51,True,9,9,9,10,21,1,5,Frequently,Inexperienced,Very Inexperienced,Never,2.857,2.667,4.083,64,76,31.5,1.062,0.117,Diagonal,West,West - Diagonal,Complex,8.0,N\A,84.5355102016558,135.2077886719779,130.94,2.5,3.333,4.25,3.667,4.0,4.5,64.857,95.0,31.333,62.5,64.0,65.0,70.0,76.333,14.0,69.429,100.0,17.8
014,Low,2024-5-27,17,9,2,1,17:09:20,17:10:11,754,6444.24,645.78,12652.48,4256.97,9.13,-3.34,15.22,5.53,True,9,9,9,10,21,1,5,Frequently,Inexperienced,Very Inexperienced,Never,2.857,2.667,4.083,82,95,31.0,1.062,0.233,Straight,South,South - Straight,Straight,8.2,AGV,72.15750818514879,175.40645188767448,205.34,2.5,3.333,4.25,3.667,4.0,4.5,82.643,98.333,30.667,100.0,100.0,97.5,91.667,95.417,2.4,93.857,100.0,17.2
014,Low,2024-5-27,17,9,2,2,17:10:20,17:11:01,0,2069.88,1066.22,4600.66,1024.65,5.22,-3.45,15.22,3.5,True,10,10,10,10,21,1,5,Frequently,Inexperienced,Very Inexperienced,Never,2.857,2.667,4.083,82,95,31.0,1.062,0.17,Diagonal,North,North - Diagonal,Complex,9.0,AGV,56.20172049049091,211.13632288499144,130.7,2.5,3.333,4.25,3.667,4.0,4.5,82.643,98.333,30.667,100.0,100.0,97.5,91.667,95.417,2.4,93.857,100.0,17.2
014,Low,2024-5-27,17,9,2,3,17:11:12,17:11:58,398,2672.49,880.48,4894.84,1630.26,4.05,-5.4,15.21,3.75,True,10,10,10,10,21,1,5,Frequently,Inexperienced,Very Inexperienced,Never,2.857,2.667,4.083,82,95,31.0,1.062,0.26,Diagonal,South,South - Diagonal,Complex,10.0,N\A,77.15839866227478,128.68495930795325,284.16,2.5,3.333,4.25,3.667,4.0,4.5,82.643,98.333,30.667,100.0,100.0,97.5,91.667,95.417,2.4,93.857,100.0,17.2
014,Low,2024-5-27,17,9,2,4,17:12:06,17:12:44,650,3838.96,809.38,10992.04,2771.0,9.18,-0.0,15.23,4.89,True,10,10,10,10,21,1,5,Frequently,Inexperienced,Very Inexperienced,Never,2.857,2.667,4.083,82,95,31.0,1.062,0.273,Straight,Northeast,Northeast - Straight,Complex,10.0,AGV,61.131588274224846,338.58640953048285,168.55,2.5,3.333,4.25,3.667,4.0,4.5,82.643,98.333,30.667,100.0,100.0,97.5,91.667,95.417,2.4,93.857,100.0,17.2
014,Low,2024-5-27,17,9,2,5,17:12:50,17:13:44,367,4076.83,2985.17,7789.0,1062.83,3.51,-0.02,15.34,6.1,True,10,10,10,9,21,1,5,Frequently,Inexperienced,Very Inexperienced,Never,2.857,2.667,4.083,82,95,31.0,1.062,0.19,Straight,Northwest,Northwest - Straight,Complex,10.0,AGV,112.40313588489661,115.34824952126417,449.85,2.5,3.333,4.25,3.667,4.0,4.5,82.643,98.333,30.667,100.0,100.0,97.5,91.667,95.417,2.4,93.857,100.0,17.2
014,Low,2024-5-27,17,9,2,6,17:13:54,17:14:30,408,2543.87,986.76,5389.82,1205.44,5.2,-4.23,15.25,4.07,True,10,10,10,10,21,1,5,Frequently,Inexperienced,Very Inexperienced,Never,2.857,2.667,4.083,82,95,31.0,1.062,0.244,Diagonal,Northwest,Northwest - Diagonal,Complex,10.0,AGV,98.96075570164331,181.0563186106622,203.69,2.5,3.333,4.25,3.667,4.0,4.5,82.643,98.333,30.667,100.0,100.0,97.5,91.667,95.417,2.4,93.857,100.0,17.2
014,Low,2024-5-27,17,9,2,7,17:14:39,17:15:21,955,2992.56,607.09,5481.38,1939.52,5.19,-4.0,15.22,5.74,True,10,10,10,9,21,1,5,Frequently,Inexperienced,Very Inexperienced,Never,2.857,2.667,4.083,82,95,31.0,1.062,0.34,Straight,East,East - Straight,Straight,10.0,AGV,66.44894889098762,227.55131081518206,598.21,2.5,3.333,4.25,3.667,4.0,4.5,82.643,98.333,30.667,100.0,100.0,97.5,91.667,95.417,2.4,93.857,100.0,17.2
014,Low,2024-5-27,17,9,2,8,17:15:29,17:16:04,476,1956.59,996.19,4703.5,966.88,5.68,-0.0,15.22,2.63,True,10,10,10,10,21,1,5,Frequently,Inexperienced,Very Inexperienced,Never,2.857,2.667,4.083,82,95,31.0,1.062,0.238,Diagonal,Southwest,Southwest - Diagonal,Straight,10.0,User,107.82234796761533,276.24556528891935,162.51,2.5,3.333,4.25,3.667,4.0,4.5,82.643,98.333,30.667,100.0,100.0,97.5,91.667,95.417,2.4,93.857,100.0,17.2
014,Low,2024-5-27,17,9,2,9,17:16:11,17:16:50,552,3959.52,575.83,7034.09,1949.47,5.54,-4.45,15.31,5.56,True,10,10,10,10,21,1,5,Frequently,Inexperienced,Very Inexperienced,Never,2.857,2.667,4.083,82,95,31.0,1.062,0.191,Diagonal,Northeast,Northeast - Diagonal,Straight,10.0,User,96.93333523303964,134.68086043105419,125.67,2.5,3.333,4.25,3.667,4.0,4.5,82.643,98.333,30.667,100.0,100.0,97.5,91.667,95.417,2.4,93.857,100.0,17.2
014,Low,2024-5-27,17,9,2,10,17:16:59,17:17:41,95,3577.4,1166.93,5451.35,1689.82,5.33,-4.39,15.22,5.21,True,10,10,10,10,21,1,5,Frequently,Inexperienced,Very Inexperienced,Never,2.857,2.667,4.083,82,95,31.0,1.062,0.082,Straight,West,West - Straight,Straight,10.0,AGV,67.77986837051442,234.25033478041544,239.85,2.5,3.333,4.25,3.667,4.0,4.5,82.643,98.333,30.667,100.0,100.0,97.5,91.667,95.417,2.4,93.857,100.0,17.2
014,Low,2024-5-27,17,9,2,11,17:17:50,17:18:46,887,3820.33,650.76,6298.36,2346.58,3.41,-5.4,15.22,5.23,True,8,7,8,8,21,1,5,Frequently,Inexperienced,Very Inexperienced,Never,2.857,2.667,4.083,82,95,31.0,1.062,0.235,Diagonal,East,East - Diagonal,Complex,10.0,AGV,63.51977288377105,94.64867053297937,414.79,2.5,3.333,4.25,3.667,4.0,4.5,82.643,98.333,30.667,100.0,100.0,97.5,91.667,95.417,2.4,93.857,100.0,17.2
014,Low,2024-5-27,17,9,2,12,17:18:57,17:19:46,333,2741.84,1663.94,4273.49,1014.01,4.33,-1.9,15.22,3.62,True,10,10,10,10,21,1,5,Frequently,Inexperienced,Very Inexperienced,Never,2.857,2.667,4.083,82,95,31.0,1.062,0.121,Straight,Southeast,Southeast - Straight,Complex,8.0,User,123.13628680892246,167.50021384953314,205.17,2.5,3.333,4.25,3.667,4.0,4.5,82.643,98.333,30.667,100.0,100.0,97.5,91.667,95.417,2.4,93.857,100.0,17.2
014,Low,2024-5-27,17,9,2,13,17:20:03,17:20:34,85,1932.6,1399.4,3392.36,548.45,5.44,-0.0,14.59,1.76,True,10,10,10,10,21,1,5,Frequently,Inexperienced,Very Inexperienced,Never,2.857,2.667,4.083,82,95,31.0,1.062,0.086,Straight,Southwest,Southwest - Straight,Complex,10.0,User,71.78901129279323,269.08674025885193,142.68,2.5,3.333,4.25,3.667,4.0,4.5,82.643,98.333,30.667,100.0,100.0,97.5,91.667,95.417,2.4,93.857,100.0,17.2
014,Low,2024-5-27,17,9,2,14,17:20:40,17:21:25,675,2081.09,640.31,4675.35,1115.15,4.89,-3.84,15.21,3.33,True,10,10,10,10,21,1,5,Frequently,Inexperienced,Very Inexperienced,Never,2.857,2.667,4.083,82,95,31.0,1.062,0.241,Diagonal,Southeast,Southeast - Diagonal,Straight,10.0,User,78.61976624650308,179.70499940386756,223.89,2.5,3.333,4.25,3.667,4.0,4.5,82.643,98.333,30.667,100.0,100.0,97.5,91.667,95.417,2.4,93.857,100.0,17.2
014,Low,2024-5-27,17,9,2,15,17:21:34,17:22:13,346,4024.17,1101.86,6822.94,1778.59,5.57,-4.62,15.22,5.63,True,10,10,10,10,21,1,5,Frequently,Inexperienced,Very Inexperienced,Never,2.857,2.667,4.083,82,95,31.0,1.062,0.125,Straight,North,North - Straight,Straight,10.0,AGV,59.43904158525247,218.1310662451465,181.49,2.5,3.333,4.25,3.667,4.0,4.5,82.643,98.333,30.667,100.0,100.0,97.5,91.667,95.417,2.4,93.857,100.0,17.2
014,Low,2024-5-27,17,9,2,16,17:22:30,17:23:06,178,2842.83,1178.71,5782.43,1215.07,5.25,-0.01,15.22,4.71,True,10,10,10,10,21,1,5,Frequently,Inexperienced,Very Inexperienced,Never,2.857,2.667,4.083,82,95,31.0,1.062,0.125,Diagonal,West,West - Diagonal,Complex,10.0,N\A,104.97913474842686,100.97874165227655,212.92,2.5,3.333,4.25,3.667,4.0,4.5,82.643,98.333,30.667,100.0,100.0,97.5,91.667,95.417,2.4,93.857,100.0,17.2
015,High,2024-5-28,14,50,5,1,14:50:16,14:50:59,292,6277.33,894.48,12678.84,4069.9,9.69,-0.02,15.22,5.59,True,10,10,9,8,19,3,5,Very frequently,Neither Inexperienced or Experienced,Neither Inexperienced or Experienced,Very rarely,2.857,3.667,5.167,76,83,40.167,1.188,0.196,Straight,South,South - Straight,Straight,7.6,AGV,84.7512335463955,189.25771730675046,1205.95,3.75,1.667,5.0,4.333,5.333,6.5,76.786,93.667,39.333,92.0,95.0,89.0,73.0,83.667,9.4,78.714,82.0,31.8
015,High,2024-5-28,14,50,5,2,14:51:01,14:51:36,0,2302.29,1211.03,4557.05,868.91,6.03,0.0,15.21,2.91,True,10,10,9,10,19,3,5,Very frequently,Neither Inexperienced or Experienced,Neither Inexperienced or Experienced,Very rarely,2.857,3.667,5.167,76,83,40.167,1.188,0.0,Diagonal,North,North - Diagonal,Complex,10.0,User,66.306506238495,238.45929978047644,337.63,3.75,1.667,5.0,4.333,5.333,6.5,76.786,93.667,39.333,92.0,95.0,89.0,73.0,83.667,9.4,78.714,82.0,31.8
015,High,2024-5-28,14,50,5,3,14:51:52,14:52:32,744,2310.85,791.59,4977.52,1579.52,4.66,-5.5,15.23,3.72,True,10,10,9,6,19,3,5,Very frequently,Neither Inexperienced or Experienced,Neither Inexperienced or Experienced,Very rarely,2.857,3.667,5.167,76,83,40.167,1.188,0.349,Diagonal,South,South - Diagonal,Complex,10.0,N\A,90.00038248096322,170.7412850201209,372.82,3.75,1.667,5.0,4.333,5.333,6.5,76.786,93.667,39.333,92.0,95.0,89.0,73.0,83.667,9.4,78.714,82.0,31.8
015,High,2024-5-28,14,50,5,4,14:52:36,14:53:06,220,2260.67,786.97,5381.27,1452.69,6.88,-0.0,15.22,3.86,True,10,10,9,8,19,3,5,Very frequently,Neither Inexperienced or Experienced,Neither Inexperienced or Experienced,Very rarely,2.857,3.667,5.167,76,83,40.167,1.188,0.176,Straight,Northeast,Northeast - Straight,Complex,10.0,AGV,77.85102155509635,299.8353484538626,217.14,3.75,1.667,5.0,4.333,5.333,6.5,76.786,93.667,39.333,92.0,95.0,89.0,73.0,83.667,9.4,78.714,82.0,31.8
015,High,2024-5-28,14,50,5,5,14:53:10,14:53:59,447,3466.01,971.94,7789.95,1528.07,4.26,-3.61,15.31,4.98,True,10,9,8,8,19,3,5,Very frequently,Neither Inexperienced or Experienced,Neither Inexperienced or Experienced,Very rarely,2.857,3.667,5.167,76,83,40.167,1.188,0.13,Straight,Northwest,Northwest - Straight,Complex,10.0,User,122.41355769729907,47.916185750414755,249.41,3.75,1.667,5.0,4.333,5.333,6.5,76.786,93.667,39.333,92.0,95.0,89.0,73.0,83.667,9.4,78.714,82.0,31.8
015,High,2024-5-28,14,50,5,6,14:54:03,14:54:40,644,2627.89,1153.58,5494.41,1188.46,5.24,-2.85,15.24,4.11,True,10,9,9,8,19,3,5,Very frequently,Neither Inexperienced or Experienced,Neither Inexperienced or Experienced,Very rarely,2.857,3.667,5.167,76,83,40.167,1.188,0.368,Diagonal,Northwest,Northwest - Diagonal,Complex,10.0,AGV,101.21505384043056,151.2593464141188,175.39,3.75,1.667,5.0,4.333,5.333,6.5,76.786,93.667,39.333,92.0,95.0,89.0,73.0,83.667,9.4,78.714,82.0,31.8
015,High,2024-5-28,14,50,5,7,14:54:41,14:55:16,465,2731.88,859.05,5435.61,1560.47,6.33,-4.05,15.22,4.5,True,10,10,9,9,19,3,5,Very frequently,Neither Inexperienced or Experienced,Neither Inexperienced or Experienced,Very rarely,2.857,3.667,5.167,76,83,40.167,1.188,0.27,Straight,East,East - Straight,Straight,10.0,AGV,81.79251811066047,256.1392532578282,997.64,3.75,1.667,5.0,4.333,5.333,6.5,76.786,93.667,39.333,92.0,95.0,89.0,73.0,83.667,9.4,78.714,82.0,31.8
015,High,2024-5-28,14,50,5,8,14:55:18,14:56:07,621,2352.72,558.73,4672.11,1018.93,4.53,-4.0,15.21,3.57,True,10,8,9,9,19,3,5,Very frequently,Neither Inexperienced or Experienced,Neither Inexperienced or Experienced,Very rarely,2.857,3.667,5.167,76,83,40.167,1.188,0.211,Diagonal,Southwest,Southwest - Diagonal,Straight,10.0,User,76.45959576359067,199.96977046867428,1468.44,3.75,1.667,5.0,4.333,5.333,6.5,76.786,93.667,39.333,92.0,95.0,89.0,73.0,83.667,9.4,78.714,82.0,31.8
015,High,2024-5-28,14,50,5,9,14:56:16,14:56:55,387,3920.29,1085.0,7040.08,1859.97,5.6,-4.15,15.22,5.46,True,10,10,9,10,19,3,5,Very frequently,Neither Inexperienced or Experienced,Neither Inexperienced or Experienced,Very rarely,2.857,3.667,5.167,76,83,40.167,1.188,0.167,Diagonal,Northeast,Northeast - Diagonal,Straight,10.0,AGV,95.0652854856673,209.10009522712113,1377.69,3.75,1.667,5.0,4.333,5.333,6.5,76.786,93.667,39.333,92.0,95.0,89.0,73.0,83.667,9.4,78.714,82.0,31.8
015,High,2024-5-28,14,50,5,10,14:56:58,14:57:38,694,3319.8,762.33,5364.58,1675.91,5.4,-4.44,15.23,4.96,True,10,10,8,8,19,3,5,Very frequently,Neither Inexperienced or Experienced,Neither Inexperienced or Experienced,Very rarely,2.857,3.667,5.167,76,83,40.167,1.188,0.273,Straight,West,West - Straight,Straight,10.0,AGV,71.50942698023688,246.13165299254234,262.78,3.75,1.667,5.0,4.333,5.333,6.5,76.786,93.667,39.333,92.0,95.0,89.0,73.0,83.667,9.4,78.714,82.0,31.8
015,High,2024-5-28,14,50,5,11,14:57:42,14:58:36,648,4489.8,736.23,6344.29,2122.2,3.5,-5.45,15.21,4.72,True,9,10,8,9,19,3,5,Very frequently,Neither Inexperienced or Experienced,Neither Inexperienced or Experienced,Very rarely,2.857,3.667,5.167,76,83,40.167,1.188,0.241,Diagonal,East,East - Diagonal,Complex,10.0,AGV,69.51289210418435,99.52502527657353,1731.77,3.75,1.667,5.0,4.333,5.333,6.5,76.786,93.667,39.333,92.0,95.0,89.0,73.0,83.667,9.4,78.714,82.0,31.8
015,High,2024-5-28,14,50,5,12,14:58:39,14:59:36,720,2635.74,1020.69,4164.77,1179.45,3.69,-1.84,15.23,3.12,True,10,9,8,9,19,3,5,Very frequently,Neither Inexperienced or Experienced,Neither Inexperienced or Experienced,Very rarely,2.857,3.667,5.167,76,83,40.167,1.188,0.25,Straight,Southeast,Southeast - Straight,Complex,9.0,User,104.40652747589286,126.05149109335689,1343.25,3.75,1.667,5.0,4.333,5.333,6.5,76.786,93.667,39.333,92.0,95.0,89.0,73.0,83.667,9.4,78.714,82.0,31.8
015,High,2024-5-28,14,50,5,13,14:59:44,15:00:15,2,2103.65,1383.69,3128.97,449.08,4.96,-0.0,9.57,0.9,True,10,10,9,10,19,3,5,Very frequently,Neither Inexperienced or Experienced,Neither Inexperienced or Experienced,Very rarely,2.857,3.667,5.167,76,83,40.167,1.188,0.029,Straight,Southwest,Southwest - Straight,Complex,10.0,User,76.38866315403857,196.6142458097205,342.51,3.75,1.667,5.0,4.333,5.333,6.5,76.786,93.667,39.333,92.0,95.0,89.0,73.0,83.667,9.4,78.714,82.0,31.8
015,High,2024-5-28,14,50,5,14,15:00:18,15:01:05,1004,2288.81,833.27,4682.63,1014.39,4.62,-4.0,15.24,3.47,True,10,10,8,9,19,3,5,Very frequently,Neither Inexperienced or Experienced,Neither Inexperienced or Experienced,Very rarely,2.857,3.667,5.167,76,83,40.167,1.188,0.353,Diagonal,Southeast,Southeast - Diagonal,Straight,10.0,User,78.46572595114868,113.62763510902161,1344.26,3.75,1.667,5.0,4.333,5.333,6.5,76.786,93.667,39.333,92.0,95.0,89.0,73.0,83.667,9.4,78.714,82.0,31.8
015,High,2024-5-28,14,50,5,15,15:01:08,15:01:46,140,3625.28,925.67,6890.31,1904.3,5.69,-4.45,15.21,5.24,True,10,9,9,10,19,3,5,Very frequently,Neither Inexperienced or Experienced,Neither Inexperienced or Experienced,Very rarely,2.857,3.667,5.167,76,83,40.167,1.188,0.171,Straight,North,North - Straight,Straight,10.0,User,62.618977281700225,254.872586766388,256.01,3.75,1.667,5.0,4.333,5.333,6.5,76.786,93.667,39.333,92.0,95.0,89.0,73.0,83.667,9.4,78.714,82.0,31.8
015,High,2024-5-28,14,50,5,16,15:01:50,15:02:31,463,2755.26,599.68,5667.48,1279.32,4.51,-0.13,15.29,4.48,True,10,9,8,9,19,3,5,Very frequently,Neither Inexperienced or Experienced,Neither Inexperienced or Experienced,Very rarely,2.857,3.667,5.167,76,83,40.167,1.188,0.208,Diagonal,West,West - Diagonal,Complex,10.0,N\A,88.41246420176552,152.38672665594615,166.44,3.75,1.667,5.0,4.333,5.333,6.5,76.786,93.667,39.333,92.0,95.0,89.0,73.0,83.667,9.4,78.714,82.0,31.8
015,Low,2024-5-28,14,31,2,1,14:31:12,14:32:06,149,7128.74,813.55,12630.08,4419.75,8.14,-0.0,15.22,5.83,True,8,9,8,10,19,3,5,Very frequently,Neither Inexperienced or Experienced,Neither Inexperienced or Experienced,Very rarely,2.857,3.667,5.167,74,84,46.333,1.188,0.088,Straight,South,South - Straight,Straight,,AGV,68.46380240786478,167.11958185565956,1189.16,3.75,1.667,5.0,4.333,5.333,6.5,74.857,86.333,42.333,85.5,74.0,95.5,75.333,84.417,8.0,79.0,84.0,38.8
015,Low,2024-5-28,14,31,2,2,14:32:09,14:32:45,0,2236.31,1057.07,4535.09,892.9,5.94,-0.03,15.23,2.81,True,10,9,10,9,19,3,5,Very frequently,Neither Inexperienced or Experienced,Neither Inexperienced or Experienced,Very rarely,2.857,3.667,5.167,74,84,46.333,1.188,0.0,Diagonal,North,North - Diagonal,Complex,8.0,User,65.4635706184114,236.39228113349722,212.72,3.75,1.667,5.0,4.333,5.333,6.5,74.857,86.333,42.333,85.5,74.0,95.5,75.333,84.417,8.0,79.0,84.0,38.8
015,Low,2024-5-28,14,31,2,3,14:32:47,14:33:29,164,2482.09,732.39,4908.14,1535.17,4.49,-5.57,15.21,3.71,True,10,10,8,10,19,3,5,Very frequently,Neither Inexperienced or Experienced,Neither Inexperienced or Experienced,Very rarely,2.857,3.667,5.167,74,84,46.333,1.188,0.133,Diagonal,South,South - Diagonal,Complex,10.0,N\A,87.60492680185769,162.67647787271062,1261.07,3.75,1.667,5.0,4.333,5.333,6.5,74.857,86.333,42.333,85.5,74.0,95.5,75.333,84.417,8.0,79.0,84.0,38.8
015,Low,2024-5-28,14,31,2,4,14:33:33,14:34:07,214,4948.23,518.48,11985.49,3752.52,10.86,-2.5,15.24,5.64,True,8,7,6,8,19,3,5,Very frequently,Neither Inexperienced or Experienced,Neither Inexperienced or Experienced,Very rarely,2.857,3.667,5.167,74,84,46.333,1.188,0.135,Straight,Northeast,Northeast - Straight,Complex,10.0,User,68.03311456979232,388.52836550877396,239.02,3.75,1.667,5.0,4.333,5.333,6.5,74.857,86.333,42.333,85.5,74.0,95.5,75.333,84.417,8.0,79.0,84.0,38.8
015,Low,2024-5-28,14,31,2,5,14:34:09,14:35:01,272,3590.28,1707.18,7786.89,1365.09,4.09,-4.55,15.27,5.47,True,9,8,9,10,19,3,5,Very frequently,Neither Inexperienced or Experienced,Neither Inexperienced or Experienced,Very rarely,2.857,3.667,5.167,74,84,46.333,1.188,0.086,Straight,Northwest,Northwest - Straight,Complex,8.0,User,116.24542647591616,74.97431214093895,247.52,3.75,1.667,5.0,4.333,5.333,6.5,74.857,86.333,42.333,85.5,74.0,95.5,75.333,84.417,8.0,79.0,84.0,38.8
015,Low,2024-5-28,14,31,2,6,14:35:07,14:35:51,434,2585.94,763.8,5388.42,1241.11,4.38,-4.19,15.2,4.07,True,9,9,10,10,19,3,5,Very frequently,Neither Inexperienced or Experienced,Neither Inexperienced or Experienced,Very rarely,2.857,3.667,5.167,74,84,46.333,1.188,0.217,Diagonal,Northwest,Northwest - Diagonal,Complex,9.0,AGV,84.33563818446142,147.1710918346172,1399.59,3.75,1.667,5.0,4.333,5.333,6.5,74.857,86.333,42.333,85.5,74.0,95.5,75.333,84.417,8.0,79.0,84.0,38.8
015,Low,2024-5-28,14,31,2,7,14:35:53,14:36:31,642,2975.07,617.01,5459.04,1689.8,5.86,-4.4,15.22,4.71,True,9,10,9,7,19,3,5,Very frequently,Neither Inexperienced or Experienced,Neither Inexperienced or Experienced,Very rarely,2.857,3.667,5.167,74,84,46.333,1.188,0.325,Straight,East,East - Straight,Straight,9.0,AGV,76.10852630380916,258.00427641312405,524.93,3.75,1.667,5.0,4.333,5.333,6.5,74.857,86.333,42.333,85.5,74.0,95.5,75.333,84.417,8.0,79.0,84.0,38.8
015,Low,2024-5-28,14,31,2,8,14:36:34,14:37:30,673,2477.55,691.19,4623.31,999.28,3.9,-4.13,15.21,3.64,True,9,10,10,10,19,3,5,Very frequently,Neither Inexperienced or Experienced,Neither Inexperienced or Experienced,Very rarely,2.857,3.667,5.167,74,84,46.333,1.188,0.188,Diagonal,Southwest,Southwest - Diagonal,Straight,9.0,User,67.52237841400058,165.25269787039755,1406.82,3.75,1.667,5.0,4.333,5.333,6.5,74.857,86.333,42.333,85.5,74.0,95.5,75.333,84.417,8.0,79.0,84.0,38.8
015,Low,2024-5-28,14,31,2,9,14:37:37,14:38:21,16,4170.58,841.18,7033.66,1874.96,5.01,-4.45,15.21,5.67,True,10,9,10,10,19,3,5,Very frequently,Neither Inexperienced or Experienced,Neither Inexperienced or Experienced,Very rarely,2.857,3.667,5.167,74,84,46.333,1.188,0.022,Diagonal,Northeast,Northeast - Diagonal,Straight,9.0,AGV,84.02316326673923,222.79978489684217,1349.46,3.75,1.667,5.0,4.333,5.333,6.5,74.857,86.333,42.333,85.5,74.0,95.5,75.333,84.417,8.0,79.0,84.0,38.8
015,Low,2024-5-28,14,31,2,10,14:38:24,14:39:07,611,3367.06,756.62,5415.38,1730.37,5.11,-4.48,15.24,4.87,True,10,10,9,8,19,3,5,Very frequently,Neither Inexperienced or Experienced,Neither Inexperienced or Experienced,Very rarely,2.857,3.667,5.167,74,84,46.333,1.188,0.239,Straight,West,West - Straight,Straight,10.0,User,67.37535085720732,142.25034375817893,241.01,3.75,1.667,5.0,4.333,5.333,6.5,74.857,86.333,42.333,85.5,74.0,95.5,75.333,84.417,8.0,79.0,84.0,38.8
015,Low,2024-5-28,14,31,2,11,14:39:10,14:40:06,541,4576.46,453.25,6343.5,2085.64,3.41,-5.36,15.25,5.35,True,9,10,8,7,19,3,5,Very frequently,Neither Inexperienced or Experienced,Neither Inexperienced or Experienced,Very rarely,2.857,3.667,5.167,74,84,46.333,1.188,0.22,Diagonal,East,East - Diagonal,Complex,10.0,User,67.9741718226446,80.87547774639869,1982.16,3.75,1.667,5.0,4.333,5.333,6.5,74.857,86.333,42.333,85.5,74.0,95.5,75.333,84.417,8.0,79.0,84.0,38.8
015,Low,2024-5-28,14,31,2,12,14:40:09,14:40:57,18,3191.14,1935.73,4189.89,883.7,4.35,-2.78,15.25,4.65,True,10,10,9,10,19,3,5,Very frequently,Neither Inexperienced or Experienced,Neither Inexperienced or Experienced,Very rarely,2.857,3.667,5.167,74,84,46.333,1.188,0.019,Straight,Southeast,Southeast - Straight,Complex,9.0,User,124.7053440079501,204.53140132768678,372.15,3.75,1.667,5.0,4.333,5.333,6.5,74.857,86.333,42.333,85.5,74.0,95.5,75.333,84.417,8.0,79.0,84.0,38.8
015,Low,2024-5-28,14,31,2,13,14:41:00,14:41:28,0,2089.87,1446.27,3159.23,427.49,5.05,-0.0,9.56,1.03,True,10,10,10,10,19,3,5,Very frequently,Neither Inexperienced or Experienced,Neither Inexperienced or Experienced,Very rarely,2.857,3.667,5.167,74,84,46.333,1.188,0.0,Straight,Southwest,Southwest - Straight,Complex,10.0,User,83.11744154790814,186.39361842772732,214.61,3.75,1.667,5.0,4.333,5.333,6.5,74.857,86.333,42.333,85.5,74.0,95.5,75.333,84.417,8.0,79.0,84.0,38.8
015,Low,2024-5-28,14,31,2,14,14:41:31,14:42:20,574,2426.7,814.64,4657.53,984.75,4.45,-3.91,15.23,3.94,True,10,10,10,10,19,3,5,Very frequently,Neither Inexperienced or Experienced,Neither Inexperienced or Experienced,Very rarely,2.857,3.667,5.167,74,84,46.333,1.188,0.269,Diagonal,Southeast,Southeast - Diagonal,Straight,10.0,User,75.99485872038461,111.32650799876367,1550.64,3.75,1.667,5.0,4.333,5.333,6.5,74.857,86.333,42.333,85.5,74.0,95.5,75.333,84.417,8.0,79.0,84.0,38.8
015,Low,2024-5-28,14,31,2,15,14:42:22,14:42:55,231,3915.49,845.91,6873.14,1851.76,6.65,-4.42,15.21,5.77,True,10,10,9,10,19,3,5,Very frequently,Neither Inexperienced or Experienced,Neither Inexperienced or Experienced,Very rarely,2.857,3.667,5.167,74,84,46.333,1.188,0.171,Straight,North,North - Straight,Straight,10.0,User,72.38254326851825,294.30738279945797,229.9,3.75,1.667,5.0,4.333,5.333,6.5,74.857,86.333,42.333,85.5,74.0,95.5,75.333,84.417,8.0,79.0,84.0,38.8
015,Low,2024-5-28,14,31,2,16,14:42:58,14:43:37,449,2615.51,656.65,5661.41,1294.65,4.91,-0.13,15.22,4.18,True,10,8,8,8,19,3,5,Very frequently,Neither Inexperienced or Experienced,Neither Inexperienced or Experienced,Very rarely,2.857,3.667,5.167,74,84,46.333,1.188,0.189,Diagonal,West,West - Diagonal,Complex,10.0,N\A,91.30090917029698,94.7754659245988,625.69,3.75,1.667,5.0,4.333,5.333,6.5,74.857,86.333,42.333,85.5,74.0,95.5,75.333,84.417,8.0,79.0,84.0,38.8
016,High,2024-5-31,17,1,19,1,17:02:16,17:03:55,207,7865.81,652.03,12212.21,3588.22,4.73,-3.4,15.3,5.96,True,10,9,10,9,30,2,2,Very rarely,Unfamiliar,Unfamiliar,Never,2.857,3.167,5.917,80,95,36.167,1.25,0.07,Straight,South,South - Straight,Straight,,User,37.05112163736308,90.33206633460635,177.11,3.25,2.333,6.75,5.667,4.333,7.0,80.357,95.0,35.0,92.5,95.0,92.5,90.0,95.833,2.0,94.286,92.0,25.0
016,High,2024-5-31,17,1,19,2,17:04:10,17:05:00,0,2247.29,1019.65,4576.17,957.57,4.37,-3.55,15.21,3.28,True,10,10,10,10,30,2,2,Very rarely,Unfamiliar,Unfamiliar,Never,2.857,3.167,5.917,80,95,36.167,1.25,0.0,Diagonal,North,North - Diagonal,Complex,10.0,AGV,47.29666175821715,185.0963886785325,93.28,3.25,2.333,6.75,5.667,4.333,7.0,80.357,95.0,35.0,92.5,95.0,92.5,90.0,95.833,2.0,94.286,92.0,25.0
016,High,2024-5-31,17,1,19,3,17:05:11,17:06:07,486,3444.94,911.24,5467.53,1711.92,3.29,-5.51,15.21,4.18,True,10,10,10,10,30,2,2,Very rarely,Unfamiliar,Unfamiliar,Never,2.857,3.167,5.917,80,95,36.167,1.25,0.16,Diagonal,South,South - Diagonal,Complex,10.0,N\A,65.73262501507911,122.14226550931737,188.28,3.25,2.333,6.75,5.667,4.333,7.0,80.357,95.0,35.0,92.5,95.0,92.5,90.0,95.833,2.0,94.286,92.0,25.0
016,High,2024-5-31,17,1,19,4,17:06:26,17:07:19,315,6093.81,853.4,11958.14,4370.45,6.96,-2.6,15.22,5.88,True,10,10,10,10,30,2,2,Very rarely,Unfamiliar,Unfamiliar,Never,2.857,3.167,5.917,80,95,36.167,1.25,0.132,Straight,Northeast,Northeast - Straight,Complex,10.0,AGV,41.911031117575185,245.2570369235093,129.11,3.25,2.333,6.75,5.667,4.333,7.0,80.357,95.0,35.0,92.5,95.0,92.5,90.0,95.833,2.0,94.286,92.0,25.0
016,High,2024-5-31,17,1,19,5,17:07:34,17:09:33,55,3908.5,2693.51,7678.1,730.33,1.58,-0.09,15.28,4.47,True,10,10,10,10,30,2,2,Very rarely,Unfamiliar,Unfamiliar,Never,2.857,3.167,5.917,80,95,36.167,1.25,0.015,Straight,Northwest,Northwest - Straight,Complex,10.0,AGV,50.409482117718895,62.0623330704508,478.11,3.25,2.333,6.75,5.667,4.333,7.0,80.357,95.0,35.0,92.5,95.0,92.5,90.0,95.833,2.0,94.286,92.0,25.0
016,High,2024-5-31,17,1,19,6,17:09:50,17:10:44,373,3319.57,1757.13,5384.23,903.49,3.52,-2.72,15.24,4.78,True,10,10,10,10,30,2,2,Very rarely,Unfamiliar,Unfamiliar,Never,2.857,3.167,5.917,80,95,36.167,1.25,0.15,Diagonal,Northwest,Northwest - Diagonal,Complex,10.0,AGV,66.95599681683007,118.17138884586247,99.92,3.25,2.333,6.75,5.667,4.333,7.0,80.357,95.0,35.0,92.5,95.0,92.5,90.0,95.833,2.0,94.286,92.0,25.0
016,High,2024-5-31,17,1,19,7,17:10:50,17:11:43,213,3527.1,1009.04,5455.38,1750.22,4.14,-4.4,15.22,4.51,True,10,10,10,10,30,2,2,Very rarely,Unfamiliar,Unfamiliar,Never,2.857,3.167,5.917,80,95,36.167,1.25,0.145,Straight,East,East - Straight,Straight,10.0,AGV,53.45266409318137,171.4517301003165,308.4,3.25,2.333,6.75,5.667,4.333,7.0,80.357,95.0,35.0,92.5,95.0,92.5,90.0,95.833,2.0,94.286,92.0,25.0
016,High,2024-5-31,17,1,19,8,17:11:51,17:13:07,568,2004.81,515.33,4674.07,1327.11,2.9,-4.38,15.21,4.58,True,10,10,10,9,30,2,2,Very rarely,Unfamiliar,Unfamiliar,Never,2.857,3.167,5.917,80,95,36.167,1.25,0.125,Diagonal,Southwest,Southwest - Diagonal,Straight,10.0,AGV,48.39455500375923,128.9568640751614,284.18,3.25,2.333,6.75,5.667,4.333,7.0,80.357,95.0,35.0,92.5,95.0,92.5,90.0,95.833,2.0,94.286,92.0,25.0
016,High,2024-5-31,17,1,19,9,17:13:20,17:14:31,379,4100.22,1044.77,7068.96,1607.47,3.09,-4.43,15.24,4.64,True,10,10,10,10,30,2,2,Very rarely,Unfamiliar,Unfamiliar,Never,2.857,3.167,5.917,80,95,36.167,1.25,0.109,Diagonal,Northeast,Northeast - Diagonal,Straight,10.0,User,51.95038531915397,48.56272002199666,78.54,3.25,2.333,6.75,5.667,4.333,7.0,80.357,95.0,35.0,92.5,95.0,92.5,90.0,95.833,2.0,94.286,92.0,25.0
016,High,2024-5-31,17,1,19,10,17:14:51,17:15:57,236,4050.55,1417.43,5379.99,1565.22,3.36,-4.41,15.23,4.56,True,10,10,10,10,30,2,2,Very rarely,Unfamiliar,Unfamiliar,Never,2.857,3.167,5.917,80,95,36.167,1.25,0.062,Straight,West,West - Straight,Straight,10.0,AGV,43.1528380972724,148.34678267460336,223.26,3.25,2.333,6.75,5.667,4.333,7.0,80.357,95.0,35.0,92.5,95.0,92.5,90.0,95.833,2.0,94.286,92.0,25.0
016,High,2024-5-31,17,1,19,11,17:16:12,17:17:14,47,4235.97,572.32,6300.04,2042.35,3.06,-3.97,15.23,4.96,True,10,10,10,10,30,2,2,Very rarely,Unfamiliar,Unfamiliar,Never,2.857,3.167,5.917,80,95,36.167,1.25,0.022,Diagonal,East,East - Diagonal,Complex,10.0,AGV,58.05156984965988,77.38280048450649,199.93,3.25,2.333,6.75,5.667,4.333,7.0,80.357,95.0,35.0,92.5,95.0,92.5,90.0,95.833,2.0,94.286,92.0,25.0
016,High,2024-5-31,17,1,19,12,17:17:44,17:19:05,449,3142.91,928.86,5242.24,1598.03,2.96,-1.13,14.49,2.86,True,10,10,10,10,30,2,2,Very rarely,Unfamiliar,Unfamiliar,Never,2.857,3.167,5.917,80,95,36.167,1.25,0.074,Straight,Southeast,Southeast - Straight,Complex,10.0,User,73.6297338537806,88.72624384791389,168.63,3.25,2.333,6.75,5.667,4.333,7.0,80.357,95.0,35.0,92.5,95.0,92.5,90.0,95.833,2.0,94.286,92.0,25.0
016,High,2024-5-31,17,1,19,13,17:19:34,17:20:22,0,4295.39,690.72,11921.17,3983.19,7.66,-2.66,15.35,5.83,True,10,10,10,10,30,2,2,Very rarely,Unfamiliar,Unfamiliar,Never,2.857,3.167,5.917,80,95,36.167,1.25,0.0,Straight,Southwest,Southwest - Straight,Complex,10.0,AGV,46.125125519448666,251.80059631717654,108.51,3.25,2.333,6.75,5.667,4.333,7.0,80.357,95.0,35.0,92.5,95.0,92.5,90.0,95.833,2.0,94.286,92.0,25.0
016,High,2024-5-31,17,1,19,14,17:20:41,17:22:01,274,2709.82,662.64,4720.32,985.82,2.72,-4.47,15.23,3.71,False,10,10,10,8,30,2,2,Very rarely,Unfamiliar,Unfamiliar,Never,2.857,3.167,5.917,80,95,36.167,1.25,0.074,Diagonal,Southeast,Southeast - Diagonal,Straight,10.0,User,44.63684933661041,104.14898717692763,124.73,3.25,2.333,6.75,5.667,4.333,7.0,80.357,95.0,35.0,92.5,95.0,92.5,90.0,95.833,2.0,94.286,92.0,25.0
016,High,2024-5-31,17,1,19,15,17:22:14,17:23:06,38,4039.1,1018.49,6820.09,1765.16,4.25,-4.41,15.24,5.15,True,10,10,10,10,30,2,2,Very rarely,Unfamiliar,Unfamiliar,Never,2.857,3.167,5.917,80,95,36.167,1.25,0.033,Straight,North,North - Straight,Straight,10.0,AGV,43.88925622296534,171.34971200084712,74.72,3.25,2.333,6.75,5.667,4.333,7.0,80.357,95.0,35.0,92.5,95.0,92.5,90.0,95.833,2.0,94.286,92.0,25.0
016,High,2024-5-31,17,1,19,16,17:23:44,17:24:57,37,3627.65,1919.46,5673.75,835.11,2.58,-0.01,15.24,4.6,True,10,10,10,10,30,2,2,Very rarely,Unfamiliar,Unfamiliar,Never,2.857,3.167,5.917,80,95,36.167,1.25,0.046,Diagonal,West,West - Diagonal,Complex,10.0,N\A,49.38232182745717,86.06530086882165,197.17,3.25,2.333,6.75,5.667,4.333,7.0,80.357,95.0,35.0,92.5,95.0,92.5,90.0,95.833,2.0,94.286,92.0,25.0
016,Low,2024-5-31,17,38,43,1,17:39:18,17:40:21,640,6706.66,705.53,12053.38,4138.96,7.43,-1.45,15.32,5.91,True,10,10,10,10,30,2,2,Very rarely,Unfamiliar,Unfamiliar,Never,2.857,3.167,5.917,80,95,35.333,1.125,0.139,Straight,South,South - Straight,Straight,8.0,AGV,57.89896541542533,79.75832826855758,291.52,3.25,2.333,6.75,5.667,4.333,7.0,80.929,96.667,36.667,96.5,90.0,90.0,90.0,95.0,3.0,93.571,95.0,23.4
016,Low,2024-5-31,17,38,43,2,17:40:29,17:41:08,0,1971.43,976.68,4609.32,966.4,5.58,-3.49,15.22,2.8,True,10,10,10,10,30,2,2,Very rarely,Unfamiliar,Unfamiliar,Never,2.857,3.167,5.917,80,95,35.333,1.125,0.0,Diagonal,North,North - Diagonal,Complex,10.0,AGV,58.290986530921785,248.44222688155816,115.61,3.25,2.333,6.75,5.667,4.333,7.0,80.929,96.667,36.667,96.5,90.0,90.0,90.0,95.0,3.0,93.571,95.0,23.4
016,Low,2024-5-31,17,38,43,3,17:41:18,17:42:12,542,3622.25,805.74,5903.12,1812.96,3.43,-5.48,15.23,4.53,True,10,10,10,10,30,2,2,Very rarely,Unfamiliar,Unfamiliar,Never,2.857,3.167,5.917,80,95,35.333,1.125,0.172,Diagonal,South,South - Diagonal,Complex,10.0,N\A,65.69283449215892,147.63912463597694,123.61,3.25,2.333,6.75,5.667,4.333,7.0,80.929,96.667,36.667,96.5,90.0,90.0,90.0,95.0,3.0,93.571,95.0,23.4
016,Low,2024-5-31,17,38,43,4,17:42:22,17:43:07,654,5275.27,674.28,11946.5,4109.31,8.15,-3.82,15.22,5.65,True,10,10,10,10,30,2,2,Very rarely,Unfamiliar,Unfamiliar,Never,2.857,3.167,5.917,80,95,35.333,1.125,0.175,Straight,Northeast,Northeast - Straight,Complex,10.0,AGV,48.78387424912123,260.36789308059167,215.67,3.25,2.333,6.75,5.667,4.333,7.0,80.929,96.667,36.667,96.5,90.0,90.0,90.0,95.0,3.0,93.571,95.0,23.4
016,Low,2024-5-31,17,38,43,5,17:43:24,17:45:33,152,3679.75,2408.6,7682.64,809.7,1.47,-0.05,15.31,3.89,True,10,8,9,9,30,2,2,Very rarely,Unfamiliar,Unfamiliar,Never,2.857,3.167,5.917,80,95,35.333,1.125,0.036,Straight,Northwest,Northwest - Straight,Complex,10.0,AGV,46.27732848684474,48.49204492746341,421.63,3.25,2.333,6.75,5.667,4.333,7.0,80.929,96.667,36.667,96.5,90.0,90.0,90.0,95.0,3.0,93.571,95.0,23.4
016,Low,2024-5-31,17,38,43,6,17:45:45,17:46:40,333,3413.67,1622.3,5390.67,950.72,3.45,-3.28,15.23,4.97,True,10,10,10,10,30,2,2,Very rarely,Unfamiliar,Unfamiliar,Never,2.857,3.167,5.917,80,95,35.333,1.125,0.19,Diagonal,Northwest,Northwest - Diagonal,Complex,10.0,AGV,65.79170276516473,115.1713418804309,117.75,3.25,2.333,6.75,5.667,4.333,7.0,80.929,96.667,36.667,96.5,90.0,90.0,90.0,95.0,3.0,93.571,95.0,23.4
016,Low,2024-5-31,17,38,43,7,17:46:48,17:47:36,428,3337.15,720.36,5433.09,1781.89,4.52,-4.44,15.23,4.58,True,10,10,10,10,30,2,2,Very rarely,Unfamiliar,Unfamiliar,Never,2.857,3.167,5.917,80,95,35.333,1.125,0.145,Straight,East,East - Straight,Straight,10.0,AGV,59.48147141844981,176.27062361160168,298.81,3.25,2.333,6.75,5.667,4.333,7.0,80.929,96.667,36.667,96.5,90.0,90.0,90.0,95.0,3.0,93.571,95.0,23.4
016,Low,2024-5-31,17,38,43,8,17:47:43,17:48:53,421,2787.79,501.93,4705.45,1150.11,3.11,-4.45,15.21,3.98,True,9,9,9,9,30,2,2,Very rarely,Unfamiliar,Unfamiliar,Never,2.857,3.167,5.917,80,95,35.333,1.125,0.098,Diagonal,Southwest,Southwest - Diagonal,Straight,10.0,AGV,52.87101738388126,136.15673566555975,241.28,3.25,2.333,6.75,5.667,4.333,7.0,80.929,96.667,36.667,96.5,90.0,90.0,90.0,95.0,3.0,93.571,95.0,23.4
016,Low,2024-5-31,17,38,43,9,17:49:05,17:50:05,531,3926.12,835.48,7029.34,1726.79,3.65,-4.45,15.22,4.83,True,10,10,10,10,30,2,2,Very rarely,Unfamiliar,Unfamiliar,Never,2.857,3.167,5.917,80,95,35.333,1.125,0.136,Diagonal,Northeast,Northeast - Diagonal,Straight,9.0,AGV,61.6766202781471,145.09651676151603,298.34,3.25,2.333,6.75,5.667,4.333,7.0,80.929,96.667,36.667,96.5,90.0,90.0,90.0,95.0,3.0,93.571,95.0,23.4
016,Low,2024-5-31,17,38,43,10,17:50:11,17:51:10,144,4149.18,1651.92,5431.34,1477.23,3.68,-4.45,15.21,5.02,True,10,10,10,10,30,2,2,Very rarely,Unfamiliar,Unfamiliar,Never,2.857,3.167,5.917,80,95,35.333,1.125,0.043,Straight,West,West - Straight,Straight,10.0,AGV,48.66460253367046,140.77172194656794,169.42,3.25,2.333,6.75,5.667,4.333,7.0,80.929,96.667,36.667,96.5,90.0,90.0,90.0,95.0,3.0,93.571,95.0,23.4
016,Low,2024-5-31,17,38,43,11,17:51:19,17:52:17,70,4198.45,616.21,6307.15,2104.21,3.3,-5.4,15.24,5.32,True,10,10,10,10,30,2,2,Very rarely,Unfamiliar,Unfamiliar,Never,2.857,3.167,5.917,80,95,35.333,1.125,,Diagonal,East,East - Diagonal,Complex,10.0,AGV,,,,3.25,2.333,6.75,5.667,4.333,7.0,80.929,96.667,36.667,96.5,90.0,90.0,90.0,95.0,3.0,93.571,95.0,23.4
016,Low,2024-5-31,17,38,43,13,17:54:07,17:54:47,0,3054.84,655.45,10561.88,2745.12,8.57,-0.04,15.22,5.49,True,10,10,10,10,30,2,2,Very rarely,Unfamiliar,Unfamiliar,Never,2.857,3.167,5.917,80,95,35.333,1.125,0.0,Straight,Southwest,Southwest - Straight,Complex,10.0,User,55.57414770186093,335.6949121778198,97.55,3.25,2.333,6.75,5.667,4.333,7.0,80.929,96.667,36.667,96.5,90.0,90.0,90.0,95.0,3.0,93.571,95.0,23.4
016,Low,2024-5-31,17,38,43,14,17:54:58,17:56:01,482,2655.89,806.83,4707.74,1044.49,3.46,-4.46,15.24,3.98,True,10,10,10,10,30,2,2,Very rarely,Unfamiliar,Unfamiliar,Never,2.857,3.167,5.917,80,95,35.333,1.125,0.16,Diagonal,Southeast,Southeast - Diagonal,Straight,10.0,User,58.54608283273049,140.89038633360158,157.9,3.25,2.333,6.75,5.667,4.333,7.0,80.929,96.667,36.667,96.5,90.0,90.0,90.0,95.0,3.0,93.571,95.0,23.4
016,Low,2024-5-31,17,38,43,15,17:56:13,17:57:01,118,3965.58,1000.63,6889.82,1783.94,4.5,-4.55,15.21,5.21,True,10,10,10,10,30,2,2,Very rarely,Unfamiliar,Unfamiliar,Never,2.857,3.167,5.917,80,95,35.333,1.125,0.056,Straight,North,North - Straight,Straight,10.0,AGV,48.740292049648666,171.0829903897544,81.19,3.25,2.333,6.75,5.667,4.333,7.0,80.929,96.667,36.667,96.5,90.0,90.0,90.0,95.0,3.0,93.571,95.0,23.4
016,Low,2024-5-31,17,38,43,16,17:57:07,17:58:06,85,3308.9,1662.51,5656.35,915.42,3.17,-0.04,15.25,4.59,True,10,10,10,10,30,2,2,Very rarely,Unfamiliar,Unfamiliar,Never,2.857,3.167,5.917,80,95,35.333,1.125,0.055,Diagonal,West,West - Diagonal,Complex,10.0,N\A,60.200835689075184,70.29346025347266,125.24,3.25,2.333,6.75,5.667,4.333,7.0,80.929,96.667,36.667,96.5,90.0,90.0,90.0,95.0,3.0,93.571,95.0,23.4
017,High,2024-6-4,11,4,51,1,11:05:09,11:06:04,686,6554.95,711.21,12548.16,4479.03,7.43,-0.04,15.26,5.94,True,5,5,5,2,20,1,2,Very frequently,Neither Inexperienced or Experienced,Neither Inexperienced or Experienced,Never,3.714,3.5,4.333,53,33,59.5,1.125,0.213,Straight,South,South - Straight,Straight,5.3,AGV,66.90994561574693,206.52080716376022,290.6,4.25,3.0,6.5,5.0,3.0,1.0,53.071,27.667,82.0,99.5,16.0,25.5,49.333,33.0,40.8,14.286,100.0,51.4
017,High,2024-6-4,11,4,51,2,11:06:10,11:06:49,0,2255.48,1011.84,4499.99,852.47,5.48,-3.65,15.21,2.73,True,8,8,7,8,20,1,2,Very frequently,Neither Inexperienced or Experienced,Neither Inexperienced or Experienced,Never,3.714,3.5,4.333,53,33,59.5,1.125,0.064,Diagonal,North,North - Diagonal,Complex,5.0,AGV,59.31138293514754,235.46351675771476,185.49,4.25,3.0,6.5,5.0,3.0,1.0,53.071,27.667,82.0,99.5,16.0,25.5,49.333,33.0,40.8,14.286,100.0,51.4
017,High,2024-6-4,11,4,51,3,11:06:58,11:07:50,1070,3366.09,842.97,5167.15,1605.41,3.55,-5.56,15.22,4.24,True,9,9,9,9,20,1,2,Very frequently,Neither Inexperienced or Experienced,Neither Inexperienced or Experienced,Never,3.714,3.5,4.333,53,33,59.5,1.125,0.362,Diagonal,South,South - Diagonal,Complex,8.0,,70.64285670626171,90.15714204648302,159.31,4.25,3.0,6.5,5.0,3.0,1.0,53.071,27.667,82.0,99.5,16.0,25.5,49.333,33.0,40.8,14.286,100.0,51.4
017,High,2024-6-4,11,4,51,4,11:07:55,11:08:30,1035,3456.45,1408.98,9184.73,2128.38,8.74,-0.0,15.22,4.82,True,3,3,3,3,20,1,2,Very frequently,Neither Inexperienced or Experienced,Neither Inexperienced or Experienced,Never,3.714,3.5,4.333,53,33,59.5,1.125,0.45,Straight,Northeast,Northeast - Straight,Complex,9.0,AGV,65.03068713629827,343.27275761992837,214.26,4.25,3.0,6.5,5.0,3.0,1.0,53.071,27.667,82.0,99.5,16.0,25.5,49.333,33.0,40.8,14.286,100.0,51.4
017,High,2024-6-4,11,4,51,5,11:08:35,11:09:53,809,3484.65,1211.16,7648.08,1325.39,2.41,-0.01,15.39,5.34,True,1,2,2,2,20,1,2,Very frequently,Neither Inexperienced or Experienced,Neither Inexperienced or Experienced,Never,3.714,3.5,4.333,53,33,59.5,1.125,0.282,Straight,Northwest,Northwest - Straight,Complex,3.0,AGV,76.77864672034069,80.40913439213205,1892.55,4.25,3.0,6.5,5.0,3.0,1.0,53.071,27.667,82.0,99.5,16.0,25.5,49.333,33.0,40.8,14.286,100.0,51.4
017,High,2024-6-4,11,4,51,6,11:09:59,11:10:42,845,2837.88,1750.25,5345.9,917.48,4.45,-3.83,15.24,4.16,True,4,4,3,4,20,1,2,Very frequently,Neither Inexperienced or Experienced,Neither Inexperienced or Experienced,Never,3.714,3.5,4.333,53,33,59.5,1.125,0.314,Diagonal,Northwest,Northwest - Diagonal,Complex,1.0,AGV,86.22447558179783,147.75764888603652,222.41,4.25,3.0,6.5,5.0,3.0,1.0,53.071,27.667,82.0,99.5,16.0,25.5,49.333,33.0,40.8,14.286,100.0,51.4
017,High,2024-6-4,11,4,51,7,11:10:50,11:11:39,539,3575.04,1557.73,5448.85,1612.19,4.4,-4.45,15.22,4.58,True,8,7,7,8,20,1,2,Very frequently,Neither Inexperienced or Experienced,Neither Inexperienced or Experienced,Never,3.714,3.5,4.333,53,33,59.5,1.125,0.208,Straight,East,East - Straight,Straight,4.0,AGV,58.24996621420089,196.72953064140296,360.13,4.25,3.0,6.5,5.0,3.0,1.0,53.071,27.667,82.0,99.5,16.0,25.5,49.333,33.0,40.8,14.286,100.0,51.4
017,High,2024-6-4,11,4,51,8,11:11:43,11:12:39,301,2602.05,1118.68,4592.26,982.89,3.87,-4.03,15.24,3.83,True,7,7,6,8,20,1,2,Very frequently,Neither Inexperienced or Experienced,Neither Inexperienced or Experienced,Never,3.714,3.5,4.333,53,33,59.5,1.125,0.133,Diagonal,Southwest,Southwest - Diagonal,Straight,8.0,AGV,66.14907604160801,123.4125735812295,130.15,4.25,3.0,6.5,5.0,3.0,1.0,53.071,27.667,82.0,99.5,16.0,25.5,49.333,33.0,40.8,14.286,100.0,51.4
017,High,2024-6-4,11,4,51,9,11:12:43,11:13:28,634,4193.97,1468.01,7048.86,1684.48,4.96,-4.42,15.22,5.55,True,4,5,4,4,20,1,2,Very frequently,Neither Inexperienced or Experienced,Neither Inexperienced or Experienced,Never,3.714,3.5,4.333,53,33,59.5,1.125,0.34,Diagonal,Northeast,Northeast - Diagonal,Straight,7.0,AGV,82.66630640533464,217.74646606237397,403.25,4.25,3.0,6.5,5.0,3.0,1.0,53.071,27.667,82.0,99.5,16.0,25.5,49.333,33.0,40.8,14.286,100.0,51.4
017,High,2024-6-4,11,4,51,10,11:13:32,11:14:19,534,3555.65,1296.85,5492.98,1654.14,4.7,-4.4,15.22,4.73,True,9,8,9,9,20,1,2,Very frequently,Neither Inexperienced or Experienced,Neither Inexperienced or Experienced,Never,3.714,3.5,4.333,53,33,59.5,1.125,0.196,Straight,West,West - Straight,Straight,4.0,AGV,61.557511942480474,150.71684462698053,331.16,4.25,3.0,6.5,5.0,3.0,1.0,53.071,27.667,82.0,99.5,16.0,25.5,49.333,33.0,40.8,14.286,100.0,51.4
017,High,2024-6-4,11,4,51,11,11:14:23,11:15:30,1188,3539.54,614.42,6212.16,2167.17,2.85,-5.38,15.21,4.61,True,2,1,1,2,20,1,2,Very frequently,Neither Inexperienced or Experienced,Neither Inexperienced or Experienced,Never,3.714,3.5,4.333,53,33,59.5,1.125,0.26,Diagonal,East,East - Diagonal,Complex,9.0,AGV,53.806458317219885,67.67214450339031,569.12,4.25,3.0,6.5,5.0,3.0,1.0,53.071,27.667,82.0,99.5,16.0,25.5,49.333,33.0,40.8,14.286,100.0,51.4
017,High,2024-6-4,11,4,51,12,11:15:36,11:16:53,876,2949.99,1119.61,4191.13,1117.57,2.72,-2.55,13.76,2.76,True,7,6,7,8,20,1,2,Very frequently,Neither Inexperienced or Experienced,Neither Inexperienced or Experienced,Never,3.714,3.5,4.333,53,33,59.5,1.125,0.272,Straight,Southeast,Southeast - Straight,Complex,2.0,AGV,79.58811360642582,105.69961963400037,545.01,4.25,3.0,6.5,5.0,3.0,1.0,53.071,27.667,82.0,99.5,16.0,25.5,49.333,33.0,40.8,14.286,100.0,51.4
017,High,2024-6-4,11,4,51,13,11:16:57,11:17:48,772,4073.16,818.71,11782.18,3735.54,7.26,-3.39,15.22,4.96,True,7,7,8,7,20,1,2,Very frequently,Neither Inexperienced or Experienced,Neither Inexperienced or Experienced,Never,3.714,3.5,4.333,53,33,59.5,1.125,0.25,Straight,Southwest,Southwest - Straight,Complex,7.0,AGV,44.405545481269485,197.31962700106496,173.43,4.25,3.0,6.5,5.0,3.0,1.0,53.071,27.667,82.0,99.5,16.0,25.5,49.333,33.0,40.8,14.286,100.0,51.4
017,High,2024-6-4,11,4,51,14,11:17:53,11:18:55,1096,2625.28,1339.28,4719.94,872.6,3.55,-4.08,15.23,3.7,True,3,3,3,4,20,1,2,Very frequently,Neither Inexperienced or Experienced,Neither Inexperienced or Experienced,Never,3.714,3.5,4.333,53,33,59.5,1.125,0.23,Diagonal,Southeast,Southeast - Diagonal,Straight,7.0,AGV,59.1429920069378,154.24984367331876,445.44,4.25,3.0,6.5,5.0,3.0,1.0,53.071,27.667,82.0,99.5,16.0,25.5,49.333,33.0,40.8,14.286,100.0,51.4
017,High,2024-6-4,11,4,51,15,11:19:20,11:19:49,0,2793.96,885.71,6805.6,1840.06,7.55,-4.43,15.24,4.39,True,3,5,4,7,20,1,2,Very frequently,Neither Inexperienced or Experienced,Neither Inexperienced or Experienced,Never,3.714,3.5,4.333,53,33,59.5,1.125,0.0,Straight,North,North - Straight,Straight,3.0,AGV,81.10054639253686,335.66022678128155,256.34,4.25,3.0,6.5,5.0,3.0,1.0,53.071,27.667,82.0,99.5,16.0,25.5,49.333,33.0,40.8,14.286,100.0,51.4
017,High,2024-6-4,11,4,51,16,11:19:54,11:20:45,490,3084.27,1751.69,5535.67,921.28,3.64,-0.04,15.24,4.41,True,6,7,6,8,20,1,2,Very frequently,Neither Inexperienced or Experienced,Neither Inexperienced or Experienced,Never,3.714,3.5,4.333,53,33,59.5,1.125,0.169,Diagonal,West,West - Diagonal,Complex,3.0,,69.61617230020902,108.61662724061894,302.96,4.25,3.0,6.5,5.0,3.0,1.0,53.071,27.667,82.0,99.5,16.0,25.5,49.333,33.0,40.8,14.286,100.0,51.4
017,Low,2024-6-4,10,34,7,1,10:34:32,10:36:44,0,8163.82,731.25,12434.05,3420.47,3.56,-2.07,15.29,5.42,True,7,9,9,10,20,1,2,Very frequently,Neither Inexperienced or Experienced,Neither Inexperienced or Experienced,Never,3.714,3.5,4.333,43,41,39.5,1.062,0.0,Straight,South,South - Straight,Straight,,AGV,27.420055323102538,62.84218048291388,411.15,4.25,3.0,6.5,5.0,3.0,1.0,43.5,38.0,41.333,42.5,44.0,61.0,40.0,41.25,36.4,25.286,100.0,27.4
017,Low,2024-6-4,10,34,7,2,10:36:57,10:37:57,0,2391.81,979.38,4530.6,911.91,3.68,-3.43,15.22,3.36,True,10,9,10,10,20,1,2,Very frequently,Neither Inexperienced or Experienced,Neither Inexperienced or Experienced,Never,3.714,3.5,4.333,43,41,39.5,1.062,0.117,Diagonal,North,North - Diagonal,Complex,7.0,,38.170828455486614,131.1056050231298,127.27,4.25,3.0,6.5,5.0,3.0,1.0,43.5,38.0,41.333,42.5,44.0,61.0,40.0,41.25,36.4,25.286,100.0,27.4
017,Low,2024-6-4,10,34,7,3,10:38:14,10:39:07,797,3165.58,825.4,5003.92,1599.25,3.56,-5.55,15.22,3.9,True,10,10,10,10,20,1,2,Very frequently,Neither Inexperienced or Experienced,Neither Inexperienced or Experienced,Never,3.714,3.5,4.333,43,41,39.5,1.062,0.194,Diagonal,South,South - Diagonal,Complex,10.0,,68.94627034907282,128.6978784513322,151.22,4.25,3.0,6.5,5.0,3.0,1.0,43.5,38.0,41.333,42.5,44.0,61.0,40.0,41.25,36.4,25.286,100.0,27.4
017,Low,2024-6-4,10,34,7,4,10:39:17,10:40:05,678,5972.94,1109.43,11783.79,4148.7,7.63,-2.43,15.23,5.94,True,8,7,7,5,20,1,2,Very frequently,Neither Inexperienced or Experienced,Neither Inexperienced or Experienced,Never,3.714,3.5,4.333,43,41,39.5,1.062,0.18,Straight,Northeast,Northeast - Straight,Complex,10.0,AGV,46.833616762246756,269.8375843147342,118.72,4.25,3.0,6.5,5.0,3.0,1.0,43.5,38.0,41.333,42.5,44.0,61.0,40.0,41.25,36.4,25.286,100.0,27.4
017,Low,2024-6-4,10,34,7,5,10:40:18,10:41:05,421,3785.99,1043.58,7645.56,1450.51,4.45,-3.14,15.29,5.31,True,8,8,8,7,20,1,2,Very frequently,Neither Inexperienced or Experienced,Neither Inexperienced or Experienced,Never,3.714,3.5,4.333,43,41,39.5,1.062,0.148,Straight,Northwest,Northwest - Straight,Complex,8.0,AGV,127.37217800488757,76.01965826744305,237.18,4.25,3.0,6.5,5.0,3.0,1.0,43.5,38.0,41.333,42.5,44.0,61.0,40.0,41.25,36.4,25.286,100.0,27.4
017,Low,2024-6-4,10,34,7,6,10:41:11,10:42:11,695,2880.38,1353.76,5374.0,867.01,3.21,-0.97,15.23,4.17,True,8,7,8,8,20,1,2,Very frequently,Neither Inexperienced or Experienced,Neither Inexperienced or Experienced,Never,3.714,3.5,4.333,43,41,39.5,1.062,0.16,Diagonal,Northwest,Northwest - Diagonal,Complex,8.0,AGV,61.258330662743525,108.79641122661313,318.41,4.25,3.0,6.5,5.0,3.0,1.0,43.5,38.0,41.333,42.5,44.0,61.0,40.0,41.25,36.4,25.286,100.0,27.4
017,Low,2024-6-4,10,34,7,7,10:42:27,10:43:18,574,3670.03,1342.74,5482.44,1703.21,4.28,-4.52,15.21,4.69,True,8,7,8,9,20,1,2,Very frequently,Neither Inexperienced or Experienced,Neither Inexperienced or Experienced,Never,3.714,3.5,4.333,43,41,39.5,1.062,0.172,Straight,East,East - Straight,Straight,8.0,AGV,55.62494626327323,157.68297103630732,206.47,4.25,3.0,6.5,5.0,3.0,1.0,43.5,38.0,41.333,42.5,44.0,61.0,40.0,41.25,36.4,25.286,100.0,27.4
017,Low,2024-6-4,10,34,7,8,10:43:25,10:44:30,493,2773.48,1207.2,4591.33,928.03,3.37,-4.34,15.21,3.94,True,8,9,9,10,20,1,2,Very frequently,Neither Inexperienced or Experienced,Neither Inexperienced or Experienced,Never,3.714,3.5,4.333,43,41,39.5,1.062,0.147,Diagonal,Southwest,Southwest - Diagonal,Straight,8.0,AGV,57.283475690151036,114.86142094151457,203.73,4.25,3.0,6.5,5.0,3.0,1.0,43.5,38.0,41.333,42.5,44.0,61.0,40.0,41.25,36.4,25.286,100.0,27.4
017,Low,2024-6-4,10,34,7,9,10:44:40,10:45:28,582,4451.46,1504.41,7051.95,1613.32,4.58,-4.53,15.21,5.69,True,3,1,1,1,20,1,2,Very frequently,Neither Inexperienced or Experienced,Neither Inexperienced or Experienced,Never,3.714,3.5,4.333,43,41,39.5,1.062,0.208,Diagonal,Northeast,Northeast - Diagonal,Straight,8.0,AGV,77.49038040999629,135.42428809769004,260.88,4.25,3.0,6.5,5.0,3.0,1.0,43.5,38.0,41.333,42.5,44.0,61.0,40.0,41.25,36.4,25.286,100.0,27.4
017,Low,2024-6-4,10,34,7,10,10:45:33,10:46:40,556,4273.0,1797.41,5495.99,1486.44,3.27,-4.46,15.23,4.74,True,6,6,7,7,20,1,2,Very frequently,Neither Inexperienced or Experienced,Neither Inexperienced or Experienced,Never,3.714,3.5,4.333,43,41,39.5,1.062,0.145,Straight,West,West - Straight,Straight,3.0,AGV,42.198547970102375,36.30830902450288,277.97,4.25,3.0,6.5,5.0,3.0,1.0,43.5,38.0,41.333,42.5,44.0,61.0,40.0,41.25,36.4,25.286,100.0,27.4
017,Low,2024-6-4,10,34,7,11,10:46:48,10:48:54,3534,2398.52,647.06,6248.53,2229.66,1.51,-5.39,15.22,3.45,True,1,1,1,1,20,1,2,Very frequently,Neither Inexperienced or Experienced,Neither Inexperienced or Experienced,Never,3.714,3.5,4.333,43,41,39.5,1.062,0.435,Diagonal,East,East - Diagonal,Complex,6.0,AGV,29.117331357630018,50.33746416088951,756.53,4.25,3.0,6.5,5.0,3.0,1.0,43.5,38.0,41.333,42.5,44.0,61.0,40.0,41.25,36.4,25.286,100.0,27.4
017,Low,2024-6-4,10,34,7,12,10:49:06,10:50:19,1329,3176.87,1568.59,4179.01,985.3,2.88,-1.96,15.21,3.33,True,5,5,5,7,20,1,2,Very frequently,Neither Inexperienced or Experienced,Neither Inexperienced or Experienced,Never,3.714,3.5,4.333,43,41,39.5,1.062,0.329,Straight,Southeast,Southeast - Straight,Complex,1.0,AGV,81.87922856219366,104.42728407605826,1389.98,4.25,3.0,6.5,5.0,3.0,1.0,43.5,38.0,41.333,42.5,44.0,61.0,40.0,41.25,36.4,25.286,100.0,27.4
017,Low,2024-6-4,10,34,7,13,10:50:31,10:51:30,1081,5198.97,804.53,11917.58,4446.98,6.29,-3.17,15.22,5.17,True,4,4,4,8,20,1,2,Very frequently,Neither Inexperienced or Experienced,Neither Inexperienced or Experienced,Never,3.714,3.5,4.333,43,41,39.5,1.062,0.297,Straight,Southwest,Southwest - Straight,Complex,5.0,AGV,37.92273653679755,172.67213865311132,400.19,4.25,3.0,6.5,5.0,3.0,1.0,43.5,38.0,41.333,42.5,44.0,61.0,40.0,41.25,36.4,25.286,100.0,27.4
017,Low,2024-6-4,10,34,7,14,10:51:35,10:52:35,689,2780.19,1643.67,4720.85,750.19,3.67,-4.45,15.22,4.06,True,7,8,9,9,20,1,2,Very frequently,Neither Inexperienced or Experienced,Neither Inexperienced or Experienced,Never,3.714,3.5,4.333,43,41,39.5,1.062,0.197,Diagonal,Southeast,Southeast - Diagonal,Straight,4.0,AGV,61.215240792400344,97.59925821091832,344.64,4.25,3.0,6.5,5.0,3.0,1.0,43.5,38.0,41.333,42.5,44.0,61.0,40.0,41.25,36.4,25.286,100.0,27.4
017,Low,2024-6-4,10,34,7,15,10:52:46,10:53:30,668,4101.79,863.77,6809.62,1844.96,4.94,-4.41,15.22,5.58,True,3,3,3,3,20,1,2,Very frequently,Neither Inexperienced or Experienced,Neither Inexperienced or Experienced,Never,3.714,3.5,4.333,43,41,39.5,1.062,0.156,Straight,North,North - Straight,Straight,7.0,AGV,53.29590418209678,188.98632912933692,224.34,4.25,3.0,6.5,5.0,3.0,1.0,43.5,38.0,41.333,42.5,44.0,61.0,40.0,41.25,36.4,25.286,100.0,27.4
017,Low,2024-6-4,10,34,7,16,10:54:03,10:54:44,698,3092.36,1886.86,5541.26,946.84,4.63,-0.05,15.25,4.81,True,2,2,2,10,20,1,2,Very frequently,Neither Inexperienced or Experienced,Neither Inexperienced or Experienced,Never,3.714,3.5,4.333,43,41,39.5,1.062,0.241,Diagonal,West,West - Diagonal,Complex,3.0,,86.68479575077953,152.89365232688587,216.92,4.25,3.0,6.5,5.0,3.0,1.0,43.5,38.0,41.333,42.5,44.0,61.0,40.0,41.25,36.4,25.286,100.0,27.4
019,High,2024-8-7,17,17,24,1,17:17:43,17:18:26,282,5150.6,434.35,12580.1,4092.93,9.34,-0.04,15.28,6.08,True,10,9,10,10,23,1,2,Occasionally,Moderately experienced,Moderately experienced,Never,4.0,3.333,4.25,93,97,59.167,1.438,0.128,Straight,South,South - Straight,Straight,9.3,AGV,86.2888069020487,270.2116692406746,220.86,3.75,4.333,4.25,4.667,3.667,4.5,93.571,98.333,83.333,97.5,95.0,97.5,93.333,97.5,2.0,97.143,90.0,53.0
019,High,2024-8-7,17,17,24,2,17:18:30,17:19:08,0,2077.27,956.39,4514.77,913.78,5.72,-3.47,15.21,2.75,True,10,9,9,10,23,1,2,Occasionally,Moderately experienced,Moderately experienced,Never,4.0,3.333,4.25,93,97,59.167,1.438,0.0,Diagonal,North,North - Diagonal,Complex,10.0,User,61.94925805050943,230.8543289926785,117.47,3.75,4.333,4.25,4.667,3.667,4.5,93.571,98.333,83.333,97.5,95.0,97.5,93.333,97.5,2.0,97.143,90.0,53.0
019,High,2024-8-7,17,17,24,3,17:19:15,17:19:52,281,2084.89,879.42,4939.93,1385.78,5.07,-5.49,15.21,3.55,True,10,9,9,10,23,1,2,Occasionally,Moderately experienced,Moderately experienced,Never,4.0,3.333,4.25,93,97,59.167,1.438,0.119,Diagonal,South,South - Diagonal,Complex,10.0,,98.95868310949331,116.91486360414997,173.87,3.75,4.333,4.25,4.667,3.667,4.5,93.571,98.333,83.333,97.5,95.0,97.5,93.333,97.5,2.0,97.143,90.0,53.0
019,High,2024-8-7,17,17,24,4,17:19:57,17:20:40,771,4937.22,666.06,11824.23,4047.08,8.54,-3.71,15.3,6.33,True,10,9,9,10,23,1,2,Occasionally,Moderately experienced,Moderately experienced,Never,4.0,3.333,4.25,93,97,59.167,1.438,0.255,Straight,Northeast,Northeast - Straight,Complex,10.0,AGV,52.91076497020434,311.7882837462717,246.42,3.75,4.333,4.25,4.667,3.667,4.5,93.571,98.333,83.333,97.5,95.0,97.5,93.333,97.5,2.0,97.143,90.0,53.0
019,High,2024-8-7,17,17,24,5,17:20:45,17:21:26,40,3441.12,851.27,7619.15,1699.3,4.65,-0.14,15.22,4.9,True,9,8,9,10,23,1,2,Occasionally,Moderately experienced,Moderately experienced,Never,4.0,3.333,4.25,93,97,59.167,1.438,0.043,Straight,Northwest,Northwest - Straight,Complex,10.0,AGV,145.9270167661083,118.60342412711563,313.23,3.75,4.333,4.25,4.667,3.667,4.5,93.571,98.333,83.333,97.5,95.0,97.5,93.333,97.5,2.0,97.143,90.0,53.0
019,High,2024-8-7,17,17,24,6,17:21:31,17:22:06,237,2274.24,622.64,5376.69,1295.37,5.56,-3.21,15.23,3.56,True,9,10,9,10,23,1,2,Occasionally,Moderately experienced,Moderately experienced,Never,4.0,3.333,4.25,93,97,59.167,1.438,0.143,Diagonal,Northwest,Northwest - Diagonal,Complex,9.0,AGV,105.92029906542986,169.39202016829753,339.29,3.75,4.333,4.25,4.667,3.667,4.5,93.571,98.333,83.333,97.5,95.0,97.5,93.333,97.5,2.0,97.143,90.0,53.0
019,High,2024-8-7,17,17,24,7,17:22:13,17:22:54,60,3483.32,573.76,5472.18,1933.18,5.38,-4.57,15.22,6.06,True,10,9,9,10,23,1,2,Occasionally,Moderately experienced,Moderately experienced,Never,4.0,3.333,4.25,93,97,59.167,1.438,0.043,Straight,East,East - Straight,Straight,9.0,AGV,69.73089799860885,238.98537500347652,320.36,3.75,4.333,4.25,4.667,3.667,4.5,93.571,98.333,83.333,97.5,95.0,97.5,93.333,97.5,2.0,97.143,90.0,53.0
019,High,2024-8-7,17,17,24,8,17:23:00,17:23:49,193,2504.26,620.65,4613.3,1181.9,4.49,-4.04,15.22,5.44,True,10,9,10,10,23,1,2,Occasionally,Moderately experienced,Moderately experienced,Never,4.0,3.333,4.25,93,97,59.167,1.438,0.074,Diagonal,Southwest,Southwest - Diagonal,Straight,10.0,User,75.27707743041466,114.4112063631685,246.99,3.75,4.333,4.25,4.667,3.667,4.5,93.571,98.333,83.333,97.5,95.0,97.5,93.333,97.5,2.0,97.143,90.0,53.0
019,High,2024-8-7,17,17,24,9,17:23:53,17:24:50,261,4180.31,525.12,7052.63,1840.96,3.86,-4.43,15.23,5.11,True,10,9,9,10,23,1,2,Occasionally,Moderately experienced,Moderately experienced,Never,4.0,3.333,4.25,93,97,59.167,1.438,0.102,Diagonal,Northeast,Northeast - Diagonal,Straight,10.0,User,65.73825115226543,171.3511482920539,197.56,3.75,4.333,4.25,4.667,3.667,4.5,93.571,98.333,83.333,97.5,95.0,97.5,93.333,97.5,2.0,97.143,90.0,53.0
019,High,2024-8-7,17,17,24,10,17:24:54,17:25:38,182,3370.84,760.97,5465.6,1827.56,5.02,-4.45,15.23,4.94,True,10,9,9,10,23,1,2,Occasionally,Moderately experienced,Moderately experienced,Never,4.0,3.333,4.25,93,97,59.167,1.438,0.125,Straight,West,West - Straight,Straight,10.0,AGV,65.07067865038385,164.13056598701598,353.69,3.75,4.333,4.25,4.667,3.667,4.5,93.571,98.333,83.333,97.5,95.0,97.5,93.333,97.5,2.0,97.143,90.0,53.0
019,High,2024-8-7,17,17,24,11,17:25:42,17:26:26,0,4283.92,1139.63,6362.87,2027.89,4.34,-5.32,15.23,5.03,True,10,9,9,10,23,1,2,Occasionally,Moderately experienced,Moderately experienced,Never,4.0,3.333,4.25,93,97,59.167,1.438,0.0,Diagonal,East,East - Diagonal,Complex,10.0,AGV,83.67574872205493,114.51386800513883,232.68,3.75,4.333,4.25,4.667,3.667,4.5,93.571,98.333,83.333,97.5,95.0,97.5,93.333,97.5,2.0,97.143,90.0,53.0
019,High,2024-8-7,17,17,24,12,17:26:32,17:27:23,61,2708.37,702.74,4115.97,1204.76,4.1,-1.77,15.32,5.33,True,10,9,9,10,23,1,2,Occasionally,Moderately experienced,Moderately experienced,Never,4.0,3.333,4.25,93,97,59.167,1.438,,Straight,Southeast,Southeast - Straight,Complex,10.0,User,,,,3.75,4.333,4.25,4.667,3.667,4.5,93.571,98.333,83.333,97.5,95.0,97.5,93.333,97.5,2.0,97.143,90.0,53.0
019,High,2024-8-7,17,17,24,14,17:28:03,17:28:37,0,1891.58,993.25,4705.31,1022.44,5.79,-0.0,15.2,2.82,True,10,9,9,10,23,1,2,Occasionally,Moderately experienced,Moderately experienced,Never,4.0,3.333,4.25,93,97,59.167,1.438,0.0,Diagonal,Southeast,Southeast - Diagonal,Straight,10.0,AGV,106.94847183576451,286.8906589673304,317.68,3.75,4.333,4.25,4.667,3.667,4.5,93.571,98.333,83.333,97.5,95.0,97.5,93.333,97.5,2.0,97.143,90.0,53.0
019,High,2024-8-7,17,17,24,15,17:28:45,17:29:08,0,2795.56,933.43,6807.43,1884.98,6.91,-0.0,15.22,3.93,True,10,9,9,10,23,1,2,Occasionally,Moderately experienced,Moderately experienced,Never,4.0,3.333,4.25,93,97,59.167,1.438,0.0,Straight,North,North - Straight,Straight,10.0,User,102.15851418558803,310.39997287182433,161.93,3.75,4.333,4.25,4.667,3.667,4.5,93.571,98.333,83.333,97.5,95.0,97.5,93.333,97.5,2.0,97.143,90.0,53.0
019,High,2024-8-7,17,17,24,16,17:30:12,17:30:47,211,2564.95,615.34,5528.56,1340.18,5.37,-0.05,15.26,4.19,True,10,9,9,10,23,1,2,Occasionally,Moderately experienced,Moderately experienced,Never,4.0,3.333,4.25,93,97,59.167,1.438,0.132,Diagonal,West,West - Diagonal,Complex,10.0,,100.30005057763285,132.90644240314109,173.62,3.75,4.333,4.25,4.667,3.667,4.5,93.571,98.333,83.333,97.5,95.0,97.5,93.333,97.5,2.0,97.143,90.0,53.0
019,Low,2024-8-7,16,50,9,1,16:50:30,16:51:58,592,7874.96,214.24,12627.29,4289.94,5.38,-3.23,15.31,6.54,True,8,9,8,8,23,1,2,Occasionally,Moderately experienced,Moderately experienced,Never,4.0,3.333,4.25,94,96,61.667,1.938,0.128,Straight,South,South - Straight,Straight,,AGV,42.291237059370445,88.21874182839704,882.56,3.75,4.333,4.25,4.667,3.667,4.5,94.643,100.0,80.0,100.0,100.0,100.0,95.0,96.667,4.0,97.143,80.0,58.0
019,Low,2024-8-7,16,50,9,2,16:52:03,16:53:17,0,2680.61,964.9,4545.65,799.62,2.96,-3.49,15.21,3.58,True,8,9,8,10,23,1,2,Occasionally,Moderately experienced,Moderately experienced,Never,4.0,3.333,4.25,94,96,61.667,1.938,0.0,Diagonal,North,North - Diagonal,Complex,8.0,User,31.58321019015168,113.26294580847386,259.52,3.75,4.333,4.25,4.667,3.667,4.5,94.643,100.0,80.0,100.0,100.0,100.0,95.0,96.667,4.0,97.143,80.0,58.0
019,Low,2024-8-7,16,50,9,3,16:53:21,16:54:15,564,2942.02,577.36,4989.92,1867.76,3.45,-5.45,15.22,3.77,True,8,9,8,10,23,1,2,Occasionally,Moderately experienced,Moderately experienced,Never,4.0,3.333,4.25,94,96,61.667,1.938,0.161,Diagonal,South,South - Diagonal,Complex,8.0,,67.60314167932283,126.42422443714158,323.47,3.75,4.333,4.25,4.667,3.667,4.5,94.643,100.0,80.0,100.0,100.0,100.0,95.0,96.667,4.0,97.143,80.0,58.0
019,Low,2024-8-7,16,50,9,4,16:54:24,16:55:15,529,5021.18,510.02,11843.96,4338.11,7.3,-2.39,15.25,6.74,True,8,8,9,10,23,1,2,Occasionally,Moderately experienced,Moderately experienced,Never,4.0,3.333,4.25,94,96,61.667,1.938,0.154,Straight,Northeast,Northeast - Straight,Complex,8.0,AGV,47.09330514284818,233.28727834370957,468.92,3.75,4.333,4.25,4.667,3.667,4.5,94.643,100.0,80.0,100.0,100.0,100.0,95.0,96.667,4.0,97.143,80.0,58.0
019,Low,2024-8-7,16,50,9,5,16:55:28,16:56:22,0,3672.93,2231.9,7629.97,1215.79,3.87,-4.35,15.22,5.52,True,8,9,8,10,23,1,2,Occasionally,Moderately experienced,Moderately experienced,Never,4.0,3.333,4.25,94,96,61.667,1.938,0.0,Straight,Northwest,Northwest - Straight,Complex,8.0,User,111.33950456299047,106.18295681980953,362.92,3.75,4.333,4.25,4.667,3.667,4.5,94.643,100.0,80.0,100.0,100.0,100.0,95.0,96.667,4.0,97.143,80.0,58.0
019,Low,2024-8-7,16,50,9,6,16:56:30,16:57:27,420,2274.19,226.95,5353.11,1421.27,3.35,-3.13,15.21,5.17,True,10,9,9,10,23,1,2,Occasionally,Moderately experienced,Moderately experienced,Never,4.0,3.333,4.25,94,96,61.667,1.938,0.154,Diagonal,Northwest,Northwest - Diagonal,Complex,8.0,AGV,62.849623494011624,74.27415587171198,841.2,3.75,4.333,4.25,4.667,3.667,4.5,94.643,100.0,80.0,100.0,100.0,100.0,95.0,96.667,4.0,97.143,80.0,58.0
019,Low,2024-8-7,16,50,9,7,16:57:34,16:58:11,156,3523.42,516.07,5479.89,1957.01,5.95,-4.48,15.22,6.59,True,10,10,10,10,23,1,2,Occasionally,Moderately experienced,Moderately experienced,Never,4.0,3.333,4.25,94,96,61.667,1.938,0.073,Straight,East,East - Straight,Straight,10.0,User,75.33495093934665,263.65745542870974,587.25,3.75,4.333,4.25,4.667,3.667,4.5,94.643,100.0,80.0,100.0,100.0,100.0,95.0,96.667,4.0,97.143,80.0,58.0
019,Low,2024-8-7,16,50,9,8,16:58:16,16:58:50,0,2221.45,1319.67,4648.53,834.65,5.7,-0.0,15.21,2.66,True,10,10,10,10,23,1,2,Occasionally,Moderately experienced,Moderately experienced,Never,4.0,3.333,4.25,94,96,61.667,1.938,0.0,Diagonal,Southwest,Southwest - Diagonal,Straight,10.0,User,108.73490871132788,139.51434952496547,268.86,3.75,4.333,4.25,4.667,3.667,4.5,94.643,100.0,80.0,100.0,100.0,100.0,95.0,96.667,4.0,97.143,80.0,58.0
019,Low,2024-8-7,16,50,9,9,16:58:58,16:59:34,48,3831.49,829.14,7039.74,1986.52,6.1,-4.45,15.22,5.58,True,10,10,10,10,23,1,2,Occasionally,Moderately experienced,Moderately experienced,Never,4.0,3.333,4.25,94,96,61.667,1.938,0.048,Diagonal,Northeast,Northeast - Diagonal,Straight,10.0,User,102.57827499401502,271.95598026990297,199.48,3.75,4.333,4.25,4.667,3.667,4.5,94.643,100.0,80.0,100.0,100.0,100.0,95.0,96.667,4.0,97.143,80.0,58.0
019,Low,2024-8-7,16,50,9,10,16:59:41,17:00:18,69,2890.52,760.67,5478.29,1680.1,5.97,-4.42,15.21,4.57,True,10,10,10,10,23,1,2,Occasionally,Moderately experienced,Moderately experienced,Never,4.0,3.333,4.25,94,96,61.667,1.938,0.03,Straight,West,West - Straight,Straight,10.0,AGV,78.17109360912518,172.78275279210285,270.14,3.75,4.333,4.25,4.667,3.667,4.5,94.643,100.0,80.0,100.0,100.0,100.0,95.0,96.667,4.0,97.143,80.0,58.0
019,Low,2024-8-7,16,50,9,11,17:01:57,17:02:38,182,3869.61,1277.38,6108.83,1894.23,4.67,-6.03,15.21,4.97,True,10,10,10,10,23,1,2,Occasionally,Moderately experienced,Moderately experienced,Never,4.0,3.333,4.25,94,96,61.667,1.938,0.087,Diagonal,East,East - Diagonal,Complex,10.0,AGV,91.52440002195179,129.73045285278477,134.08,3.75,4.333,4.25,4.667,3.667,4.5,94.643,100.0,80.0,100.0,100.0,100.0,95.0,96.667,4.0,97.143,80.0,58.0
019,Low,2024-8-7,16,50,9,12,17:02:43,17:03:40,372,2355.36,570.58,4154.25,1289.63,3.68,-1.9,15.27,4.32,True,10,10,10,10,23,1,2,Occasionally,Moderately experienced,Moderately experienced,Never,4.0,3.333,4.25,94,96,61.667,1.938,0.104,Straight,Southeast,Southeast - Straight,Complex,10.0,User,104.32106228236538,146.56033981978848,806.63,3.75,4.333,4.25,4.667,3.667,4.5,94.643,100.0,80.0,100.0,100.0,100.0,95.0,96.667,4.0,97.143,80.0,58.0
019,Low,2024-8-7,16,50,9,13,17:03:49,17:04:22,0,1894.4,912.59,4014.62,731.29,5.82,-0.0,15.21,2.47,True,10,10,10,10,23,1,2,Occasionally,Moderately experienced,Moderately experienced,Never,4.0,3.333,4.25,94,96,61.667,1.938,0.0,Straight,Southwest,Southwest - Straight,Complex,10.0,User,68.32577950725064,304.2350136842485,161.17,3.75,4.333,4.25,4.667,3.667,4.5,94.643,100.0,80.0,100.0,100.0,100.0,95.0,96.667,4.0,97.143,80.0,58.0
019,Low,2024-8-7,16,50,9,14,17:04:29,17:05:08,432,2065.2,897.34,4702.12,1110.31,5.56,-3.72,15.23,3.65,True,10,10,10,10,23,1,2,Occasionally,Moderately experienced,Moderately experienced,Never,4.0,3.333,4.25,94,96,61.667,1.938,0.227,Diagonal,Southeast,Southeast - Diagonal,Straight,10.0,User,94.07910205007411,219.63140664543266,148.36,3.75,4.333,4.25,4.667,3.667,4.5,94.643,100.0,80.0,100.0,100.0,100.0,95.0,96.667,4.0,97.143,80.0,58.0
019,Low,2024-8-7,16,50,9,15,17:05:13,17:05:40,130,2979.25,775.94,6809.27,1855.42,7.88,-4.62,15.22,4.61,True,10,10,10,10,23,1,2,Occasionally,Moderately experienced,Moderately experienced,Never,4.0,3.333,4.25,94,96,61.667,1.938,0.091,Straight,North,North - Straight,Straight,10.0,AGV,87.01691344631352,203.53499108969626,211.21,3.75,4.333,4.25,4.667,3.667,4.5,94.643,100.0,80.0,100.0,100.0,100.0,95.0,96.667,4.0,97.143,80.0,58.0
019,Low,2024-8-7,16,50,9,16,17:05:46,17:06:21,310,2671.66,696.65,5535.82,1286.08,5.36,-0.07,15.21,4.46,True,10,10,10,10,23,1,2,Occasionally,Moderately experienced,Moderately experienced,Never,4.0,3.333,4.25,94,96,61.667,1.938,0.205,Diagonal,West,West - Diagonal,Complex,10.0,,100.60472380381587,93.07437558656699,340.26,3.75,4.333,4.25,4.667,3.667,4.5,94.643,100.0,80.0,100.0,100.0,100.0,95.0,96.667,4.0,97.143,80.0,58.0
020,High,2024-8-8,14,55,14,1,14:55:33,14:57:03,517,7519.11,575.98,11928.09,3715.18,5.2,-3.3,15.3,6.0,True,7,5,5,10,19,1,2,Very frequently,Unfamiliar,Unfamiliar,Never,3.143,3.167,4.917,71,79,30.833,1.062,0.126,Straight,South,South - Straight,Straight,,AGV,41.14677338264788,99.3402200956237,319.97,4.5,1.333,5.75,4.0,5.0,4.5,71.786,85.0,20.0,82.5,90.0,85.0,88.333,79.167,17.0,76.429,90.0,19.0
020,High,2024-8-8,14,55,14,2,14:57:16,14:58:10,0,2267.93,961.63,4514.46,967.32,3.98,-3.48,15.21,3.3,True,7,6,6,9,19,1,2,Very frequently,Unfamiliar,Unfamiliar,Never,3.143,3.167,4.917,71,79,30.833,1.062,0.033,Diagonal,North,North - Diagonal,Complex,7.0,User,43.1025569444575,175.23903700268875,157.02,4.5,1.333,5.75,4.0,5.0,4.5,71.786,85.0,20.0,82.5,90.0,85.0,88.333,79.167,17.0,76.429,90.0,19.0
020,High,2024-8-8,14,55,14,3,14:58:17,14:59:17,858,3260.47,665.38,4992.27,1771.32,3.09,-5.59,15.21,3.87,True,9,10,10,10,19,1,2,Very frequently,Unfamiliar,Unfamiliar,Never,3.143,3.167,4.917,71,79,30.833,1.062,0.232,Diagonal,South,South - Diagonal,Complex,7.0,,60.49666647875491,129.05602390676165,168.63,4.5,1.333,5.75,4.0,5.0,4.5,71.786,85.0,20.0,82.5,90.0,85.0,88.333,79.167,17.0,76.429,90.0,19.0
020,High,2024-8-8,14,55,14,4,14:59:26,15:00:26,873,6544.39,822.13,11821.33,4470.77,6.16,-3.12,15.23,5.88,True,9,9,8,9,19,1,2,Very frequently,Unfamiliar,Unfamiliar,Never,3.143,3.167,4.917,71,79,30.833,1.062,0.216,Straight,Northeast,Northeast - Straight,Complex,9.0,AGV,37.436887056462375,194.6791070560227,167.25,4.5,1.333,5.75,4.0,5.0,4.5,71.786,85.0,20.0,82.5,90.0,85.0,88.333,79.167,17.0,76.429,90.0,19.0
020,High,2024-8-8,14,55,14,5,15:00:39,15:01:57,693,3344.55,1597.22,7567.06,1158.75,2.68,-4.66,15.29,4.52,True,5,7,7,1,19,1,2,Very frequently,Unfamiliar,Unfamiliar,Never,3.143,3.167,4.917,71,79,30.833,1.062,0.235,Straight,Northwest,Northwest - Straight,Complex,9.0,AGV,76.53293392044613,73.6221884561157,424.5,4.5,1.333,5.75,4.0,5.0,4.5,71.786,85.0,20.0,82.5,90.0,85.0,88.333,79.167,17.0,76.429,90.0,19.0
020,High,2024-8-8,14,55,14,6,15:02:05,15:03:01,859,2804.57,1210.27,5369.62,1002.17,3.42,-3.26,15.23,4.03,True,8,8,8,9,19,1,2,Very frequently,Unfamiliar,Unfamiliar,Never,3.143,3.167,4.917,71,79,30.833,1.062,0.355,Diagonal,Northwest,Northwest - Diagonal,Complex,5.0,AGV,64.44457211417372,111.470185428075,324.81,4.5,1.333,5.75,4.0,5.0,4.5,71.786,85.0,20.0,82.5,90.0,85.0,88.333,79.167,17.0,76.429,90.0,19.0
020,High,2024-8-8,14,55,14,7,15:03:07,15:04:00,698,3607.85,928.01,5490.15,1824.35,4.15,-4.44,15.22,4.62,True,9,9,9,10,19,1,2,Very frequently,Unfamiliar,Unfamiliar,Never,3.143,3.167,4.917,71,79,30.833,1.062,0.217,Straight,East,East - Straight,Straight,8.0,AGV,53.66677127893508,92.74673375596684,243.97,4.5,1.333,5.75,4.0,5.0,4.5,71.786,85.0,20.0,82.5,90.0,85.0,88.333,79.167,17.0,76.429,90.0,19.0
020,High,2024-8-8,14,55,14,8,15:04:06,15:05:18,851,2632.33,737.91,4614.23,1068.39,3.07,-4.36,15.2,3.61,True,8,8,8,8,19,1,2,Very frequently,Unfamiliar,Unfamiliar,Never,3.143,3.167,4.917,71,79,30.833,1.062,0.225,Diagonal,Southwest,Southwest - Diagonal,Straight,9.0,AGV,52.20643825743915,112.71251017778748,310.2,4.5,1.333,5.75,4.0,5.0,4.5,71.786,85.0,20.0,82.5,90.0,85.0,88.333,79.167,17.0,76.429,90.0,19.0
020,High,2024-8-8,14,55,14,9,15:05:26,15:06:33,739,4362.2,907.75,7003.81,1688.37,3.27,-4.41,15.22,4.86,True,9,8,8,8,19,1,2,Very frequently,Unfamiliar,Unfamiliar,Never,3.143,3.167,4.917,71,79,30.833,1.062,0.192,Diagonal,Northeast,Northeast - Diagonal,Straight,8.0,AGV,55.52058816837024,106.74634266002964,134.34,4.5,1.333,5.75,4.0,5.0,4.5,71.786,85.0,20.0,82.5,90.0,85.0,88.333,79.167,17.0,76.429,90.0,19.0
020,High,2024-8-8,14,55,14,10,15:06:39,15:07:42,824,3903.96,801.66,5510.0,1815.38,3.53,-4.46,15.23,4.56,True,10,9,9,10,19,1,2,Very frequently,Unfamiliar,Unfamiliar,Never,3.143,3.167,4.917,71,79,30.833,1.062,0.225,Straight,West,West - Straight,Straight,9.0,AGV,45.984374060110945,128.2173503058534,315.26,4.5,1.333,5.75,4.0,5.0,4.5,71.786,85.0,20.0,82.5,90.0,85.0,88.333,79.167,17.0,76.429,90.0,19.0
020,High,2024-8-8,14,55,14,11,15:07:50,15:09:00,779,3812.8,592.34,6309.99,2266.96,2.75,-5.51,15.26,4.69,True,1,2,2,1,19,1,2,Very frequently,Unfamiliar,Unfamiliar,Never,3.143,3.167,4.917,71,79,30.833,1.062,0.253,Diagonal,East,East - Diagonal,Complex,10.0,AGV,52.31713752977071,90.82012996470417,472.64,4.5,1.333,5.75,4.0,5.0,4.5,71.786,85.0,20.0,82.5,90.0,85.0,88.333,79.167,17.0,76.429,90.0,19.0
020,High,2024-8-8,14,55,14,12,15:09:09,15:10:47,753,3482.27,1032.65,5299.12,1678.44,2.47,-0.06,14.38,2.77,True,7,7,7,7,19,1,2,Very frequently,Unfamiliar,Unfamiliar,Never,3.143,3.167,4.917,71,79,30.833,1.062,0.162,Straight,Southeast,Southeast - Straight,Complex,1.0,User,60.8884729859632,74.91019102373332,268.48,4.5,1.333,5.75,4.0,5.0,4.5,71.786,85.0,20.0,82.5,90.0,85.0,88.333,79.167,17.0,76.429,90.0,19.0
020,High,2024-8-8,14,55,14,13,15:10:54,15:11:56,665,6517.37,489.21,11880.17,4766.54,5.94,-2.46,15.23,6.03,True,8,8,8,9,19,1,2,Very frequently,Unfamiliar,Unfamiliar,Never,3.143,3.167,4.917,71,79,30.833,1.062,0.191,Straight,Southwest,Southwest - Straight,Complex,7.0,AGV,35.64061198048196,175.89354981609455,206.14,4.5,1.333,5.75,4.0,5.0,4.5,71.786,85.0,20.0,82.5,90.0,85.0,88.333,79.167,17.0,76.429,90.0,19.0
020,High,2024-8-8,14,55,14,14,15:12:02,15:12:59,897,2510.72,1202.78,4727.58,960.75,3.84,-4.15,15.21,3.66,True,10,10,10,10,19,1,2,Very frequently,Unfamiliar,Unfamiliar,Never,3.143,3.167,4.917,71,79,30.833,1.062,0.317,Diagonal,Southeast,Southeast - Diagonal,Straight,8.0,User,64.06180819121734,170.4091338836183,343.47,4.5,1.333,5.75,4.0,5.0,4.5,71.786,85.0,20.0,82.5,90.0,85.0,88.333,79.167,17.0,76.429,90.0,19.0
020,High,2024-8-8,14,55,14,15,15:13:06,15:13:55,437,4017.24,607.55,6809.42,1848.55,4.43,-4.44,15.24,5.23,True,10,8,8,9,19,1,2,Very frequently,Unfamiliar,Unfamiliar,Never,3.143,3.167,4.917,71,79,30.833,1.062,0.196,Straight,North,North - Straight,Straight,10.0,User,47.50297532128494,176.40211375957566,317.82,4.5,1.333,5.75,4.0,5.0,4.5,71.786,85.0,20.0,82.5,90.0,85.0,88.333,79.167,17.0,76.429,90.0,19.0
020,High,2024-8-8,14,55,14,16,15:14:02,15:14:52,587,3022.21,1539.88,5553.08,1002.41,3.7,-0.0,15.23,4.33,True,10,9,9,10,19,1,2,Very frequently,Unfamiliar,Unfamiliar,Never,3.143,3.167,4.917,71,79,30.833,1.062,0.242,Diagonal,West,West - Diagonal,Complex,10.0,,69.87108472098048,123.67934047707082,234.4,4.5,1.333,5.75,4.0,5.0,4.5,71.786,85.0,20.0,82.5,90.0,85.0,88.333,79.167,17.0,76.429,90.0,19.0
020,Low,2024-8-8,15,22,35,1,15:22:59,15:23:55,489,7331.56,516.99,12206.59,4455.74,8.13,-0.02,15.27,6.32,True,9,8,8,9,19,1,2,Very frequently,Unfamiliar,Unfamiliar,Never,3.143,3.167,4.917,77,89,19.0,1.062,0.197,Straight,South,South - Straight,Straight,7.7,AGV,66.13669836530094,159.68182486510213,224.82,4.5,1.333,5.75,4.0,5.0,4.5,77.143,90.0,36.667,95.0,85.0,87.5,83.333,89.833,4.4,85.714,90.0,4.8
020,Low,2024-8-8,15,22,35,2,15:24:00,15:24:47,0,2105.34,683.53,4488.06,1122.14,4.62,-3.65,15.21,3.64,True,10,10,10,10,19,1,2,Very frequently,Unfamiliar,Unfamiliar,Never,3.143,3.167,4.917,77,89,19.0,1.062,0.192,Diagonal,North,North - Diagonal,Complex,9.0,AGV,48.01200780821633,194.25822174038072,258.14,4.5,1.333,5.75,4.0,5.0,4.5,77.143,90.0,36.667,95.0,85.0,87.5,83.333,89.833,4.4,85.714,90.0,4.8
020,Low,2024-8-8,15,22,35,3,15:24:51,15:25:40,669,2751.52,627.82,4988.78,1765.35,3.84,-5.37,15.21,3.77,True,10,10,10,10,19,1,2,Very frequently,Unfamiliar,Unfamiliar,Never,3.143,3.167,4.917,77,89,19.0,1.062,0.283,Diagonal,South,South - Diagonal,Complex,10.0,,72.81426679728365,139.54871656821896,148.75,4.5,1.333,5.75,4.0,5.0,4.5,77.143,90.0,36.667,95.0,85.0,87.5,83.333,89.833,4.4,85.714,90.0,4.8
020,Low,2024-8-8,15,22,35,4,15:25:45,15:26:29,1064,4986.21,576.23,11793.37,4055.44,8.24,-2.62,15.24,6.47,True,10,10,10,10,19,1,2,Very frequently,Unfamiliar,Unfamiliar,Never,3.143,3.167,4.917,77,89,19.0,1.062,0.365,Straight,Northeast,Northeast - Straight,Complex,10.0,AGV,49.13517724385556,295.9433723945933,285.75,4.5,1.333,5.75,4.0,5.0,4.5,77.143,90.0,36.667,95.0,85.0,87.5,83.333,89.833,4.4,85.714,90.0,4.8
020,Low,2024-8-8,15,22,35,5,15:26:36,15:27:43,456,3501.06,1468.02,7460.59,1209.46,3.12,-4.36,15.28,4.86,True,8,9,9,7,19,1,2,Very frequently,Unfamiliar,Unfamiliar,Never,3.143,3.167,4.917,77,89,19.0,1.062,0.208,Straight,Northwest,Northwest - Straight,Complex,10.0,AGV,88.78990560861169,47.44816066486545,197.78,4.5,1.333,5.75,4.0,5.0,4.5,77.143,90.0,36.667,95.0,85.0,87.5,83.333,89.833,4.4,85.714,90.0,4.8
020,Low,2024-8-8,15,22,35,6,15:27:48,15:28:38,744,2690.14,1095.05,5271.0,983.39,3.83,-3.22,15.21,4.05,True,9,10,10,9,19,1,2,Very frequently,Unfamiliar,Unfamiliar,Never,3.143,3.167,4.917,77,89,19.0,1.062,0.304,Diagonal,Northwest,Northwest - Diagonal,Complex,8.0,AGV,72.62990402798951,131.24728968586638,199.1,4.5,1.333,5.75,4.0,5.0,4.5,77.143,90.0,36.667,95.0,85.0,87.5,83.333,89.833,4.4,85.714,90.0,4.8
020,Low,2024-8-8,15,22,35,7,15:28:45,15:29:42,638,3794.57,1355.97,5518.17,1718.67,3.87,-4.41,15.22,4.55,True,10,10,10,10,19,1,2,Very frequently,Unfamiliar,Unfamiliar,Never,3.143,3.167,4.917,77,89,19.0,1.062,0.238,Straight,East,East - Straight,Straight,9.0,AGV,50.820413887049845,148.43590122825952,211.93,4.5,1.333,5.75,4.0,5.0,4.5,77.143,90.0,36.667,95.0,85.0,87.5,83.333,89.833,4.4,85.714,90.0,4.8
020,Low,2024-8-8,15,22,35,8,15:29:48,15:30:53,620,2702.26,597.6,4583.93,1081.67,3.38,-4.47,15.22,3.9,True,10,10,10,10,19,1,2,Very frequently,Unfamiliar,Unfamiliar,Never,3.143,3.167,4.917,77,89,19.0,1.062,0.221,Diagonal,Southwest,Southwest - Diagonal,Straight,10.0,AGV,56.34070871241893,97.83149867048758,201.05,4.5,1.333,5.75,4.0,5.0,4.5,77.143,90.0,36.667,95.0,85.0,87.5,83.333,89.833,4.4,85.714,90.0,4.8
020,Low,2024-8-8,15,22,35,9,15:30:56,15:32:04,434,4335.64,964.67,6991.22,1713.58,3.25,-4.38,15.23,4.75,True,10,10,10,10,19,1,2,Very frequently,Unfamiliar,Unfamiliar,Never,3.143,3.167,4.917,77,89,19.0,1.062,0.2,Diagonal,Northeast,Northeast - Diagonal,Straight,10.0,AGV,54.11449051673176,144.07563418053317,271.64,4.5,1.333,5.75,4.0,5.0,4.5,77.143,90.0,36.667,95.0,85.0,87.5,83.333,89.833,4.4,85.714,90.0,4.8
020,Low,2024-8-8,15,22,35,10,15:32:12,15:33:13,603,3911.22,1215.35,5487.09,1737.57,3.63,-4.44,15.23,4.56,True,10,10,10,10,19,1,2,Very frequently,Unfamiliar,Unfamiliar,Never,3.143,3.167,4.917,77,89,19.0,1.062,0.197,Straight,West,West - Straight,Straight,10.0,AGV,46.81291764737965,113.86076151617391,250.08,4.5,1.333,5.75,4.0,5.0,4.5,77.143,90.0,36.667,95.0,85.0,87.5,83.333,89.833,4.4,85.714,90.0,4.8
020,Low,2024-8-8,15,22,35,11,15:33:18,15:34:27,796,3989.57,613.96,6210.81,2208.9,2.78,-5.47,15.21,4.76,True,10,10,10,10,19,1,2,Very frequently,Unfamiliar,Unfamiliar,Never,3.143,3.167,4.917,77,89,19.0,1.062,0.213,Diagonal,East,East - Diagonal,Complex,10.0,AGV,52.73547170169719,60.24150860694424,618.53,4.5,1.333,5.75,4.0,5.0,4.5,77.143,90.0,36.667,95.0,85.0,87.5,83.333,89.833,4.4,85.714,90.0,4.8
020,Low,2024-8-8,15,22,35,12,15:34:32,15:35:55,620,2908.04,971.02,4203.75,1251.94,2.57,-2.53,11.09,2.68,True,10,10,10,10,19,1,2,Very frequently,Unfamiliar,Unfamiliar,Never,3.143,3.167,4.917,77,89,19.0,1.062,0.172,Straight,Southeast,Southeast - Straight,Complex,10.0,User,71.96473446629689,86.52880605900256,354.31,4.5,1.333,5.75,4.0,5.0,4.5,77.143,90.0,36.667,95.0,85.0,87.5,83.333,89.833,4.4,85.714,90.0,4.8
020,Low,2024-8-8,15,22,35,13,15:36:00,15:36:54,791,4869.46,719.92,11878.64,4278.98,6.86,-4.27,15.22,5.24,True,10,10,10,10,19,1,2,Very frequently,Unfamiliar,Unfamiliar,Never,3.143,3.167,4.917,77,89,19.0,1.062,0.237,Straight,Southwest,Southwest - Straight,Complex,10.0,AGV,40.49846949366414,211.8107573138251,146.48,4.5,1.333,5.75,4.0,5.0,4.5,77.143,90.0,36.667,95.0,85.0,87.5,83.333,89.833,4.4,85.714,90.0,4.8
020,Low,2024-8-8,15,22,35,14,15:36:59,15:37:49,741,2361.28,872.03,4711.19,1112.0,4.39,-3.73,15.22,3.95,True,10,10,10,10,19,1,2,Very frequently,Unfamiliar,Unfamiliar,Never,3.143,3.167,4.917,77,89,19.0,1.062,0.245,Diagonal,Southeast,Southeast - Diagonal,Straight,10.0,AGV,71.48676047646234,176.55410878045714,298.03,4.5,1.333,5.75,4.0,5.0,4.5,77.143,90.0,36.667,95.0,85.0,87.5,83.333,89.833,4.4,85.714,90.0,4.8
020,Low,2024-8-8,15,22,35,15,15:37:52,15:38:36,248,4032.37,697.2,6793.63,1860.99,4.99,-4.43,15.22,5.56,True,10,10,10,10,19,1,2,Very frequently,Unfamiliar,Unfamiliar,Never,3.143,3.167,4.917,77,89,19.0,1.062,0.204,Straight,North,North - Straight,Straight,10.0,AGV,51.95119685337688,101.85850328386672,259.5,4.5,1.333,5.75,4.0,5.0,4.5,77.143,90.0,36.667,95.0,85.0,87.5,83.333,89.833,4.4,85.714,90.0,4.8
020,Low,2024-8-8,15,22,35,16,15:38:40,15:39:35,417,3103.5,1365.08,5565.76,992.09,3.43,-0.01,15.2,4.53,True,10,10,10,10,19,1,2,Very frequently,Unfamiliar,Unfamiliar,Never,3.143,3.167,4.917,77,89,19.0,1.062,0.162,Diagonal,West,West - Diagonal,Complex,10.0,,65.42484554530384,113.96210602081293,179.52,4.5,1.333,5.75,4.0,5.0,4.5,77.143,90.0,36.667,95.0,85.0,87.5,83.333,89.833,4.4,85.714,90.0,4.8
021,High,2024-8-8,17,23,2,1,17:23:27,17:24:26,1251,5381.39,214.29,12445.66,4616.88,6.98,-0.35,15.23,6.69,True,10,10,10,9,18,1,5,Frequently,Very Experienced,Experienced,Rarely,2.429,3.5,4.5,83,96,17.667,1.0,0.328,Straight,South,South - Straight,Straight,8.3,AGV,63.13177318527823,192.6641908548632,261.95,3.25,1.333,5.25,3.0,4.333,5.5,83.5,98.333,32.667,100.0,99.0,95.0,95.667,96.083,0.6,93.714,99.0,1.4
021,High,2024-8-8,17,23,2,2,17:24:31,17:25:14,0,2181.38,873.42,4486.96,956.1,5.07,-4.05,15.2,3.22,True,10,10,10,10,18,1,5,Frequently,Very Experienced,Experienced,Rarely,2.429,3.5,4.5,83,96,17.667,1.0,0.0,Diagonal,North,North - Diagonal,Complex,10.0,User,52.92434840957116,221.87819898873602,306.6,3.25,1.333,5.25,3.0,4.333,5.5,83.5,98.333,32.667,100.0,99.0,95.0,95.667,96.083,0.6,93.714,99.0,1.4
021,High,2024-8-8,17,23,2,3,17:25:20,17:26:11,806,2873.49,368.58,4999.21,1857.28,3.65,-5.44,15.22,3.93,True,10,10,10,10,18,1,5,Frequently,Very Experienced,Experienced,Rarely,2.429,3.5,4.5,83,96,17.667,1.0,0.241,Diagonal,South,South - Diagonal,Complex,10.0,,70.57415454094219,150.05215446070324,271.66,3.25,1.333,5.25,3.0,4.333,5.5,83.5,98.333,32.667,100.0,99.0,95.0,95.667,96.083,0.6,93.714,99.0,1.4
021,High,2024-8-8,17,23,2,4,17:26:16,17:26:59,1387,3646.49,679.83,11715.31,3348.89,8.48,-2.39,15.23,6.41,True,10,10,10,10,18,1,5,Frequently,Very Experienced,Experienced,Rarely,2.429,3.5,4.5,83,96,17.667,1.0,0.447,Straight,Northeast,Northeast - Straight,Complex,10.0,AGV,50.81543814604395,304.1562508637179,387.54,3.25,1.333,5.25,3.0,4.333,5.5,83.5,98.333,32.667,100.0,99.0,95.0,95.667,96.083,0.6,93.714,99.0,1.4
021,High,2024-8-8,17,23,2,5,17:27:03,17:28:08,607,3549.82,1571.27,7500.38,1205.47,3.19,-3.89,15.25,4.8,True,10,10,10,10,18,1,5,Frequently,Very Experienced,Experienced,Rarely,2.429,3.5,4.5,83,96,17.667,1.0,0.145,Straight,Northwest,Northwest - Straight,Complex,10.0,AGV,92.51434548564092,90.14209130103067,338.87,3.25,1.333,5.25,3.0,4.333,5.5,83.5,98.333,32.667,100.0,99.0,95.0,95.667,96.083,0.6,93.714,99.0,1.4
021,High,2024-8-8,17,23,2,6,17:28:13,17:29:04,804,2555.98,770.13,5307.41,1086.8,3.79,-3.49,15.22,3.93,False,10,10,10,10,18,1,5,Frequently,Very Experienced,Experienced,Rarely,2.429,3.5,4.5,83,96,17.667,1.0,0.281,Diagonal,Northwest,Northwest - Diagonal,Complex,10.0,AGV,70.53505818321071,95.85630513359389,226.46,3.25,1.333,5.25,3.0,4.333,5.5,83.5,98.333,32.667,100.0,99.0,95.0,95.667,96.083,0.6,93.714,99.0,1.4
021,High,2024-8-8,17,23,2,7,17:29:09,17:29:55,602,3202.68,799.22,5482.63,1821.84,4.75,-4.38,15.22,4.55,True,10,10,10,10,18,1,5,Frequently,Very Experienced,Experienced,Rarely,2.429,3.5,4.5,83,96,17.667,1.0,0.24,Straight,East,East - Straight,Straight,10.0,AGV,61.38746600544899,128.1280701441165,235.94,3.25,1.333,5.25,3.0,4.333,5.5,83.5,98.333,32.667,100.0,99.0,95.0,95.667,96.083,0.6,93.714,99.0,1.4
021,High,2024-8-8,17,23,2,8,17:29:59,17:30:48,288,2385.82,579.34,4576.86,1289.79,4.45,-4.45,15.22,5.54,True,10,10,10,9,18,1,5,Frequently,Very Experienced,Experienced,Rarely,2.429,3.5,4.5,83,96,17.667,1.0,0.115,Diagonal,Southwest,Southwest - Diagonal,Straight,10.0,AGV,76.42479067819245,199.25646886796056,228.75,3.25,1.333,5.25,3.0,4.333,5.5,83.5,98.333,32.667,100.0,99.0,95.0,95.667,96.083,0.6,93.714,99.0,1.4
021,High,2024-8-8,17,23,2,9,17:30:53,17:31:35,617,3667.34,541.52,7053.01,2024.88,5.15,-4.03,15.23,5.14,True,10,10,10,10,18,1,5,Frequently,Very Experienced,Experienced,Rarely,2.429,3.5,4.5,83,96,17.667,1.0,0.229,Diagonal,Northeast,Northeast - Diagonal,Straight,10.0,User,89.0918258441038,210.24427962731673,258.09,3.25,1.333,5.25,3.0,4.333,5.5,83.5,98.333,32.667,100.0,99.0,95.0,95.667,96.083,0.6,93.714,99.0,1.4
021,High,2024-8-8,17,23,2,10,17:31:41,17:32:25,563,3335.29,720.51,5526.7,1820.88,4.99,-4.41,15.22,4.77,True,10,10,10,10,18,1,5,Frequently,Very Experienced,Experienced,Rarely,2.429,3.5,4.5,83,96,17.667,1.0,0.208,Straight,West,West - Straight,Straight,10.0,AGV,65.27346329914988,173.55405058821256,303.53,3.25,1.333,5.25,3.0,4.333,5.5,83.5,98.333,32.667,100.0,99.0,95.0,95.667,96.083,0.6,93.714,99.0,1.4
021,High,2024-8-8,17,23,2,11,17:32:34,17:33:21,465,3637.56,575.75,6080.35,2074.63,4.05,-5.42,15.22,5.49,True,10,10,10,10,18,1,5,Frequently,Very Experienced,Experienced,Rarely,2.429,3.5,4.5,83,96,17.667,1.0,0.167,Diagonal,East,East - Diagonal,Complex,10.0,AGV,76.89837659484706,81.76417991292813,275.2,3.25,1.333,5.25,3.0,4.333,5.5,83.5,98.333,32.667,100.0,99.0,95.0,95.667,96.083,0.6,93.714,99.0,1.4
021,High,2024-8-8,17,23,2,12,17:33:26,17:34:41,511,2996.62,636.0,5283.39,1721.66,3.26,-1.84,14.28,2.8,True,10,10,10,10,18,1,5,Frequently,Very Experienced,Experienced,Rarely,2.429,3.5,4.5,83,96,17.667,1.0,0.16,Straight,Southeast,Southeast - Straight,Complex,10.0,User,80.11536616201984,83.01661085200898,380.85,3.25,1.333,5.25,3.0,4.333,5.5,83.5,98.333,32.667,100.0,99.0,95.0,95.667,96.083,0.6,93.714,99.0,1.4
021,High,2024-8-8,17,23,2,13,17:34:45,17:35:25,28,4156.66,714.83,11688.62,3465.97,9.03,-3.26,15.22,5.45,True,10,10,10,10,18,1,5,Frequently,Very Experienced,Experienced,Rarely,2.429,3.5,4.5,83,96,17.667,1.0,0.021,Straight,Southwest,Southwest - Straight,Complex,10.0,AGV,55.22033545870484,320.5123573570409,191.17,3.25,1.333,5.25,3.0,4.333,5.5,83.5,98.333,32.667,100.0,99.0,95.0,95.667,96.083,0.6,93.714,99.0,1.4
021,High,2024-8-8,17,23,2,14,17:35:34,17:36:25,154,2106.68,534.71,4708.76,1277.26,4.29,-4.47,15.23,5.15,True,10,10,10,10,18,1,5,Frequently,Very Experienced,Experienced,Rarely,2.429,3.5,4.5,83,96,17.667,1.0,0.071,Diagonal,Southeast,Southeast - Diagonal,Straight,10.0,User,70.16636820329306,174.3223520638848,166.4,3.25,1.333,5.25,3.0,4.333,5.5,83.5,98.333,32.667,100.0,99.0,95.0,95.667,96.083,0.6,93.714,99.0,1.4
021,High,2024-8-8,17,23,2,15,17:36:30,17:37:06,239,3715.59,750.38,6757.69,1887.89,5.98,-4.54,15.22,5.47,True,10,10,10,10,18,1,5,Frequently,Very Experienced,Experienced,Rarely,2.429,3.5,4.5,83,96,17.667,1.0,0.1,Straight,North,North - Straight,Straight,10.0,User,64.32626544760578,270.42362952193514,161.43,3.25,1.333,5.25,3.0,4.333,5.5,83.5,98.333,32.667,100.0,99.0,95.0,95.667,96.083,0.6,93.714,99.0,1.4
021,High,2024-8-8,17,23,2,16,17:37:10,17:37:57,361,3048.24,1044.83,5481.11,1119.37,3.94,-0.03,15.22,4.61,True,10,10,10,10,18,1,5,Frequently,Very Experienced,Experienced,Rarely,2.429,3.5,4.5,83,96,17.667,1.0,0.164,Diagonal,West,West - Diagonal,Complex,10.0,,77.22764839609768,102.10193699519142,126.9,3.25,1.333,5.25,3.0,4.333,5.5,83.5,98.333,32.667,100.0,99.0,95.0,95.667,96.083,0.6,93.714,99.0,1.4
021,Low,2024-8-8,16,53,53,1,16:54:17,16:55:09,803,6023.83,322.69,12446.58,4304.65,8.92,-3.54,15.29,6.25,True,9,9,10,7,18,1,5,Frequently,Very Experienced,Experienced,Rarely,2.429,3.5,4.5,81,95,23.167,1.062,0.23,Straight,South,South - Straight,Straight,,AGV,71.29509858095629,154.28858365433354,210.39,3.25,1.333,5.25,3.0,4.333,5.5,81.786,94.667,35.0,97.5,90.0,96.0,93.0,95.333,1.2,92.857,90.0,9.8
021,Low,2024-8-8,16,53,53,2,16:55:17,16:56:04,0,2271.42,928.12,4490.19,972.45,4.72,-4.12,15.21,3.32,False,10,10,10,10,18,1,5,Frequently,Very Experienced,Experienced,Rarely,2.429,3.5,4.5,81,95,23.167,1.062,0.0,Diagonal,North,North - Diagonal,Complex,9.0,User,49.033035958591796,189.73763458441522,211.49,3.25,1.333,5.25,3.0,4.333,5.5,81.786,94.667,35.0,97.5,90.0,96.0,93.0,95.333,1.2,92.857,90.0,9.8
021,Low,2024-8-8,16,53,53,3,16:56:10,16:57:03,867,2927.25,521.17,4969.56,1828.32,3.55,-5.12,15.22,3.76,True,10,9,10,9,18,1,5,Frequently,Very Experienced,Experienced,Rarely,2.429,3.5,4.5,81,95,23.167,1.062,0.25,Diagonal,South,South - Diagonal,Complex,10.0,,68.21562858875274,128.83896635826787,227.22,3.25,1.333,5.25,3.0,4.333,5.5,81.786,94.667,35.0,97.5,90.0,96.0,93.0,95.333,1.2,92.857,90.0,9.8
021,Low,2024-8-8,16,53,53,4,16:57:08,16:57:57,731,5643.33,622.1,11731.38,4225.77,7.6,-2.35,15.22,5.82,True,10,10,10,10,18,1,5,Frequently,Very Experienced,Experienced,Rarely,2.429,3.5,4.5,81,95,23.167,1.062,0.241,Straight,Northeast,Northeast - Straight,Complex,10.0,AGV,45.5061870142856,249.02767388094705,277.39,3.25,1.333,5.25,3.0,4.333,5.5,81.786,94.667,35.0,97.5,90.0,96.0,93.0,95.333,1.2,92.857,90.0,9.8
021,Low,2024-8-8,16,53,53,5,16:58:01,16:59:11,613,3511.56,1724.32,7530.87,1171.46,3.04,-3.73,15.32,4.58,True,10,10,10,10,18,1,5,Frequently,Very Experienced,Experienced,Rarely,2.429,3.5,4.5,81,95,23.167,1.062,0.174,Straight,Northwest,Northwest - Straight,Complex,10.0,AGV,86.45973310827256,81.96074776603696,190.75,3.25,1.333,5.25,3.0,4.333,5.5,81.786,94.667,35.0,97.5,90.0,96.0,93.0,95.333,1.2,92.857,90.0,9.8
021,Low,2024-8-8,16,53,53,6,16:59:28,17:00:27,957,2823.81,1062.04,5255.98,987.13,3.24,-4.66,15.23,4.16,True,10,10,10,10,18,1,5,Frequently,Very Experienced,Experienced,Rarely,2.429,3.5,4.5,81,95,23.167,1.062,0.275,Diagonal,Northwest,Northwest - Diagonal,Complex,10.0,AGV,60.91561816050226,95.06892476639281,237.33,3.25,1.333,5.25,3.0,4.333,5.5,81.786,94.667,35.0,97.5,90.0,96.0,93.0,95.333,1.2,92.857,90.0,9.8
021,Low,2024-8-8,16,53,53,7,17:00:36,17:01:28,518,3553.75,684.8,5541.69,1825.04,4.3,-4.39,15.22,4.7,True,10,10,10,10,18,1,5,Frequently,Very Experienced,Experienced,Rarely,2.429,3.5,4.5,81,95,23.167,1.062,0.159,Straight,East,East - Straight,Straight,10.0,AGV,56.63013729306595,103.22346963267452,222.2,3.25,1.333,5.25,3.0,4.333,5.5,81.786,94.667,35.0,97.5,90.0,96.0,93.0,95.333,1.2,92.857,90.0,9.8
021,Low,2024-8-8,16,53,53,8,17:01:40,17:02:42,715,2473.27,649.86,4674.68,1141.14,3.56,-4.28,15.21,3.63,True,10,9,10,8,18,1,5,Frequently,Very Experienced,Experienced,Rarely,2.429,3.5,4.5,81,95,23.167,1.062,0.235,Diagonal,Southwest,Southwest - Diagonal,Straight,10.0,AGV,59.135662855419405,157.34552658180021,367.92,3.25,1.333,5.25,3.0,4.333,5.5,81.786,94.667,35.0,97.5,90.0,96.0,93.0,95.333,1.2,92.857,90.0,9.8
021,Low,2024-8-8,16,53,53,9,17:02:49,17:03:35,600,3947.89,584.08,7047.52,1942.79,4.74,-4.48,15.22,5.33,True,10,10,10,10,18,1,5,Frequently,Very Experienced,Experienced,Rarely,2.429,3.5,4.5,81,95,23.167,1.062,0.164,Diagonal,Northeast,Northeast - Diagonal,Straight,10.0,AGV,80.36542689031253,77.42503903990495,110.77,3.25,1.333,5.25,3.0,4.333,5.5,81.786,94.667,35.0,97.5,90.0,96.0,93.0,95.333,1.2,92.857,90.0,9.8
021,Low,2024-8-8,16,53,53,10,17:03:43,17:04:34,548,3722.3,1030.17,5508.97,1708.02,4.31,-4.43,15.21,4.87,True,10,10,10,10,18,1,5,Frequently,Very Experienced,Experienced,Rarely,2.429,3.5,4.5,81,95,23.167,1.062,0.143,Straight,West,West - Straight,Straight,10.0,AGV,55.87406312868233,192.0249388444036,299.31,3.25,1.333,5.25,3.0,4.333,5.5,81.786,94.667,35.0,97.5,90.0,96.0,93.0,95.333,1.2,92.857,90.0,9.8
021,Low,2024-8-8,16,53,53,11,17:04:47,17:05:43,354,4432.39,576.23,6121.86,2081.88,3.39,-5.48,15.22,5.46,True,10,10,10,10,18,1,5,Frequently,Very Experienced,Experienced,Rarely,2.429,3.5,4.5,81,95,23.167,1.062,0.113,Diagonal,East,East - Diagonal,Complex,10.0,AGV,64.49561685727035,105.97874377133607,428.84,3.25,1.333,5.25,3.0,4.333,5.5,81.786,94.667,35.0,97.5,90.0,96.0,93.0,95.333,1.2,92.857,90.0,9.8
021,Low,2024-8-8,16,53,53,12,17:05:49,17:07:00,716,2588.41,606.59,4220.35,1271.18,2.95,-2.05,10.23,2.62,True,10,10,10,10,18,1,5,Frequently,Very Experienced,Experienced,Rarely,2.429,3.5,4.5,81,95,23.167,1.062,0.167,Straight,Southeast,Southeast - Straight,Complex,10.0,User,84.67182160544748,102.79649115990252,466.53,3.25,1.333,5.25,3.0,4.333,5.5,81.786,94.667,35.0,97.5,90.0,96.0,93.0,95.333,1.2,92.857,90.0,9.8
021,Low,2024-8-8,16,53,53,13,17:07:07,17:07:45,253,2997.46,582.37,10086.3,2583.73,8.68,-0.78,15.22,5.6,True,10,10,10,10,18,1,5,Frequently,Very Experienced,Experienced,Rarely,2.429,3.5,4.5,81,95,23.167,1.062,0.116,Straight,Southwest,Southwest - Straight,Complex,10.0,AGV,58.438151899414855,272.55357678568345,335.09,3.25,1.333,5.25,3.0,4.333,5.5,81.786,94.667,35.0,97.5,90.0,96.0,93.0,95.333,1.2,92.857,90.0,9.8
021,Low,2024-8-8,16,53,53,14,17:07:49,17:08:45,462,2787.17,887.61,4742.34,1060.22,3.9,-4.47,15.27,4.61,True,10,10,10,10,18,1,5,Frequently,Very Experienced,Experienced,Rarely,2.429,3.5,4.5,81,95,23.167,1.062,0.153,Diagonal,Southeast,Southeast - Diagonal,Straight,10.0,User,64.17267325042184,141.75246141984593,180.37,3.25,1.333,5.25,3.0,4.333,5.5,81.786,94.667,35.0,97.5,90.0,96.0,93.0,95.333,1.2,92.857,90.0,9.8
021,Low,2024-8-8,16,53,53,15,17:08:48,17:09:28,161,3899.71,638.29,6800.67,1906.36,5.53,-4.58,15.31,5.63,True,10,10,10,10,18,1,5,Frequently,Very Experienced,Experienced,Rarely,2.429,3.5,4.5,81,95,23.167,1.062,0.064,Straight,North,North - Straight,Straight,10.0,AGV,57.382146592220366,219.69125094967058,332.07,3.25,1.333,5.25,3.0,4.333,5.5,81.786,94.667,35.0,97.5,90.0,96.0,93.0,95.333,1.2,92.857,90.0,9.8
021,Low,2024-8-8,16,53,53,16,17:09:35,17:10:15,348,2964.41,1386.95,5540.15,1105.78,4.69,-0.07,15.21,4.82,True,10,10,10,10,18,1,5,Frequently,Very Experienced,Experienced,Rarely,2.429,3.5,4.5,81,95,23.167,1.062,0.214,Diagonal,West,West - Diagonal,Complex,10.0,,87.84366829414185,157.0627175160382,151.42,3.25,1.333,5.25,3.0,4.333,5.5,81.786,94.667,35.0,97.5,90.0,96.0,93.0,95.333,1.2,92.857,90.0,9.8
022,High,2024-8-9,10,37,34,1,10:37:58,10:39:22,401,8135.04,652.58,12422.25,3931.46,5.61,-1.43,15.22,6.2,True,3,6,5,4,21,1,6,Very frequently,Moderately experienced,Moderately experienced,Never,2.714,3.0,4.083,68,59,50.0,1.25,0.124,Straight,South,South - Straight,Straight,,AGV,44.18547987666703,106.35585954193662,1165.39,2.75,2.667,5.0,3.667,4.333,2.5,68.5,74.0,67.0,60.5,74.0,69.5,67.333,59.833,36.0,56.857,80.0,44.0
022,High,2024-8-9,10,37,34,2,10:39:27,10:40:34,0,2450.4,966.52,4503.84,949.83,3.25,-3.53,15.21,3.45,True,7,5,6,4,21,1,6,Very frequently,Moderately experienced,Moderately experienced,Never,2.714,3.0,4.083,68,59,50.0,1.25,0.041,Diagonal,North,North - Diagonal,Complex,3.0,AGV,35.213321143761014,138.84815117237974,114.01,2.75,2.667,5.0,3.667,4.333,2.5,68.5,74.0,67.0,60.5,74.0,69.5,67.333,59.833,36.0,56.857,80.0,44.0
022,High,2024-8-9,10,37,34,3,10:40:41,10:41:58,262,4275.39,669.3,7197.28,1868.58,2.41,-5.52,15.22,4.26,True,5,6,5,6,21,1,6,Very frequently,Moderately experienced,Moderately experienced,Never,2.714,3.0,4.083,68,59,50.0,1.25,0.107,Diagonal,South,South - Diagonal,Complex,7.0,,47.368331503656,89.89157757231345,1499.06,2.75,2.667,5.0,3.667,4.333,2.5,68.5,74.0,67.0,60.5,74.0,69.5,67.333,59.833,36.0,56.857,80.0,44.0
022,High,2024-8-9,10,37,34,4,10:42:05,10:43:06,590,6853.86,1036.61,11907.63,4485.73,6.0,-2.62,15.23,5.93,True,4,4,3,5,21,1,6,Very frequently,Moderately experienced,Moderately experienced,Never,2.714,3.0,4.083,68,59,50.0,1.25,0.191,Straight,Northeast,Northeast - Straight,Complex,5.0,AGV,37.341020699422984,187.7795775349162,224.17,2.75,2.667,5.0,3.667,4.333,2.5,68.5,74.0,67.0,60.5,74.0,69.5,67.333,59.833,36.0,56.857,80.0,44.0
022,High,2024-8-9,10,37,34,5,10:43:12,10:45:10,980,3371.39,1225.22,7630.49,1013.11,1.77,-5.08,15.28,3.73,True,4,6,4,3,21,1,6,Very frequently,Moderately experienced,Moderately experienced,Never,2.714,3.0,4.083,68,59,50.0,1.25,0.164,Straight,Northwest,Northwest - Straight,Complex,4.0,AGV,50.941126240826634,48.480590950671136,394.13,2.75,2.667,5.0,3.667,4.333,2.5,68.5,74.0,67.0,60.5,74.0,69.5,67.333,59.833,36.0,56.857,80.0,44.0
022,High,2024-8-9,10,37,34,6,10:45:15,10:46:24,831,2821.39,1274.49,5371.21,915.09,2.76,-1.18,15.24,3.71,True,5,5,4,5,21,1,6,Very frequently,Moderately experienced,Moderately experienced,Never,2.714,3.0,4.083,68,59,50.0,1.25,0.28,Diagonal,Northwest,Northwest - Diagonal,Complex,4.0,AGV,53.513505487799236,91.92413683490894,1216.15,2.75,2.667,5.0,3.667,4.333,2.5,68.5,74.0,67.0,60.5,74.0,69.5,67.333,59.833,36.0,56.857,80.0,44.0
022,High,2024-8-9,10,37,34,7,10:46:30,10:47:35,793,3965.48,1104.31,5479.7,1766.93,3.36,-4.42,15.22,4.42,True,6,7,6,6,21,1,6,Very frequently,Moderately experienced,Moderately experienced,Never,2.714,3.0,4.083,68,59,50.0,1.25,0.225,Straight,East,East - Straight,Straight,5.0,AGV,44.11468016958116,143.23796586994334,294.2,2.75,2.667,5.0,3.667,4.333,2.5,68.5,74.0,67.0,60.5,74.0,69.5,67.333,59.833,36.0,56.857,80.0,44.0
022,High,2024-8-9,10,37,34,8,10:47:41,10:48:52,746,2691.57,707.89,4596.21,1059.39,3.08,-4.44,15.21,3.77,True,7,6,5,7,21,1,6,Very frequently,Moderately experienced,Moderately experienced,Never,2.714,3.0,4.083,68,59,50.0,1.25,0.182,Diagonal,Southwest,Southwest - Diagonal,Straight,6.0,AGV,52.49772502430106,138.08810164578568,374.27,2.75,2.667,5.0,3.667,4.333,2.5,68.5,74.0,67.0,60.5,74.0,69.5,67.333,59.833,36.0,56.857,80.0,44.0
022,High,2024-8-9,10,37,34,9,10:48:58,10:50:22,544,4637.29,1030.31,7051.8,1562.31,2.6,-4.43,15.24,4.52,True,7,6,7,8,21,1,6,Very frequently,Moderately experienced,Moderately experienced,Never,2.714,3.0,4.083,68,59,50.0,1.25,0.156,Diagonal,Northeast,Northeast - Diagonal,Straight,7.0,AGV,44.33887144328697,108.55414428186066,206.82,2.75,2.667,5.0,3.667,4.333,2.5,68.5,74.0,67.0,60.5,74.0,69.5,67.333,59.833,36.0,56.857,80.0,44.0
022,High,2024-8-9,10,37,34,10,10:50:28,10:51:27,689,3910.26,932.56,5494.55,1808.66,3.71,-4.43,15.23,4.69,True,8,9,7,9,21,1,6,Very frequently,Moderately experienced,Moderately experienced,Never,2.714,3.0,4.083,68,59,50.0,1.25,0.186,Straight,West,West - Straight,Straight,7.0,AGV,48.308519165371685,150.50121083218824,153.47,2.75,2.667,5.0,3.667,4.333,2.5,68.5,74.0,67.0,60.5,74.0,69.5,67.333,59.833,36.0,56.857,80.0,44.0
022,High,2024-8-9,10,37,34,11,10:51:38,10:53:04,714,4420.17,488.87,6139.8,2087.03,2.23,-3.5,15.3,4.47,True,4,5,4,5,21,1,6,Very frequently,Moderately experienced,Moderately experienced,Never,2.714,3.0,4.083,68,59,50.0,1.25,0.163,Diagonal,East,East - Diagonal,Complex,8.0,AGV,42.88107853796821,53.23816682078138,1814.97,2.75,2.667,5.0,3.667,4.333,2.5,68.5,74.0,67.0,60.5,74.0,69.5,67.333,59.833,36.0,56.857,80.0,44.0
022,High,2024-8-9,10,37,34,12,10:53:09,10:54:42,775,3010.2,827.61,4163.53,1273.31,2.27,-2.06,11.96,2.66,True,6,7,6,8,21,1,6,Very frequently,Moderately experienced,Moderately experienced,Never,2.714,3.0,4.083,68,59,50.0,1.25,0.133,Straight,Southeast,Southeast - Straight,Complex,4.0,User,64.13594788088348,76.90311130725433,575.22,2.75,2.667,5.0,3.667,4.333,2.5,68.5,74.0,67.0,60.5,74.0,69.5,67.333,59.833,36.0,56.857,80.0,44.0
022,High,2024-8-9,10,37,34,13,10:54:48,10:55:52,1139,5729.84,570.86,11914.86,4671.06,5.77,-2.28,15.22,5.3,True,6,7,6,8,21,1,6,Very frequently,Moderately experienced,Moderately experienced,Never,2.714,3.0,4.083,68,59,50.0,1.25,0.243,Straight,Southwest,Southwest - Straight,Complex,6.0,AGV,35.60239689417371,191.96546673500356,129.18,2.75,2.667,5.0,3.667,4.333,2.5,68.5,74.0,67.0,60.5,74.0,69.5,67.333,59.833,36.0,56.857,80.0,44.0
022,High,2024-8-9,10,37,34,14,10:55:57,10:57:02,1223,2562.87,987.27,4687.65,951.12,3.35,-4.34,15.21,3.66,True,7,9,7,9,21,1,6,Very frequently,Moderately experienced,Moderately experienced,Never,2.714,3.0,4.083,68,59,50.0,1.25,,Diagonal,Southeast,Southeast - Diagonal,Straight,6.0,AGV,,,,2.75,2.667,5.0,3.667,4.333,2.5,68.5,74.0,67.0,60.5,74.0,69.5,67.333,59.833,36.0,56.857,80.0,44.0
022,High,2024-8-9,10,37,34,16,10:58:25,10:59:18,621,2888.83,956.9,5531.49,1098.14,3.53,-0.09,15.21,4.2,True,7,9,7,8,21,1,6,Very frequently,Moderately experienced,Moderately experienced,Never,2.714,3.0,4.083,68,59,50.0,1.25,0.176,Diagonal,West,West - Diagonal,Complex,7.0,AGV,67.42483086527889,118.77357699726412,352.54,2.75,2.667,5.0,3.667,4.333,2.5,68.5,74.0,67.0,60.5,74.0,69.5,67.333,59.833,36.0,56.857,80.0,44.0
022,Low,2024-8-9,11,9,2,1,11:09:18,11:10:21,486,7643.52,558.82,12552.58,4100.05,7.39,-1.35,15.26,6.5,True,7,8,6,8,21,1,6,Very frequently,Moderately experienced,Moderately experienced,Never,2.714,3.0,4.083,64,67,30.667,1.125,0.162,Straight,South,South - Straight,Straight,6.4,AGV,58.714087905865945,141.75462485060046,348.87,2.75,2.667,5.0,3.667,4.333,2.5,64.643,70.0,40.0,72.0,82.0,71.5,68.667,67.75,34.0,69.0,80.0,20.8
022,Low,2024-8-9,11,9,2,2,11:10:26,11:11:25,0,2347.31,794.51,4511.37,1023.22,3.68,-3.83,15.21,3.47,True,8,8,7,8,21,1,6,Very frequently,Moderately experienced,Moderately experienced,Never,2.714,3.0,4.083,64,67,30.667,1.125,0.185,Diagonal,North,North - Diagonal,Complex,7.0,AGV,39.88308565838688,159.18527916841842,243.27,2.75,2.667,5.0,3.667,4.333,2.5,64.643,70.0,40.0,72.0,82.0,71.5,68.667,67.75,34.0,69.0,80.0,20.8
022,Low,2024-8-9,11,9,2,3,11:11:31,11:12:28,757,3105.47,745.36,4907.51,1741.57,3.25,-5.55,15.21,3.76,True,8,7,7,9,21,1,6,Very frequently,Moderately experienced,Moderately experienced,Never,2.714,3.0,4.083,64,67,30.667,1.125,0.238,Diagonal,South,South - Diagonal,Complex,8.0,,63.75461286635139,134.27152915997618,149.89,2.75,2.667,5.0,3.667,4.333,2.5,64.643,70.0,40.0,72.0,82.0,71.5,68.667,67.75,34.0,69.0,80.0,20.8
022,Low,2024-8-9,11,9,2,4,11:12:34,11:13:27,881,6019.12,792.54,11943.14,4380.37,6.97,-3.45,15.22,5.86,True,8,7,7,8,21,1,6,Very frequently,Moderately experienced,Moderately experienced,Never,2.714,3.0,4.083,64,67,30.667,1.125,0.234,Straight,Northeast,Northeast - Straight,Complex,8.0,AGV,42.864699856820145,212.8905966117029,210.33,2.75,2.667,5.0,3.667,4.333,2.5,64.643,70.0,40.0,72.0,82.0,71.5,68.667,67.75,34.0,69.0,80.0,20.8
022,Low,2024-8-9,11,9,2,5,11:13:37,11:14:44,598,3416.24,1095.7,7662.38,1320.33,3.12,-3.98,15.28,4.7,True,8,9,8,9,21,1,6,Very frequently,Moderately experienced,Moderately experienced,Never,2.714,3.0,4.083,64,67,30.667,1.125,0.114,Straight,Northwest,Northwest - Straight,Complex,8.0,AGV,89.44087232174525,73.37338097651764,177.76,2.75,2.667,5.0,3.667,4.333,2.5,64.643,70.0,40.0,72.0,82.0,71.5,68.667,67.75,34.0,69.0,80.0,20.8
022,Low,2024-8-9,11,9,2,6,11:14:56,11:15:55,839,2857.62,1007.51,5373.81,1031.65,3.25,-4.14,15.21,4.03,True,8,7,7,8,21,1,6,Very frequently,Moderately experienced,Moderately experienced,Never,2.714,3.0,4.083,64,67,30.667,1.125,0.219,Diagonal,Northwest,Northwest - Diagonal,Complex,8.0,AGV,62.03389366173152,111.61997895949888,220.86,2.75,2.667,5.0,3.667,4.333,2.5,64.643,70.0,40.0,72.0,82.0,71.5,68.667,67.75,34.0,69.0,80.0,20.8
022,Low,2024-8-9,11,9,2,7,11:16:01,11:17:04,691,3935.86,827.83,5491.84,1824.28,3.51,-4.48,15.22,4.57,True,7,7,8,8,21,1,6,Very frequently,Moderately experienced,Moderately experienced,Never,2.714,3.0,4.083,64,67,30.667,1.125,0.171,Straight,East,East - Straight,Straight,8.0,AGV,45.568854918174345,117.96101663404616,114.52,2.75,2.667,5.0,3.667,4.333,2.5,64.643,70.0,40.0,72.0,82.0,71.5,68.667,67.75,34.0,69.0,80.0,20.8
022,Low,2024-8-9,11,9,2,8,11:17:11,11:18:15,870,2523.96,715.56,4611.21,1090.13,3.4,-4.4,15.22,3.65,True,8,7,7,9,21,1,6,Very frequently,Moderately experienced,Moderately experienced,Never,2.714,3.0,4.083,64,67,30.667,1.125,0.213,Diagonal,Southwest,Southwest - Diagonal,Straight,7.0,AGV,59.13203499050667,129.23094144145713,330.6,2.75,2.667,5.0,3.667,4.333,2.5,64.643,70.0,40.0,72.0,82.0,71.5,68.667,67.75,34.0,69.0,80.0,20.8
022,Low,2024-8-9,11,9,2,9,11:18:26,11:19:25,724,4416.98,891.12,6993.29,1740.44,3.72,-4.47,15.22,5.2,True,9,8,8,9,21,1,6,Very frequently,Moderately experienced,Moderately experienced,Never,2.714,3.0,4.083,64,67,30.667,1.125,0.2,Diagonal,Northeast,Northeast - Diagonal,Straight,8.0,AGV,63.49774476290257,100.08028160366116,110.12,2.75,2.667,5.0,3.667,4.333,2.5,64.643,70.0,40.0,72.0,82.0,71.5,68.667,67.75,34.0,69.0,80.0,20.8
022,Low,2024-8-9,11,9,2,10,11:19:30,11:20:29,749,3898.12,877.5,5483.24,1816.18,3.73,-4.42,15.24,4.71,True,9,8,8,10,21,1,6,Very frequently,Moderately experienced,Moderately experienced,Never,2.714,3.0,4.083,64,67,30.667,1.125,0.171,Straight,West,West - Straight,Straight,9.0,AGV,48.491398112066086,139.76912006377665,185.74,2.75,2.667,5.0,3.667,4.333,2.5,64.643,70.0,40.0,72.0,82.0,71.5,68.667,67.75,34.0,69.0,80.0,20.8
022,Low,2024-8-9,11,9,2,11,11:20:40,11:22:10,910,4724.65,473.11,6283.49,2139.71,2.14,-5.37,15.28,4.37,True,5,6,5,6,21,1,6,Very frequently,Moderately experienced,Moderately experienced,Never,2.714,3.0,4.083,64,67,30.667,1.125,0.16,Diagonal,East,East - Diagonal,Complex,9.0,AGV,40.71416458818917,73.21035672348613,1514.38,2.75,2.667,5.0,3.667,4.333,2.5,64.643,70.0,40.0,72.0,82.0,71.5,68.667,67.75,34.0,69.0,80.0,20.8
022,Low,2024-8-9,11,9,2,12,11:22:21,11:23:40,827,2840.22,792.89,4192.53,1325.09,2.65,-4.05,11.67,2.74,True,8,8,7,8,21,1,6,Very frequently,Moderately experienced,Moderately experienced,Never,2.714,3.0,4.083,64,67,30.667,1.125,0.179,Straight,Southeast,Southeast - Straight,Complex,5.0,User,75.67319790773482,96.73657283578255,486.46,2.75,2.667,5.0,3.667,4.333,2.5,64.643,70.0,40.0,72.0,82.0,71.5,68.667,67.75,34.0,69.0,80.0,20.8
022,Low,2024-8-9,11,9,2,13,11:23:45,11:24:38,67,4837.61,1429.92,11891.81,4004.89,7.1,-2.49,15.22,5.18,True,8,7,8,9,21,1,6,Very frequently,Moderately experienced,Moderately experienced,Never,2.714,3.0,4.083,64,67,30.667,1.125,0.033,Straight,Southwest,Southwest - Straight,Complex,8.0,AGV,42.78199163623335,239.18402384720414,148.83,2.75,2.667,5.0,3.667,4.333,2.5,64.643,70.0,40.0,72.0,82.0,71.5,68.667,67.75,34.0,69.0,80.0,20.8
022,Low,2024-8-9,11,9,2,14,11:24:44,11:25:50,1007,2532.52,783.24,4671.61,1000.07,3.29,-3.79,15.23,3.55,True,8,9,8,10,21,1,6,Very frequently,Moderately experienced,Moderately experienced,Never,2.714,3.0,4.083,64,67,30.667,1.125,,Diagonal,Southeast,Southeast - Diagonal,Straight,8.0,AGV,,,,2.75,2.667,5.0,3.667,4.333,2.5,64.643,70.0,40.0,72.0,82.0,71.5,68.667,67.75,34.0,69.0,80.0,20.8
022,Low,2024-8-9,11,9,2,16,11:27:05,11:28:10,508,3085.78,1220.65,5632.87,968.46,2.9,-0.01,15.3,4.18,True,8,8,7,8,21,1,6,Very frequently,Moderately experienced,Moderately experienced,Never,2.714,3.0,4.083,64,67,30.667,1.125,0.149,Diagonal,West,West - Diagonal,Complex,8.0,AGV,55.974257101391444,96.55324726281411,151.74,2.75,2.667,5.0,3.667,4.333,2.5,64.643,70.0,40.0,72.0,82.0,71.5,68.667,67.75,34.0,69.0,80.0,20.8
024,High,2024-8-9,17,30,38,1,17:30:51,17:31:14,0,2705.63,943.99,6727.83,1797.56,6.98,-0.0,15.21,3.86,True,10,9,9,9,26,1,2,Very rarely,Moderately experienced,Neither Inexperienced or Experienced,Occasionally,3.857,3.167,4.417,50,48,29.167,2.562,0.0,Straight,South,South - Straight,Straight,5.0,AGV,163.68841511640517,411.302329228836,239.67,5.0,2.333,4.5,4.333,4.667,4.0,50.786,53.667,58.333,47.5,35.0,45.0,51.667,48.75,22.0,27.857,50.0,25.0
024,High,2024-8-9,17,30,38,2,17:31:29,17:32:08,0,1922.55,1007.3,4401.38,885.37,5.57,-3.84,15.22,2.55,True,9,9,8,10,26,1,2,Very rarely,Moderately experienced,Neither Inexperienced or Experienced,Occasionally,3.857,3.167,4.417,50,48,29.167,2.562,0.0,Diagonal,North,North - Diagonal,Complex,10.0,User,60.004818287597246,220.1373895367007,260.77,5.0,2.333,4.5,4.333,4.667,4.0,50.786,53.667,58.333,47.5,35.0,45.0,51.667,48.75,22.0,27.857,50.0,25.0
024,High,2024-8-9,17,30,38,3,17:32:17,17:33:06,0,3421.64,609.55,4943.84,1803.96,3.85,-5.07,15.22,5.62,True,8,8,8,8,26,1,2,Very rarely,Moderately experienced,Neither Inexperienced or Experienced,Occasionally,3.857,3.167,4.417,50,48,29.167,2.562,0.0,Diagonal,South,South - Diagonal,Complex,9.0,,73.23040961387913,139.27646513725898,197.58,5.0,2.333,4.5,4.333,4.667,4.0,50.786,53.667,58.333,47.5,35.0,45.0,51.667,48.75,22.0,27.857,50.0,25.0
024,High,2024-8-9,17,30,38,4,17:33:09,17:33:39,198,2655.34,617.85,6144.19,1572.17,7.72,-0.0,15.22,4.38,True,9,9,9,9,26,1,2,Very rarely,Moderately experienced,Neither Inexperienced or Experienced,Occasionally,3.857,3.167,4.417,50,48,29.167,2.562,0.175,Straight,Northeast,Northeast - Straight,Complex,8.0,User,77.44752441116262,402.7588871939765,488.54,5.0,2.333,4.5,4.333,4.667,4.0,50.786,53.667,58.333,47.5,35.0,45.0,51.667,48.75,22.0,27.857,50.0,25.0
024,High,2024-8-9,17,30,38,5,17:33:48,17:34:22,421,3354.95,629.07,7459.72,1919.04,5.5,-0.01,15.35,5.1,True,10,9,9,9,26,1,2,Very rarely,Moderately experienced,Neither Inexperienced or Experienced,Occasionally,3.857,3.167,4.417,50,48,29.167,2.562,0.19,Straight,Northwest,Northwest - Straight,Complex,9.0,AGV,176.19178290522817,163.63202598290104,343.91,5.0,2.333,4.5,4.333,4.667,4.0,50.786,53.667,58.333,47.5,35.0,45.0,51.667,48.75,22.0,27.857,50.0,25.0
024,High,2024-8-9,17,30,38,6,17:34:30,17:34:57,10,2239.25,1154.57,5276.36,1152.81,5.77,-0.0,15.21,2.86,True,10,10,10,10,26,1,2,Very rarely,Moderately experienced,Neither Inexperienced or Experienced,Occasionally,3.857,3.167,4.417,50,48,29.167,2.562,0.03,Diagonal,Northwest,Northwest - Diagonal,Complex,10.0,AGV,132.99541051697983,243.69939333742875,279.4,5.0,2.333,4.5,4.333,4.667,4.0,50.786,53.667,58.333,47.5,35.0,45.0,51.667,48.75,22.0,27.857,50.0,25.0
024,High,2024-8-9,17,30,38,7,17:35:04,17:35:29,0,2026.8,868.18,4614.43,1130.65,5.96,-0.0,15.21,3.07,True,10,9,10,9,26,1,2,Very rarely,Moderately experienced,Neither Inexperienced or Experienced,Occasionally,3.857,3.167,4.417,50,48,29.167,2.562,0.0,Straight,East,East - Straight,Straight,10.0,User,110.6409922786796,318.42771294565483,285.1,5.0,2.333,4.5,4.333,4.667,4.0,50.786,53.667,58.333,47.5,35.0,45.0,51.667,48.75,22.0,27.857,50.0,25.0
024,High,2024-8-9,17,30,38,8,17:35:37,17:36:02,0,2553.09,1685.2,4471.43,783.39,6.58,-0.0,15.24,3.34,True,9,9,10,10,26,1,2,Very rarely,Moderately experienced,Neither Inexperienced or Experienced,Occasionally,3.857,3.167,4.417,50,48,29.167,2.562,0.0,Diagonal,Southwest,Southwest - Diagonal,Straight,10.0,User,150.4253497389107,164.5682631068876,228.52,5.0,2.333,4.5,4.333,4.667,4.0,50.786,53.667,58.333,47.5,35.0,45.0,51.667,48.75,22.0,27.857,50.0,25.0
024,High,2024-8-9,17,30,38,9,17:36:06,17:36:28,31,2647.69,922.76,6996.29,1957.39,6.59,-0.0,15.21,3.79,True,10,10,10,10,26,1,2,Very rarely,Moderately experienced,Neither Inexperienced or Experienced,Occasionally,3.857,3.167,4.417,50,48,29.167,2.562,0.143,Diagonal,Northeast,Northeast - Diagonal,Straight,9.0,User,170.61480591653728,209.53659831955963,276.13,5.0,2.333,4.5,4.333,4.667,4.0,50.786,53.667,58.333,47.5,35.0,45.0,51.667,48.75,22.0,27.857,50.0,25.0
024,High,2024-8-9,17,30,38,10,17:36:33,17:37:06,19,2711.41,1047.14,5645.32,1528.38,6.7,-4.42,15.22,4.51,True,10,10,10,10,26,1,2,Very rarely,Moderately experienced,Neither Inexperienced or Experienced,Occasionally,3.857,3.167,4.417,50,48,29.167,2.562,0.023,Straight,West,West - Straight,Straight,10.0,User,83.25277958983054,191.34573171448915,285.09,5.0,2.333,4.5,4.333,4.667,4.0,50.786,53.667,58.333,47.5,35.0,45.0,51.667,48.75,22.0,27.857,50.0,25.0
024,High,2024-8-9,17,30,38,11,17:37:16,17:37:40,0,4037.3,2503.07,6058.89,1355.06,8.13,-5.65,15.26,6.18,True,10,10,10,10,26,1,2,Very rarely,Moderately experienced,Neither Inexperienced or Experienced,Occasionally,3.857,3.167,4.417,50,48,29.167,2.562,0.0,Diagonal,East,East - Diagonal,Complex,10.0,User,150.67351640629047,269.9221591402433,243.45,5.0,2.333,4.5,4.333,4.667,4.0,50.786,53.667,58.333,47.5,35.0,45.0,51.667,48.75,22.0,27.857,50.0,25.0
024,High,2024-8-9,17,30,38,12,17:37:42,17:38:14,0,3274.23,2604.3,4109.49,623.61,6.6,-4.32,15.27,5.86,True,10,10,10,10,26,1,2,Very rarely,Moderately experienced,Neither Inexperienced or Experienced,Occasionally,3.857,3.167,4.417,50,48,29.167,2.562,0.0,Straight,Southeast,Southeast - Straight,Complex,10.0,User,187.85604730521027,236.37614858466364,351.64,5.0,2.333,4.5,4.333,4.667,4.0,50.786,53.667,58.333,47.5,35.0,45.0,51.667,48.75,22.0,27.857,50.0,25.0
024,High,2024-8-9,17,30,38,13,17:38:21,17:38:44,0,2233.43,1543.85,3310.62,602.3,6.19,-0.0,15.21,3.17,True,10,10,10,10,26,1,2,Very rarely,Moderately experienced,Neither Inexperienced or Experienced,Occasionally,3.857,3.167,4.417,50,48,29.167,2.562,0.0,Straight,Southwest,Southwest - Straight,Complex,10.0,User,101.46099846523823,250.0467434977836,296.36,5.0,2.333,4.5,4.333,4.667,4.0,50.786,53.667,58.333,47.5,35.0,45.0,51.667,48.75,22.0,27.857,50.0,25.0
024,High,2024-8-9,17,30,38,14,17:38:48,17:39:12,0,2435.08,1180.81,4608.27,997.65,6.55,0.0,15.21,3.51,True,10,10,10,10,26,1,2,Very rarely,Moderately experienced,Neither Inexperienced or Experienced,Occasionally,3.857,3.167,4.417,50,48,29.167,2.562,0.0,Diagonal,Southeast,Southeast - Diagonal,Straight,10.0,User,152.8150005187588,312.1139453619896,227.63,5.0,2.333,4.5,4.333,4.667,4.0,50.786,53.667,58.333,47.5,35.0,45.0,51.667,48.75,22.0,27.857,50.0,25.0
024,High,2024-8-9,17,30,38,15,17:39:18,17:39:47,0,2510.95,791.88,6747.28,1679.9,6.92,-0.0,15.22,3.87,True,10,10,10,10,26,1,2,Very rarely,Moderately experienced,Neither Inexperienced or Experienced,Occasionally,3.857,3.167,4.417,50,48,29.167,2.562,0.0,Straight,North,North - Straight,Straight,10.0,User,83.29728963386775,335.41109056267027,235.23,5.0,2.333,4.5,4.333,4.667,4.0,50.786,53.667,58.333,47.5,35.0,45.0,51.667,48.75,22.0,27.857,50.0,25.0
024,High,2024-8-9,17,30,38,16,17:39:53,17:40:15,0,2232.95,759.18,5622.32,1413.27,5.97,-0.0,15.24,3.14,True,10,10,10,10,26,1,2,Very rarely,Moderately experienced,Neither Inexperienced or Experienced,Occasionally,3.857,3.167,4.417,50,48,29.167,2.562,0.0,Diagonal,West,West - Diagonal,Complex,10.0,,169.43138344013585,175.29601233319156,243.12,5.0,2.333,4.5,4.333,4.667,4.0,50.786,53.667,58.333,47.5,35.0,45.0,51.667,48.75,22.0,27.857,50.0,25.0
024,Low,2024-8-9,17,5,29,1,17:05:50,17:07:15,732,7749.88,358.96,12527.79,4060.46,5.57,-1.36,15.25,6.5,True,2,3,2,1,26,1,2,Very rarely,Moderately experienced,Neither Inexperienced or Experienced,Occasionally,3.857,3.167,4.417,24,36,35.833,2.5,0.141,Straight,South,South - Straight,Straight,,User,44.33727592746736,69.81640728019676,180.82,5.0,2.333,4.5,4.333,4.667,4.0,24.714,19.0,38.667,22.5,35.0,25.0,14.333,36.25,44.0,22.143,75.0,28.0
024,Low,2024-8-9,17,5,29,2,17:07:21,17:07:50,0,2070.96,1009.21,4513.84,955.12,6.18,-0.0,15.2,3.05,True,10,10,10,10,26,1,2,Very rarely,Moderately experienced,Neither Inexperienced or Experienced,Occasionally,3.857,3.167,4.417,24,36,35.833,2.5,0.0,Diagonal,North,North - Diagonal,Complex,2.0,Null,81.89536099286518,332.6353908409326,170.98,5.0,2.333,4.5,4.333,4.667,4.0,24.714,19.0,38.667,22.5,35.0,25.0,14.333,36.25,44.0,22.143,75.0,28.0
024,Low,2024-8-9,17,5,29,3,17:07:58,17:08:32,174,2291.43,557.67,4934.14,1794.79,5.5,-5.44,15.29,6.06,True,4,5,4,3,26,1,2,Very rarely,Moderately experienced,Neither Inexperienced or Experienced,Occasionally,3.857,3.167,4.417,24,36,35.833,2.5,0.068,Diagonal,South,South - Diagonal,Complex,10.0,Null,104.77418913822338,100.0795094769049,190.79,5.0,2.333,4.5,4.333,4.667,4.0,24.714,19.0,38.667,22.5,35.0,25.0,14.333,36.25,44.0,22.143,75.0,28.0
024,Low,2024-8-9,17,5,29,4,17:08:41,17:09:06,109,2119.62,704.48,5429.15,1448.57,6.61,-0.0,15.21,3.37,True,5,6,6,5,26,1,2,Very rarely,Moderately experienced,Neither Inexperienced or Experienced,Occasionally,3.857,3.167,4.417,24,36,35.833,2.5,0.088,Straight,Northeast,Northeast - Straight,Complex,4.0,Null,91.27740896194315,425.34745097205797,213.43,5.0,2.333,4.5,4.333,4.667,4.0,24.714,19.0,38.667,22.5,35.0,25.0,14.333,36.25,44.0,22.143,75.0,28.0
024,Low,2024-8-9,17,5,29,5,17:09:15,17:09:53,337,3441.24,585.88,7558.8,1827.77,5.04,-0.01,15.33,5.23,True,6,7,7,6,26,1,2,Very rarely,Moderately experienced,Neither Inexperienced or Experienced,Occasionally,3.857,3.167,4.417,24,36,35.833,2.5,0.143,Straight,Northwest,Northwest - Straight,Complex,5.0,Null,155.55790829649314,165.94093154612244,229.06,5.0,2.333,4.5,4.333,4.667,4.0,24.714,19.0,38.667,22.5,35.0,25.0,14.333,36.25,44.0,22.143,75.0,28.0
024,Low,2024-8-9,17,5,29,6,17:09:58,17:10:24,32,2114.76,851.76,5373.16,1266.05,5.83,-0.0,15.21,2.89,True,7,7,7,7,26,1,2,Very rarely,Moderately experienced,Neither Inexperienced or Experienced,Occasionally,3.857,3.167,4.417,24,36,35.833,2.5,0.031,Diagonal,Northwest,Northwest - Diagonal,Complex,6.0,Null,143.2369295186798,241.0812929453409,190.72,5.0,2.333,4.5,4.333,4.667,4.0,24.714,19.0,38.667,22.5,35.0,25.0,14.333,36.25,44.0,22.143,75.0,28.0
024,Low,2024-8-9,17,5,29,7,17:10:30,17:10:57,11,2086.32,991.11,4773.7,1095.95,5.93,-0.0,15.21,2.88,True,8,8,7,8,26,1,2,Very rarely,Moderately experienced,Neither Inexperienced or Experienced,Occasionally,3.857,3.167,4.417,24,36,35.833,2.5,0.029,Straight,East,East - Straight,Straight,7.0,Null,110.10655159103864,123.85546528871765,199.72,5.0,2.333,4.5,4.333,4.667,4.0,24.714,19.0,38.667,22.5,35.0,25.0,14.333,36.25,44.0,22.143,75.0,28.0
024,Low,2024-8-9,17,5,29,8,17:11:04,17:11:31,0,2385.47,1610.69,4632.1,851.69,6.44,-0.0,15.22,3.34,True,7,7,7,7,26,1,2,Very rarely,Moderately experienced,Neither Inexperienced or Experienced,Occasionally,3.857,3.167,4.417,24,36,35.833,2.5,0.0,Diagonal,Southwest,Southwest - Diagonal,Straight,8.0,Null,141.0922310082506,361.3087545705537,204.34,5.0,2.333,4.5,4.333,4.667,4.0,24.714,19.0,38.667,22.5,35.0,25.0,14.333,36.25,44.0,22.143,75.0,28.0
024,Low,2024-8-9,17,5,29,9,17:11:42,17:12:10,48,3099.49,812.81,7021.28,1932.69,7.64,-4.47,15.22,4.82,True,8,8,9,9,26,1,2,Very rarely,Moderately experienced,Neither Inexperienced or Experienced,Occasionally,3.857,3.167,4.417,24,36,35.833,2.5,0.026,Diagonal,Northeast,Northeast - Diagonal,Straight,7.0,Null,134.9549524511851,285.45489128726456,182.69,5.0,2.333,4.5,4.333,4.667,4.0,24.714,19.0,38.667,22.5,35.0,25.0,14.333,36.25,44.0,22.143,75.0,28.0
024,Low,2024-8-9,17,5,29,10,17:12:19,17:12:51,317,2993.6,531.02,5482.82,1881.1,7.08,-4.49,15.25,6.37,True,5,4,4,3,26,1,2,Very rarely,Moderately experienced,Neither Inexperienced or Experienced,Occasionally,3.857,3.167,4.417,24,36,35.833,2.5,0.2,Straight,West,West - Straight,Straight,8.0,Null,89.48958134376348,204.52562136262824,176.25,5.0,2.333,4.5,4.333,4.667,4.0,24.714,19.0,38.667,22.5,35.0,25.0,14.333,36.25,44.0,22.143,75.0,28.0
024,Low,2024-8-9,17,5,29,11,17:12:59,17:13:26,0,4183.74,2383.01,6157.5,1493.31,7.0,-5.46,15.26,6.08,True,7,7,6,7,26,1,2,Very rarely,Moderately experienced,Neither Inexperienced or Experienced,Occasionally,3.857,3.167,4.417,24,36,35.833,2.5,0.0,Diagonal,East,East - Diagonal,Complex,5.0,Null,132.09770185851144,243.4283332980713,236.32,5.0,2.333,4.5,4.333,4.667,4.0,24.714,19.0,38.667,22.5,35.0,25.0,14.333,36.25,44.0,22.143,75.0,28.0
024,Low,2024-8-9,17,5,29,12,17:13:35,17:14:07,0,3224.2,2517.14,4096.85,659.8,6.43,-1.54,15.22,5.58,True,7,8,8,6,26,1,2,Very rarely,Moderately experienced,Neither Inexperienced or Experienced,Occasionally,3.857,3.167,4.417,24,36,35.833,2.5,0.0,Straight,Southeast,Southeast - Straight,Complex,7.0,Null,187.6818118284899,293.7023087723005,414.69,5.0,2.333,4.5,4.333,4.667,4.0,24.714,19.0,38.667,22.5,35.0,25.0,14.333,36.25,44.0,22.143,75.0,28.0
024,Low,2024-8-9,17,5,29,13,17:14:16,17:14:45,0,2199.9,1408.19,3311.71,544.39,5.89,-0.0,13.78,2.13,True,8,8,8,7,26,1,2,Very rarely,Moderately experienced,Neither Inexperienced or Experienced,Occasionally,3.857,3.167,4.417,24,36,35.833,2.5,0.0,Straight,Southwest,Southwest - Straight,Complex,7.0,Null,77.05262138280038,339.12692327344485,236.37,5.0,2.333,4.5,4.333,4.667,4.0,24.714,19.0,38.667,22.5,35.0,25.0,14.333,36.25,44.0,22.143,75.0,28.0
024,Low,2024-8-9,17,5,29,14,17:14:53,17:15:26,0,2057.14,1201.2,4709.46,945.19,6.23,-0.0,15.22,3.04,True,9,9,9,9,26,1,2,Very rarely,Moderately experienced,Neither Inexperienced or Experienced,Occasionally,3.857,3.167,4.417,24,36,35.833,2.5,0.0,Diagonal,Southeast,Southeast - Diagonal,Straight,8.0,Null,105.63277743725577,175.28587072379318,249.05,5.0,2.333,4.5,4.333,4.667,4.0,24.714,19.0,38.667,22.5,35.0,25.0,14.333,36.25,44.0,22.143,75.0,28.0
026,High,2024-8-12,14,51,30,1,14:51:53,14:52:43,680,6549.31,473.63,12595.39,4543.21,8.13,-0.04,15.23,6.53,True,7,7,7,8,19,2,5,Occasionally,Neither Inexperienced or Experienced,Neither Inexperienced or Experienced,Never,3.429,2.667,3.917,75,91,48.667,1.438,0.255,Straight,South,South - Straight,Straight,7.5,Null,73.95188751256974,232.86751965195032,262.78,3.5,3.333,4.75,4.0,4.0,2.0,75.357,78.333,35.0,92.5,85.0,92.5,86.667,91.167,6.4,89.429,80.0,42.4
026,High,2024-8-12,14,51,30,2,14:52:48,14:53:23,0,2037.93,1006.86,4516.25,892.91,5.63,-0.0,15.2,2.6,True,9,9,9,9,19,2,5,Occasionally,Neither Inexperienced or Experienced,Neither Inexperienced or Experienced,Never,3.429,2.667,3.917,75,91,48.667,1.438,0.0,Diagonal,North,North - Diagonal,Complex,7.0,Null,65.34472722556477,262.56625011007014,96.51,3.5,3.333,4.75,4.0,4.0,2.0,75.357,78.333,35.0,92.5,85.0,92.5,86.667,91.167,6.4,89.429,80.0,42.4
026,High,2024-8-12,14,51,30,3,14:53:28,14:54:15,725,2704.58,409.31,4946.92,1787.49,3.94,-5.49,15.21,3.9,True,8,8,7,9,19,2,5,Occasionally,Neither Inexperienced or Experienced,Neither Inexperienced or Experienced,Never,3.429,2.667,3.917,75,91,48.667,1.438,0.226,Diagonal,South,South - Diagonal,Complex,9.0,,76.53382626249244,141.77319826149898,159.23,3.5,3.333,4.75,4.0,4.0,2.0,75.357,78.333,35.0,92.5,85.0,92.5,86.667,91.167,6.4,89.429,80.0,42.4
026,High,2024-8-12,14,51,30,4,14:54:20,14:54:56,538,3557.16,557.09,10602.23,2880.07,9.56,-0.04,15.22,5.99,True,8,8,7,9,19,2,5,Occasionally,Neither Inexperienced or Experienced,Neither Inexperienced or Experienced,Never,3.429,2.667,3.917,75,91,48.667,1.438,0.161,Straight,Northeast,Northeast - Straight,Complex,8.0,AGV,66.6176340207549,346.8835312329875,175.1,3.5,3.333,4.75,4.0,4.0,2.0,75.357,78.333,35.0,92.5,85.0,92.5,86.667,91.167,6.4,89.429,80.0,42.4
026,High,2024-8-12,14,51,30,5,14:55:22,14:56:30,320,3537.77,2110.82,7577.49,1106.11,3.1,-3.21,15.26,4.75,True,9,9,9,9,19,2,5,Occasionally,Neither Inexperienced or Experienced,Neither Inexperienced or Experienced,Never,3.429,2.667,3.917,75,91,48.667,1.438,0.096,Straight,Northwest,Northwest - Straight,Complex,8.0,User,86.67134317386297,84.55933849360444,215.2,3.5,3.333,4.75,4.0,4.0,2.0,75.357,78.333,35.0,92.5,85.0,92.5,86.667,91.167,6.4,89.429,80.0,42.4
026,High,2024-8-12,14,51,30,6,14:56:36,14:57:22,755,2481.71,513.95,5379.65,1241.41,4.13,-2.23,15.21,3.91,True,9,9,9,10,19,2,5,Occasionally,Neither Inexperienced or Experienced,Neither Inexperienced or Experienced,Never,3.429,2.667,3.917,75,91,48.667,1.438,0.275,Diagonal,Northwest,Northwest - Diagonal,Complex,9.0,AGV,80.8518691602133,65.71333334732742,270.6,3.5,3.333,4.75,4.0,4.0,2.0,75.357,78.333,35.0,92.5,85.0,92.5,86.667,91.167,6.4,89.429,80.0,42.4
026,High,2024-8-12,14,51,30,7,14:57:26,14:58:21,759,3565.97,586.02,5434.88,1897.12,3.98,-4.46,15.21,4.54,True,9,9,9,9,19,2,5,Occasionally,Neither Inexperienced or Experienced,Neither Inexperienced or Experienced,Never,3.429,2.667,3.917,75,91,48.667,1.438,0.207,Straight,East,East - Straight,Straight,9.0,AGV,52.77516016307421,157.15919226654137,251.07,3.5,3.333,4.75,4.0,4.0,2.0,75.357,78.333,35.0,92.5,85.0,92.5,86.667,91.167,6.4,89.429,80.0,42.4
026,High,2024-8-12,14,51,30,8,14:58:24,14:59:23,42,2585.63,672.22,4658.96,1198.39,3.75,-4.41,15.22,5.18,True,8,8,7,9,19,2,5,Occasionally,Neither Inexperienced or Experienced,Neither Inexperienced or Experienced,Never,3.429,2.667,3.917,75,91,48.667,1.438,0.048,Diagonal,Southwest,Southwest - Diagonal,Straight,9.0,AGV,62.544345736350245,166.03321837697504,428.45,3.5,3.333,4.75,4.0,4.0,2.0,75.357,78.333,35.0,92.5,85.0,92.5,86.667,91.167,6.4,89.429,80.0,42.4
026,High,2024-8-12,14,51,30,9,14:59:27,15:00:19,975,3453.49,260.11,7043.22,2244.26,4.24,-4.02,15.22,5.84,True,9,9,9,9,19,2,5,Occasionally,Neither Inexperienced or Experienced,Neither Inexperienced or Experienced,Never,3.429,2.667,3.917,75,91,48.667,1.438,0.333,Diagonal,Northeast,Northeast - Diagonal,Straight,8.0,User,70.87053746805915,86.91429589794737,244.15,3.5,3.333,4.75,4.0,4.0,2.0,75.357,78.333,35.0,92.5,85.0,92.5,86.667,91.167,6.4,89.429,80.0,42.4
026,High,2024-8-12,14,51,30,10,15:00:23,15:01:10,516,3376.73,955.77,5450.24,1760.48,4.72,-4.49,15.24,4.64,True,9,9,9,9,19,2,5,Occasionally,Neither Inexperienced or Experienced,Neither Inexperienced or Experienced,Never,3.429,2.667,3.917,75,91,48.667,1.438,0.176,Straight,West,West - Straight,Straight,9.0,User,61.29216542254777,206.1509315397254,299.82,3.5,3.333,4.75,4.0,4.0,2.0,75.357,78.333,35.0,92.5,85.0,92.5,86.667,91.167,6.4,89.429,80.0,42.4
026,High,2024-8-12,14,51,30,11,15:01:14,15:02:11,196,4338.35,614.02,6225.07,2091.1,3.38,-2.29,15.22,4.52,True,9,9,9,9,19,2,5,Occasionally,Neither Inexperienced or Experienced,Neither Inexperienced or Experienced,Never,3.429,2.667,3.917,75,91,48.667,1.438,0.094,Diagonal,East,East - Diagonal,Complex,9.0,AGV,65.47532977203464,115.8054906544917,347.09,3.5,3.333,4.75,4.0,4.0,2.0,75.357,78.333,35.0,92.5,85.0,92.5,86.667,91.167,6.4,89.429,80.0,42.4
026,High,2024-8-12,14,51,30,12,15:02:19,15:03:36,625,2405.96,433.96,4109.68,1423.47,2.73,-1.81,15.23,3.8,True,9,9,9,9,19,2,5,Occasionally,Neither Inexperienced or Experienced,Neither Inexperienced or Experienced,Never,3.429,2.667,3.917,75,91,48.667,1.438,0.167,Straight,Southeast,Southeast - Straight,Complex,9.0,User,77.28095114171316,114.50108145874141,333.4,3.5,3.333,4.75,4.0,4.0,2.0,75.357,78.333,35.0,92.5,85.0,92.5,86.667,91.167,6.4,89.429,80.0,42.4
026,High,2024-8-12,14,51,30,13,15:03:42,15:04:19,0,2393.62,1276.79,6450.69,1130.0,6.53,-0.0,15.21,3.6,True,10,9,9,10,19,2,5,Occasionally,Neither Inexperienced or Experienced,Neither Inexperienced or Experienced,Never,3.429,2.667,3.917,75,91,48.667,1.438,0.0,Straight,Southwest,Southwest - Straight,Complex,9.0,User,60.91644112648517,301.98508619719337,97.12,3.5,3.333,4.75,4.0,4.0,2.0,75.357,78.333,35.0,92.5,85.0,92.5,86.667,91.167,6.4,89.429,80.0,42.4
026,High,2024-8-12,14,51,30,14,15:04:25,15:05:17,91,2426.33,532.91,4707.89,1174.51,4.23,-4.39,15.23,5.34,True,9,8,8,9,19,2,5,Occasionally,Neither Inexperienced or Experienced,Neither Inexperienced or Experienced,Never,3.429,2.667,3.917,75,91,48.667,1.438,0.089,Diagonal,Southeast,Southeast - Diagonal,Straight,10.0,User,69.60121962634483,147.4454507779572,192.37,3.5,3.333,4.75,4.0,4.0,2.0,75.357,78.333,35.0,92.5,85.0,92.5,86.667,91.167,6.4,89.429,80.0,42.4
026,High,2024-8-12,14,51,30,15,15:05:21,15:05:58,241,3656.97,805.83,6812.67,1888.28,5.95,-4.58,15.24,5.37,True,9,9,9,9,19,2,5,Occasionally,Neither Inexperienced or Experienced,Neither Inexperienced or Experienced,Never,3.429,2.667,3.917,75,91,48.667,1.438,0.175,Straight,North,North - Straight,Straight,9.0,User,63.174873495518874,262.5968609598085,142.46,3.5,3.333,4.75,4.0,4.0,2.0,75.357,78.333,35.0,92.5,85.0,92.5,86.667,91.167,6.4,89.429,80.0,42.4
026,High,2024-8-12,14,51,30,16,15:06:02,15:06:54,604,3031.25,1117.96,5547.8,1085.28,3.62,-0.01,15.22,4.46,True,9,9,9,10,19,2,5,Occasionally,Neither Inexperienced or Experienced,Neither Inexperienced or Experienced,Never,3.429,2.667,3.917,75,91,48.667,1.438,0.204,Diagonal,West,West - Diagonal,Complex,9.0,,68.27134216954593,63.91357292144898,82.04,3.5,3.333,4.75,4.0,4.0,2.0,75.357,78.333,35.0,92.5,85.0,92.5,86.667,91.167,6.4,89.429,80.0,42.4
026,Low,2024-8-12,14,26,34,1,14:26:59,14:28:20,969,7372.48,391.82,12619.26,3945.32,5.8,-2.81,15.25,6.57,True,6,6,6,7,19,2,5,Occasionally,Neither Inexperienced or Experienced,Neither Inexperienced or Experienced,Never,3.429,2.667,3.917,72,82,44.0,1.333,0.193,Straight,South,South - Straight,Straight,,AGV,46.037852387015484,110.5081441703053,238.01,3.5,3.333,4.75,4.0,4.0,2.0,72.071,82.667,36.667,87.5,80.0,82.5,77.0,82.667,7.0,75.286,80.0,36.8
026,Low,2024-8-12,14,26,34,3,14:29:26,14:30:23,744,3220.05,581.67,5227.25,1792.78,3.27,-5.61,15.21,4.0,True,7,7,7,9,19,2,5,Occasionally,Neither Inexperienced or Experienced,Neither Inexperienced or Experienced,Never,3.429,2.667,3.917,72,82,44.0,1.333,0.234,Diagonal,South,South - Diagonal,Complex,6.0,User,63.15649169662836,67.9313034684442,196.31,3.5,3.333,4.75,4.0,4.0,2.0,72.071,82.667,36.667,87.5,80.0,82.5,77.0,82.667,7.0,75.286,80.0,36.8
026,Low,2024-8-12,14,26,34,4,14:30:29,14:31:22,1117,5847.99,405.03,11918.13,4568.09,6.95,-2.65,15.26,6.78,True,8,8,8,9,19,2,5,Occasionally,Neither Inexperienced or Experienced,Neither Inexperienced or Experienced,Never,3.429,2.667,3.917,72,82,44.0,1.333,0.317,Straight,Northeast,Northeast - Straight,Complex,7.0,AGV,42.867114347446154,233.62121621510647,599.95,3.5,3.333,4.75,4.0,4.0,2.0,72.071,82.667,36.667,87.5,80.0,82.5,77.0,82.667,7.0,75.286,80.0,36.8
026,Low,2024-8-12,14,26,34,5,14:31:29,14:33:16,131,3526.86,2145.74,7668.06,866.27,1.96,-3.38,15.29,4.15,True,9,9,9,9,19,2,5,Occasionally,Neither Inexperienced or Experienced,Neither Inexperienced or Experienced,Never,3.429,2.667,3.917,72,82,44.0,1.333,0.064,Straight,Northwest,Northwest - Straight,Complex,8.0,User,56.26388398506902,45.82880862264019,209.64,3.5,3.333,4.75,4.0,4.0,2.0,72.071,82.667,36.667,87.5,80.0,82.5,77.0,82.667,7.0,75.286,80.0,36.8
026,Low,2024-8-12,14,26,34,6,14:33:22,14:34:19,490,2773.75,981.7,5377.28,1036.99,3.38,-2.59,15.23,4.03,True,9,9,9,9,19,2,5,Occasionally,Neither Inexperienced or Experienced,Neither Inexperienced or Experienced,Never,3.429,2.667,3.917,72,82,44.0,1.333,0.159,Diagonal,Northwest,Northwest - Diagonal,Complex,9.0,AGV,64.59370242521963,62.03264797793579,608.56,3.5,3.333,4.75,4.0,4.0,2.0,72.071,82.667,36.667,87.5,80.0,82.5,77.0,82.667,7.0,75.286,80.0,36.8
026,Low,2024-8-12,14,26,34,7,14:34:25,14:35:10,649,3461.86,588.62,5481.77,1880.55,4.85,-4.41,15.22,4.99,True,9,9,9,9,19,2,5,Occasionally,Neither Inexperienced or Experienced,Neither Inexperienced or Experienced,Never,3.429,2.667,3.917,72,82,44.0,1.333,0.208,Straight,East,East - Straight,Straight,9.0,AGV,63.40220273098352,216.91964666469852,127.41,3.5,3.333,4.75,4.0,4.0,2.0,72.071,82.667,36.667,87.5,80.0,82.5,77.0,82.667,7.0,75.286,80.0,36.8
026,Low,2024-8-12,14,26,34,8,14:35:19,14:36:17,585,2433.8,624.07,4601.89,1217.42,3.81,-4.46,15.22,4.95,True,9,8,8,9,19,2,5,Occasionally,Neither Inexperienced or Experienced,Neither Inexperienced or Experienced,Never,3.429,2.667,3.917,72,82,44.0,1.333,0.19,Diagonal,Southwest,Southwest - Diagonal,Straight,9.0,AGV,63.92765561399174,94.35850773862794,591.35,3.5,3.333,4.75,4.0,4.0,2.0,72.071,82.667,36.667,87.5,80.0,82.5,77.0,82.667,7.0,75.286,80.0,36.8
026,Low,2024-8-12,14,26,34,9,14:36:22,14:37:15,723,4051.57,734.87,7031.45,1859.02,4.12,-4.42,15.22,5.09,True,9,9,9,9,19,2,5,Occasionally,Neither Inexperienced or Experienced,Neither Inexperienced or Experienced,Never,3.429,2.667,3.917,72,82,44.0,1.333,0.234,Diagonal,Northeast,Northeast - Diagonal,Straight,9.0,User,70.14726384366482,161.5065665261642,98.68,3.5,3.333,4.75,4.0,4.0,2.0,72.071,82.667,36.667,87.5,80.0,82.5,77.0,82.667,7.0,75.286,80.0,36.8
026,Low,2024-8-12,14,26,34,10,14:37:25,14:38:11,453,3583.14,740.0,5485.56,1845.93,4.8,-4.51,15.22,5.06,True,9,9,9,9,19,2,5,Occasionally,Neither Inexperienced or Experienced,Neither Inexperienced or Experienced,Never,3.429,2.667,3.917,72,82,44.0,1.333,0.173,Straight,West,West - Straight,Straight,9.0,AGV,63.37701714435061,196.63687434607698,265.99,3.5,3.333,4.75,4.0,4.0,2.0,72.071,82.667,36.667,87.5,80.0,82.5,77.0,82.667,7.0,75.286,80.0,36.8
026,Low,2024-8-12,14,26,34,11,14:38:17,14:39:12,545,4417.84,566.74,6150.06,1998.82,3.49,-5.38,15.22,5.37,True,8,8,8,9,19,2,5,Occasionally,Neither Inexperienced or Experienced,Neither Inexperienced or Experienced,Never,3.429,2.667,3.917,72,82,44.0,1.333,0.153,Diagonal,East,East - Diagonal,Complex,9.0,AGV,67.1382749715034,113.72061825108501,81.63,3.5,3.333,4.75,4.0,4.0,2.0,72.071,82.667,36.667,87.5,80.0,82.5,77.0,82.667,7.0,75.286,80.0,36.8
026,Low,2024-8-12,14,26,34,12,14:39:16,14:40:20,421,2548.99,687.67,4155.95,1330.76,3.28,-2.02,15.21,3.98,True,8,8,8,9,19,2,5,Occasionally,Neither Inexperienced or Experienced,Neither Inexperienced or Experienced,Never,3.429,2.667,3.917,72,82,44.0,1.333,0.108,Straight,Southeast,Southeast - Straight,Complex,8.0,User,93.94737149813444,135.22023998567062,205.35,3.5,3.333,4.75,4.0,4.0,2.0,72.071,82.667,36.667,87.5,80.0,82.5,77.0,82.667,7.0,75.286,80.0,36.8
026,Low,2024-8-12,14,26,34,13,14:40:30,14:41:16,0,3975.21,1144.31,11904.68,3354.81,7.96,-2.6,15.24,4.85,True,9,9,9,8,19,2,5,Occasionally,Neither Inexperienced or Experienced,Neither Inexperienced or Experienced,Never,3.429,2.667,3.917,72,82,44.0,1.333,0.0,Straight,Southwest,Southwest - Straight,Complex,8.0,User,48.55432852194301,196.5137522993858,74.9,3.5,3.333,4.75,4.0,4.0,2.0,72.071,82.667,36.667,87.5,80.0,82.5,77.0,82.667,7.0,75.286,80.0,36.8
026,Low,2024-8-12,14,26,34,14,14:41:22,14:42:18,0,2435.39,534.31,4716.9,1162.9,3.89,-4.44,15.22,5.05,True,9,9,9,10,19,2,5,Occasionally,Neither Inexperienced or Experienced,Neither Inexperienced or Experienced,Never,3.429,2.667,3.917,72,82,44.0,1.333,0.0,Diagonal,Southeast,Southeast - Diagonal,Straight,9.0,User,64.74293974240598,172.83446731900875,92.39,3.5,3.333,4.75,4.0,4.0,2.0,72.071,82.667,36.667,87.5,80.0,82.5,77.0,82.667,7.0,75.286,80.0,36.8
026,Low,2024-8-12,14,26,34,15,14:42:24,14:43:12,407,4058.98,899.35,6813.18,1815.44,4.54,-4.43,15.24,5.32,True,9,9,9,10,19,2,5,Occasionally,Neither Inexperienced or Experienced,Neither Inexperienced or Experienced,Never,3.429,2.667,3.917,72,82,44.0,1.333,0.148,Straight,North,North - Straight,Straight,9.0,User,49.08433979768415,183.65319498545264,90.33,3.5,3.333,4.75,4.0,4.0,2.0,72.071,82.667,36.667,87.5,80.0,82.5,77.0,82.667,7.0,75.286,80.0,36.8
026,Low,2024-8-12,14,26,34,16,14:43:17,14:44:09,681,2865.07,853.95,5559.58,1146.1,3.68,-0.05,15.24,4.27,True,9,9,9,10,19,2,5,Occasionally,Neither Inexperienced or Experienced,Neither Inexperienced or Experienced,Never,3.429,2.667,3.917,72,82,44.0,1.333,0.226,Diagonal,West,West - Diagonal,Complex,9.0,,68.3462846840524,120.1347219899417,254.19,3.5,3.333,4.75,4.0,4.0,2.0,72.071,82.667,36.667,87.5,80.0,82.5,77.0,82.667,7.0,75.286,80.0,36.8
027,High,2024-8-12,16,45,33,1,16:47:01,16:48:24,523,7325.86,565.2,11888.35,3819.66,5.61,-3.32,15.23,6.04,True,7,7,7,5,18,1,5,Occasionally,Neither Inexperienced or Experienced,Neither Inexperienced or Experienced,Never,1.714,3.667,4.0,58,43,40.833,1.062,0.141,Straight,South,South - Straight,Straight,,AGV,44.43388603540582,101.41356009606474,176.17,2.0,1.333,5.0,3.333,3.0,4.5,58.571,88.333,71.667,37.5,20.0,50.0,48.333,43.909,44.25,37.143,95.0,30.0
027,High,2024-8-12,16,45,33,2,16:48:32,16:49:37,0,2482.7,924.16,4515.09,939.7,3.36,-3.99,15.21,3.47,True,9,8,9,7,18,1,5,Occasionally,Neither Inexperienced or Experienced,Neither Inexperienced or Experienced,Never,1.714,3.667,4.0,58,43,40.833,1.062,0.157,Diagonal,North,North - Diagonal,Complex,7.0,AGV,35.817888598755296,149.70388850245308,192.11,2.0,1.333,5.0,3.333,3.0,4.5,58.571,88.333,71.667,37.5,20.0,50.0,48.333,43.909,44.25,37.143,95.0,30.0
027,High,2024-8-12,16,45,33,3,16:49:43,16:50:54,589,3840.86,747.11,5775.47,1684.45,2.64,-5.63,15.22,4.17,True,9,9,9,9,18,1,5,Occasionally,Neither Inexperienced or Experienced,Neither Inexperienced or Experienced,Never,1.714,3.667,4.0,58,43,40.833,1.062,0.179,Diagonal,South,South - Diagonal,Complex,9.0,,50.23825043414193,58.73569953532423,235.78,2.0,1.333,5.0,3.333,3.0,4.5,58.571,88.333,71.667,37.5,20.0,50.0,48.333,43.909,44.25,37.143,95.0,30.0
027,High,2024-8-12,16,45,33,4,16:51:06,16:52:09,1081,6816.94,1111.16,11822.77,4451.18,5.89,-3.14,15.23,5.89,True,9,9,9,8,18,1,5,Occasionally,Neither Inexperienced or Experienced,Neither Inexperienced or Experienced,Never,1.714,3.667,4.0,58,43,40.833,1.062,0.304,Straight,Northeast,Northeast - Straight,Complex,9.0,AGV,35.567558313947416,212.8853105680234,159.34,2.0,1.333,5.0,3.333,3.0,4.5,58.571,88.333,71.667,37.5,20.0,50.0,48.333,43.909,44.25,37.143,95.0,30.0
027,High,2024-8-12,16,45,33,5,16:52:16,16:53:57,658,3776.38,2386.87,7630.83,902.07,1.86,-0.08,15.32,4.3,False,10,10,10,9,18,1,5,Occasionally,Neither Inexperienced or Experienced,Neither Inexperienced or Experienced,Never,1.714,3.667,4.0,58,43,40.833,1.062,0.173,Straight,Northwest,Northwest - Straight,Complex,9.0,AGV,59.28297567128949,59.25470471874528,228.93,2.0,1.333,5.0,3.333,3.0,4.5,58.571,88.333,71.667,37.5,20.0,50.0,48.333,43.909,44.25,37.143,95.0,30.0
027,High,2024-8-12,16,45,33,6,16:54:08,16:55:16,587,3252.09,1570.45,5365.35,854.12,2.82,-3.45,15.24,4.4,True,10,10,10,9,18,1,5,Occasionally,Neither Inexperienced or Experienced,Neither Inexperienced or Experienced,Never,1.714,3.667,4.0,58,43,40.833,1.062,0.216,Diagonal,Northwest,Northwest - Diagonal,Complex,10.0,AGV,53.91955474457192,62.6489688217364,311.15,2.0,1.333,5.0,3.333,3.0,4.5,58.571,88.333,71.667,37.5,20.0,50.0,48.333,43.909,44.25,37.143,95.0,30.0
027,High,2024-8-12,16,45,33,7,16:55:22,16:56:27,719,3962.42,1015.04,5486.0,1723.15,3.41,-4.39,15.21,4.53,True,10,10,10,9,18,1,5,Occasionally,Neither Inexperienced or Experienced,Neither Inexperienced or Experienced,Never,1.714,3.667,4.0,58,43,40.833,1.062,0.189,Straight,East,East - Straight,Straight,10.0,AGV,43.376649706101574,88.63155571802429,173.49,2.0,1.333,5.0,3.333,3.0,4.5,58.571,88.333,71.667,37.5,20.0,50.0,48.333,43.909,44.25,37.143,95.0,30.0
027,High,2024-8-12,16,45,33,8,16:56:36,16:58:10,350,3066.24,1097.65,4617.11,928.42,2.34,-4.41,15.21,3.74,True,10,10,10,8,18,1,5,Occasionally,Neither Inexperienced or Experienced,Neither Inexperienced or Experienced,Never,1.714,3.667,4.0,58,43,40.833,1.062,0.089,Diagonal,Southwest,Southwest - Diagonal,Straight,10.0,AGV,39.470994160836376,74.39507828771792,445.81,2.0,1.333,5.0,3.333,3.0,4.5,58.571,88.333,71.667,37.5,20.0,50.0,48.333,43.909,44.25,37.143,95.0,30.0
027,High,2024-8-12,16,45,33,9,16:58:17,16:59:26,645,4305.85,1114.52,7047.1,1624.22,3.2,-4.47,15.22,4.8,True,9,9,9,7,18,1,5,Occasionally,Neither Inexperienced or Experienced,Neither Inexperienced or Experienced,Never,1.714,3.667,4.0,58,43,40.833,1.062,0.154,Diagonal,Northeast,Northeast - Diagonal,Straight,10.0,AGV,53.84837019610127,141.7099374437371,108.08,2.0,1.333,5.0,3.333,3.0,4.5,58.571,88.333,71.667,37.5,20.0,50.0,48.333,43.909,44.25,37.143,95.0,30.0
027,High,2024-8-12,16,45,33,10,16:59:36,17:00:45,175,4152.52,1457.45,5469.3,1564.53,3.16,-4.42,15.21,4.51,True,9,10,10,9,18,1,5,Occasionally,Neither Inexperienced or Experienced,Neither Inexperienced or Experienced,Never,1.714,3.667,4.0,58,43,40.833,1.062,0.076,Straight,West,West - Straight,Straight,9.0,AGV,41.181771083734574,71.77785017292649,172.28,2.0,1.333,5.0,3.333,3.0,4.5,58.571,88.333,71.667,37.5,20.0,50.0,48.333,43.909,44.25,37.143,95.0,30.0
027,High,2024-8-12,16,45,33,11,17:00:54,17:02:22,1432,3753.82,581.39,6150.94,2222.04,2.17,-5.38,15.23,4.35,True,7,6,6,2,18,1,5,Occasionally,Neither Inexperienced or Experienced,Neither Inexperienced or Experienced,Never,1.714,3.667,4.0,58,43,40.833,1.062,0.269,Diagonal,East,East - Diagonal,Complex,9.0,AGV,41.234219558483176,67.09993107611312,196.34,2.0,1.333,5.0,3.333,3.0,4.5,58.571,88.333,71.667,37.5,20.0,50.0,48.333,43.909,44.25,37.143,95.0,30.0
027,High,2024-8-12,16,45,33,12,17:02:27,17:04:05,1251,3403.97,994.56,5206.21,1634.35,2.47,-0.11,14.37,2.77,True,8,9,9,7,18,1,5,Occasionally,Neither Inexperienced or Experienced,Neither Inexperienced or Experienced,Never,1.714,3.667,4.0,58,43,40.833,1.062,0.252,Straight,Southeast,Southeast - Straight,Complex,7.0,User,60.900669877218604,71.73953441469743,198.24,2.0,1.333,5.0,3.333,3.0,4.5,58.571,88.333,71.667,37.5,20.0,50.0,48.333,43.909,44.25,37.143,95.0,30.0
027,High,2024-8-12,16,45,33,13,17:04:14,17:05:34,836,6903.65,718.6,11897.85,4821.01,4.64,-3.55,15.22,5.25,True,8,8,7,8,18,1,5,Occasionally,Neither Inexperienced or Experienced,Neither Inexperienced or Experienced,Never,1.714,3.667,4.0,58,43,40.833,1.062,0.2,Straight,Southwest,Southwest - Straight,Complex,8.0,AGV,28.194634029182588,167.6443570036367,62.32,2.0,1.333,5.0,3.333,3.0,4.5,58.571,88.333,71.667,37.5,20.0,50.0,48.333,43.909,44.25,37.143,95.0,30.0
027,High,2024-8-12,16,45,33,14,17:05:39,17:07:05,462,3039.01,1306.61,4713.55,840.42,2.52,-4.39,15.22,3.98,True,9,9,9,9,18,1,5,Occasionally,Neither Inexperienced or Experienced,Neither Inexperienced or Experienced,Never,1.714,3.667,4.0,58,43,40.833,1.062,,Diagonal,Southeast,Southeast - Diagonal,Straight,8.0,AGV,,,,2.0,1.333,5.0,3.333,3.0,4.5,58.571,88.333,71.667,37.5,20.0,50.0,48.333,43.909,44.25,37.143,95.0,30.0
027,High,2024-8-12,16,45,33,16,17:08:24,17:09:32,851,3258.36,1523.49,5560.45,859.91,2.75,-0.04,15.24,4.3,True,8,7,8,7,18,1,5,Occasionally,Neither Inexperienced or Experienced,Neither Inexperienced or Experienced,Never,1.714,3.667,4.0,58,43,40.833,1.062,0.296,Diagonal,West,West - Diagonal,Complex,9.0,AGV,52.01948068018102,91.90271862065269,67.02,2.0,1.333,5.0,3.333,3.0,4.5,58.571,88.333,71.667,37.5,20.0,50.0,48.333,43.909,44.25,37.143,95.0,30.0
027,Low,2024-8-12,17,16,33,1,17:16:59,17:18:16,497,7321.26,521.06,12120.3,4033.28,6.07,-2.01,15.25,6.05,True,8,7,8,7,18,1,5,Occasionally,Neither Inexperienced or Experienced,Neither Inexperienced or Experienced,Never,1.714,3.667,4.0,53,63,31.667,1.188,0.112,Straight,South,South - Straight,Straight,5.3,AGV,48.010002700157855,111.04933762114841,201.52,2.0,1.333,5.0,3.333,3.0,4.5,53.286,88.333,33.333,35.0,40.0,48.5,58.0,63.417,21.8,52.857,85.0,21.0
027,Low,2024-8-12,17,16,33,2,17:18:27,17:19:18,0,2192.99,825.52,4518.69,1043.43,4.32,-3.83,15.21,3.31,True,10,9,9,8,18,1,5,Occasionally,Neither Inexperienced or Experienced,Neither Inexperienced or Experienced,Never,1.714,3.667,4.0,53,63,31.667,1.188,0.111,Diagonal,North,North - Diagonal,Complex,8.0,AGV,45.452736575033846,175.95614641061584,191.87,2.0,1.333,5.0,3.333,3.0,4.5,53.286,88.333,33.333,35.0,40.0,48.5,58.0,63.417,21.8,52.857,85.0,21.0
027,Low,2024-8-12,17,16,33,3,17:19:30,17:21:02,341,4939.44,751.75,7204.65,2042.15,2.05,-5.53,15.21,4.08,True,9,9,9,9,18,1,5,Occasionally,Neither Inexperienced or Experienced,Neither Inexperienced or Experienced,Never,1.714,3.667,4.0,53,63,31.667,1.188,0.095,Diagonal,South,South - Diagonal,Complex,10.0,,39.03000127903204,74.26184151663328,280.0,2.0,1.333,5.0,3.333,3.0,4.5,53.286,88.333,33.333,35.0,40.0,48.5,58.0,63.417,21.8,52.857,85.0,21.0
027,Low,2024-8-12,17,16,33,4,17:21:06,17:22:11,1151,7033.02,510.01,11813.71,4702.45,5.63,-2.54,15.22,6.66,True,7,6,7,5,18,1,5,Occasionally,Neither Inexperienced or Experienced,Neither Inexperienced or Experienced,Never,1.714,3.667,4.0,53,63,31.667,1.188,0.282,Straight,Northeast,Northeast - Straight,Complex,9.0,AGV,34.46061523587857,200.0241852072727,223.04,2.0,1.333,5.0,3.333,3.0,4.5,53.286,88.333,33.333,35.0,40.0,48.5,58.0,63.417,21.8,52.857,85.0,21.0
027,Low,2024-8-12,17,16,33,5,17:22:16,17:23:20,502,3449.57,1586.14,7561.21,1245.09,3.28,-4.59,15.21,4.8,True,9,9,9,8,18,1,5,Occasionally,Neither Inexperienced or Experienced,Neither Inexperienced or Experienced,Never,1.714,3.667,4.0,53,63,31.667,1.188,0.197,Straight,Northwest,Northwest - Straight,Complex,7.0,AGV,93.12538452181498,90.28640091347339,189.1,2.0,1.333,5.0,3.333,3.0,4.5,53.286,88.333,33.333,35.0,40.0,48.5,58.0,63.417,21.8,52.857,85.0,21.0
027,Low,2024-8-12,17,16,33,6,17:23:28,17:24:23,719,2897.21,1407.55,5348.47,918.08,3.48,-2.88,15.24,4.23,True,8,9,8,9,18,1,5,Occasionally,Neither Inexperienced or Experienced,Neither Inexperienced or Experienced,Never,1.714,3.667,4.0,53,63,31.667,1.188,0.21,Diagonal,Northwest,Northwest - Diagonal,Complex,9.0,AGV,65.84314984402607,110.02578916262804,176.97,2.0,1.333,5.0,3.333,3.0,4.5,53.286,88.333,33.333,35.0,40.0,48.5,58.0,63.417,21.8,52.857,85.0,21.0
027,Low,2024-8-12,17,16,33,7,17:24:30,17:25:26,753,3629.53,981.03,5469.95,1827.53,3.94,-4.16,15.22,4.48,False,8,10,10,6,18,1,5,Occasionally,Neither Inexperienced or Experienced,Neither Inexperienced or Experienced,Never,1.714,3.667,4.0,53,63,31.667,1.188,0.246,Straight,East,East - Straight,Straight,8.0,AGV,50.24756747360714,144.71339794650754,214.69,2.0,1.333,5.0,3.333,3.0,4.5,53.286,88.333,33.333,35.0,40.0,48.5,58.0,63.417,21.8,52.857,85.0,21.0
027,Low,2024-8-12,17,16,33,8,17:25:31,17:26:29,575,2653.61,711.67,4601.38,1085.75,3.77,-4.04,15.22,4.95,True,5,4,3,4,18,1,5,Occasionally,Neither Inexperienced or Experienced,Neither Inexperienced or Experienced,Never,1.714,3.667,4.0,53,63,31.667,1.188,0.185,Diagonal,Southwest,Southwest - Diagonal,Straight,8.0,AGV,63.889828965838824,97.79401374471014,397.09,2.0,1.333,5.0,3.333,3.0,4.5,53.286,88.333,33.333,35.0,40.0,48.5,58.0,63.417,21.8,52.857,85.0,21.0
027,Low,2024-8-12,17,16,33,9,17:26:36,17:27:30,586,4215.59,797.71,7025.6,1830.62,4.01,-4.46,15.22,5.14,True,8,8,9,7,18,1,5,Occasionally,Neither Inexperienced or Experienced,Neither Inexperienced or Experienced,Never,1.714,3.667,4.0,53,63,31.667,1.188,0.159,Diagonal,Northeast,Northeast - Diagonal,Straight,5.0,User,69.55037480443394,56.22476186177242,257.84,2.0,1.333,5.0,3.333,3.0,4.5,53.286,88.333,33.333,35.0,40.0,48.5,58.0,63.417,21.8,52.857,85.0,21.0
027,Low,2024-8-12,17,16,33,10,17:27:39,17:28:32,438,3858.17,1103.04,5482.49,1785.82,4.16,-4.46,15.22,4.97,True,7,8,7,8,18,1,5,Occasionally,Neither Inexperienced or Experienced,Neither Inexperienced or Experienced,Never,1.714,3.667,4.0,53,63,31.667,1.188,0.138,Straight,West,West - Straight,Straight,8.0,AGV,54.58773482837878,184.83076537406438,181.12,2.0,1.333,5.0,3.333,3.0,4.5,53.286,88.333,33.333,35.0,40.0,48.5,58.0,63.417,21.8,52.857,85.0,21.0
027,Low,2024-8-12,17,16,33,11,17:28:38,17:29:48,613,3591.16,593.58,6241.76,2405.14,2.72,-5.39,15.22,4.71,True,5,3,4,3,18,1,5,Occasionally,Neither Inexperienced or Experienced,Neither Inexperienced or Experienced,Never,1.714,3.667,4.0,53,63,31.667,1.188,0.231,Diagonal,East,East - Diagonal,Complex,7.0,AGV,51.813052752318335,80.32488098184032,314.71,2.0,1.333,5.0,3.333,3.0,4.5,53.286,88.333,33.333,35.0,40.0,48.5,58.0,63.417,21.8,52.857,85.0,21.0
027,Low,2024-8-12,17,16,33,12,17:29:56,17:31:20,495,2759.05,764.62,4177.84,1265.97,2.5,-2.2,10.27,2.65,True,6,7,7,8,18,1,5,Occasionally,Neither Inexperienced or Experienced,Neither Inexperienced or Experienced,Never,1.714,3.667,4.0,53,63,31.667,1.188,0.137,Straight,Southeast,Southeast - Straight,Complex,5.0,User,71.03793439198233,95.43375265986774,650.3,2.0,1.333,5.0,3.333,3.0,4.5,53.286,88.333,33.333,35.0,40.0,48.5,58.0,63.417,21.8,52.857,85.0,21.0
027,Low,2024-8-12,17,16,33,13,17:31:32,17:32:23,248,4221.55,611.8,11928.71,4050.7,7.26,-2.36,15.25,6.16,True,4,3,4,5,18,1,5,Occasionally,Neither Inexperienced or Experienced,Neither Inexperienced or Experienced,Never,1.714,3.667,4.0,53,63,31.667,1.188,0.145,Straight,Southwest,Southwest - Straight,Complex,6.0,AGV,44.60139827128223,233.18627954658857,549.46,2.0,1.333,5.0,3.333,3.0,4.5,53.286,88.333,33.333,35.0,40.0,48.5,58.0,63.417,21.8,52.857,85.0,21.0
027,Low,2024-8-12,17,16,33,14,17:32:27,17:33:42,199,2953.17,1003.5,4688.07,896.92,2.88,-4.47,15.21,4.31,True,7,8,8,9,18,1,5,Occasionally,Neither Inexperienced or Experienced,Neither Inexperienced or Experienced,Never,1.714,3.667,4.0,53,63,31.667,1.188,0.063,Diagonal,Southeast,Southeast - Diagonal,Straight,4.0,User,48.04295245677732,76.64970649827433,394.72,2.0,1.333,5.0,3.333,3.0,4.5,53.286,88.333,33.333,35.0,40.0,48.5,58.0,63.417,21.8,52.857,85.0,21.0
027,Low,2024-8-12,17,16,33,15,17:34:01,17:34:43,415,4136.58,818.22,6795.43,1831.9,5.24,-4.48,15.22,5.72,True,7,9,9,8,18,1,5,Occasionally,Neither Inexperienced or Experienced,Neither Inexperienced or Experienced,Never,1.714,3.667,4.0,53,63,31.667,1.188,0.184,Straight,North,North - Straight,Straight,7.0,AGV,55.7324083156126,199.81275665563078,165.48,2.0,1.333,5.0,3.333,3.0,4.5,53.286,88.333,33.333,35.0,40.0,48.5,58.0,63.417,21.8,52.857,85.0,21.0
027,Low,2024-8-12,17,16,33,16,17:34:50,17:35:36,683,2932.83,920.71,5639.31,1166.7,4.13,-0.02,15.23,4.54,True,9,10,10,9,18,1,5,Occasionally,Neither Inexperienced or Experienced,Neither Inexperienced or Experienced,Never,1.714,3.667,4.0,53,63,31.667,1.188,0.255,Diagonal,West,West - Diagonal,Complex,7.0,,79.88533532180931,136.4863568875433,460.78,2.0,1.333,5.0,3.333,3.0,4.5,53.286,88.333,33.333,35.0,40.0,48.5,58.0,63.417,21.8,52.857,85.0,21.0
028,High,2024-8-13,15,13,21,1,15:13:40,15:14:24,229,6011.17,488.86,12611.68,4131.92,9.37,-0.0,15.22,5.52,True,8,9,8,2,22,2,5,Rarely,Inexperienced,Inexperienced,Never,3.714,2.833,4.917,68,72,57.5,1.562,0.12,Straight,South,South - Straight,Straight,6.8,AGV,83.21516144110963,163.3602339170814,317.34,5.0,2.0,5.0,6.333,5.0,2.5,68.786,72.667,45.0,77.5,90.0,75.0,71.667,72.083,36.0,77.857,85.0,52.0
028,High,2024-8-13,15,13,21,2,15:14:29,15:15:06,0,2285.99,979.83,4501.16,966.23,5.98,-3.61,15.22,3.79,True,8,8,7,5,22,2,5,Rarely,Inexperienced,Inexperienced,Never,3.714,2.833,4.917,68,72,57.5,1.562,0.0,Diagonal,North,North - Diagonal,Complex,8.0,AGV,63.69751118331479,262.0812188522951,260.11,5.0,2.0,5.0,6.333,5.0,2.5,68.786,72.667,45.0,77.5,90.0,75.0,71.667,72.083,36.0,77.857,85.0,52.0
028,High,2024-8-13,15,13,21,3,15:15:13,15:15:48,0,2032.1,935.52,4919.62,1188.54,5.3,-5.51,15.21,3.47,True,7,7,7,6,22,2,5,Rarely,Inexperienced,Inexperienced,Never,3.714,2.833,4.917,68,72,57.5,1.562,0.0,Diagonal,South,South - Diagonal,Complex,8.0,,105.28036836857892,195.51927927873228,361.19,5.0,2.0,5.0,6.333,5.0,2.5,68.786,72.667,45.0,77.5,90.0,75.0,71.667,72.083,36.0,77.857,85.0,52.0
028,High,2024-8-13,15,13,21,4,15:15:55,15:16:29,32,2585.18,770.06,7217.71,1807.15,7.51,-0.0,15.22,4.32,True,8,8,8,8,22,2,5,Rarely,Inexperienced,Inexperienced,Never,3.714,2.833,4.917,68,72,57.5,1.562,0.048,Straight,Northeast,Northeast - Straight,Complex,7.0,User,66.71849157801441,375.7720615235782,283.29,5.0,2.0,5.0,6.333,5.0,2.5,68.786,72.667,45.0,77.5,90.0,75.0,71.667,72.083,36.0,77.857,85.0,52.0
028,High,2024-8-13,15,13,21,5,15:16:36,15:17:25,154,3739.23,488.55,7593.73,1526.43,3.9,-0.06,15.25,5.74,True,4,4,3,4,22,2,5,Rarely,Inexperienced,Inexperienced,Never,3.714,2.833,4.917,68,72,57.5,1.562,0.096,Straight,Northwest,Northwest - Straight,Complex,8.0,AGV,122.2918203612187,128.04890106129616,387.66,5.0,2.0,5.0,6.333,5.0,2.5,68.786,72.667,45.0,77.5,90.0,75.0,71.667,72.083,36.0,77.857,85.0,52.0
028,High,2024-8-13,15,13,21,6,15:17:29,15:18:15,31,2594.26,1149.46,5370.4,1048.68,4.17,-1.92,15.22,3.72,True,7,6,7,5,22,2,5,Rarely,Inexperienced,Inexperienced,Never,3.714,2.833,4.917,68,72,57.5,1.562,0.038,Diagonal,Northwest,Northwest - Diagonal,Complex,4.0,User,79.64770242536274,121.85651331578144,292.48,5.0,2.0,5.0,6.333,5.0,2.5,68.786,72.667,45.0,77.5,90.0,75.0,71.667,72.083,36.0,77.857,85.0,52.0
028,High,2024-8-13,15,13,21,7,15:18:21,15:18:57,0,2711.28,1022.33,5465.29,1518.84,6.12,-4.46,15.22,4.29,True,8,8,8,7,22,2,5,Rarely,Inexperienced,Inexperienced,Never,3.714,2.833,4.917,68,72,57.5,1.562,0.0,Straight,East,East - Straight,Straight,7.0,User,80.62214355252678,272.0742805050393,217.88,5.0,2.0,5.0,6.333,5.0,2.5,68.786,72.667,45.0,77.5,90.0,75.0,71.667,72.083,36.0,77.857,85.0,52.0
028,High,2024-8-13,15,13,21,8,15:19:04,15:19:51,0,2748.53,1612.7,4616.68,772.47,4.7,-4.15,15.22,4.15,True,9,7,8,6,22,2,5,Rarely,Inexperienced,Inexperienced,Never,3.714,2.833,4.917,68,72,57.5,1.562,0.0,Diagonal,Southwest,Southwest - Diagonal,Straight,8.0,User,79.65077999546185,123.61841361226598,333.64,5.0,2.0,5.0,6.333,5.0,2.5,68.786,72.667,45.0,77.5,90.0,75.0,71.667,72.083,36.0,77.857,85.0,52.0
028,High,2024-8-13,15,13,21,9,15:19:58,15:20:49,519,4328.88,489.65,7048.29,1912.85,4.33,-4.47,15.22,6.05,True,8,9,9,8,22,2,5,Rarely,Inexperienced,Inexperienced,Never,3.714,2.833,4.917,68,72,57.5,1.562,0.232,Diagonal,Northeast,Northeast - Diagonal,Straight,9.0,User,72.90744530438921,108.50722526836292,968.02,5.0,2.0,5.0,6.333,5.0,2.5,68.786,72.667,45.0,77.5,90.0,75.0,71.667,72.083,36.0,77.857,85.0,52.0
028,High,2024-8-13,15,13,21,10,15:20:54,15:21:44,0,3641.34,772.27,5503.17,1826.6,4.43,-4.41,15.22,4.86,True,8,8,8,6,22,2,5,Rarely,Inexperienced,Inexperienced,Never,3.714,2.833,4.917,68,72,57.5,1.562,0.0,Straight,West,West - Straight,Straight,8.0,AGV,57.06814324677663,104.5988804024722,301.31,5.0,2.0,5.0,6.333,5.0,2.5,68.786,72.667,45.0,77.5,90.0,75.0,71.667,72.083,36.0,77.857,85.0,52.0
028,High,2024-8-13,15,13,21,11,15:21:50,15:22:30,0,4756.23,2298.04,6164.18,1552.4,4.84,-5.39,15.3,6.0,True,8,8,8,8,22,2,5,Rarely,Inexperienced,Inexperienced,Never,3.714,2.833,4.917,68,72,57.5,1.562,0.0,Diagonal,East,East - Diagonal,Complex,8.0,User,90.70786306253885,151.34524670806653,260.76,5.0,2.0,5.0,6.333,5.0,2.5,68.786,72.667,45.0,77.5,90.0,75.0,71.667,72.083,36.0,77.857,85.0,52.0
028,High,2024-8-13,15,13,21,12,15:22:37,15:23:52,0,3544.05,2494.24,4120.01,710.54,2.81,-1.97,15.21,4.1,True,7,9,8,7,22,2,5,Rarely,Inexperienced,Inexperienced,Never,3.714,2.833,4.917,68,72,57.5,1.562,0.0,Straight,Southeast,Southeast - Straight,Complex,8.0,User,81.02166492396609,96.03830584066843,500.53,5.0,2.0,5.0,6.333,5.0,2.5,68.786,72.667,45.0,77.5,90.0,75.0,71.667,72.083,36.0,77.857,85.0,52.0
028,High,2024-8-13,15,13,21,13,15:23:59,15:24:48,0,4330.28,1414.6,11858.21,3407.6,7.57,-2.46,15.21,4.92,True,8,8,8,8,22,2,5,Rarely,Inexperienced,Inexperienced,Never,3.714,2.833,4.917,68,72,57.5,1.562,0.0,Straight,Southwest,Southwest - Straight,Complex,7.0,User,46.306928487264344,181.27908362507964,188.01,5.0,2.0,5.0,6.333,5.0,2.5,68.786,72.667,45.0,77.5,90.0,75.0,71.667,72.083,36.0,77.857,85.0,52.0
028,High,2024-8-13,15,13,21,14,15:24:53,15:25:43,0,2443.25,1195.13,4697.16,898.4,4.41,-3.89,15.23,3.51,True,7,7,5,7,22,2,5,Rarely,Inexperienced,Inexperienced,Never,3.714,2.833,4.917,68,72,57.5,1.562,0.0,Diagonal,Southeast,Southeast - Diagonal,Straight,8.0,User,73.30408648955391,152.13192861434868,298.55,5.0,2.0,5.0,6.333,5.0,2.5,68.786,72.667,45.0,77.5,90.0,75.0,71.667,72.083,36.0,77.857,85.0,52.0
028,High,2024-8-13,15,13,21,15,15:25:48,15:26:25,13,3471.48,873.27,6810.53,1937.46,5.91,-4.4,15.21,5.09,True,9,9,7,9,22,2,5,Rarely,Inexperienced,Inexperienced,Never,3.714,2.833,4.917,68,72,57.5,1.562,0.02,Straight,North,North - Straight,Straight,7.0,User,62.965725178370896,218.85541528456017,194.14,5.0,2.0,5.0,6.333,5.0,2.5,68.786,72.667,45.0,77.5,90.0,75.0,71.667,72.083,36.0,77.857,85.0,52.0
028,High,2024-8-13,15,13,21,16,15:26:37,15:27:27,430,2832.24,706.73,5557.18,1190.7,3.74,-0.08,15.26,4.26,True,9,9,8,7,22,2,5,Rarely,Inexperienced,Inexperienced,Never,3.714,2.833,4.917,68,72,57.5,1.562,0.173,Diagonal,West,West - Diagonal,Complex,9.0,,71.32638871732507,125.10083251367305,361.95,5.0,2.0,5.0,6.333,5.0,2.5,68.786,72.667,45.0,77.5,90.0,75.0,71.667,72.083,36.0,77.857,85.0,52.0
028,Low,2024-8-13,14,35,48,1,14:36:02,14:36:55,162,7760.45,485.37,12474.2,4268.06,8.35,-0.04,15.31,6.41,True,7,5,6,7,22,2,5,Rarely,Inexperienced,Inexperienced,Never,3.714,2.833,4.917,47,32,59.167,1.312,0.049,Straight,South,South - Straight,Straight,,AGV,72.35868043350405,86.12671750763211,234.47,5.0,2.0,5.0,6.333,5.0,2.5,47.714,42.0,62.0,63.0,40.0,30.0,43.333,32.5,77.0,39.286,80.0,55.0
028,Low,2024-8-13,14,35,48,2,14:37:02,14:37:44,0,2439.74,1031.18,4502.08,958.61,5.2,-3.9,15.23,4.04,True,9,7,8,7,22,2,5,Rarely,Inexperienced,Inexperienced,Never,3.714,2.833,4.917,47,32,59.167,1.312,0.0,Diagonal,North,North - Diagonal,Complex,7.0,User,57.11365104928731,216.4423818212695,246.5,5.0,2.0,5.0,6.333,5.0,2.5,47.714,42.0,62.0,63.0,40.0,30.0,43.333,32.5,77.0,39.286,80.0,55.0
028,Low,2024-8-13,14,35,48,3,14:37:46,14:38:48,0,3829.77,673.17,4918.81,1687.79,3.05,-5.41,15.32,5.38,True,8,8,9,9,22,2,5,Rarely,Inexperienced,Inexperienced,Never,3.714,2.833,4.917,47,32,59.167,1.312,0.0,Diagonal,South,South - Diagonal,Complex,9.0,,58.57786303258094,101.71743729657089,201.86,5.0,2.0,5.0,6.333,5.0,2.5,47.714,42.0,62.0,63.0,40.0,30.0,43.333,32.5,77.0,39.286,80.0,55.0
028,Low,2024-8-13,14,35,48,4,14:38:52,14:39:30,0,5827.38,630.38,11903.79,4114.12,9.84,-3.28,15.26,6.17,True,9,9,10,10,22,2,5,Rarely,Inexperienced,Inexperienced,Never,3.714,2.833,4.917,47,32,59.167,1.312,0.0,Straight,Northeast,Northeast - Straight,Complex,8.0,User,59.86367380066218,353.2710796538168,173.3,5.0,2.0,5.0,6.333,5.0,2.5,47.714,42.0,62.0,63.0,40.0,30.0,43.333,32.5,77.0,39.286,80.0,55.0
028,Low,2024-8-13,14,35,48,5,14:39:37,14:40:39,320,3407.29,634.48,7653.99,1500.5,3.34,-3.11,15.25,4.42,True,10,10,10,10,22,2,5,Rarely,Inexperienced,Inexperienced,Never,3.714,2.833,4.917,47,32,59.167,1.312,0.134,Straight,Northwest,Northwest - Straight,Complex,9.0,User,96.94170223448022,102.58455696698566,444.39,5.0,2.0,5.0,6.333,5.0,2.5,47.714,42.0,62.0,63.0,40.0,30.0,43.333,32.5,77.0,39.286,80.0,55.0
028,Low,2024-8-13,14,35,48,6,14:40:43,14:41:21,87,2338.59,734.8,5374.01,1172.29,5.16,-3.26,15.21,3.43,True,10,10,10,10,22,2,5,Rarely,Inexperienced,Inexperienced,Never,3.714,2.833,4.917,47,32,59.167,1.312,0.071,Diagonal,Northwest,Northwest - Diagonal,Complex,10.0,AGV,98.1480187009705,173.27885433542502,272.91,5.0,2.0,5.0,6.333,5.0,2.5,47.714,42.0,62.0,63.0,40.0,30.0,43.333,32.5,77.0,39.286,80.0,55.0
028,Low,2024-8-13,14,35,48,7,14:41:26,14:42:00,0,2640.26,1047.36,5477.61,1449.25,6.44,-4.37,15.22,4.28,True,10,10,10,10,22,2,5,Rarely,Inexperienced,Inexperienced,Never,3.714,2.833,4.917,47,32,59.167,1.312,0.0,Straight,East,East - Straight,Straight,10.0,User,85.37672788476276,167.9817313936906,390.15,5.0,2.0,5.0,6.333,5.0,2.5,47.714,42.0,62.0,63.0,40.0,30.0,43.333,32.5,77.0,39.286,80.0,55.0
028,Low,2024-8-13,14,35,48,8,14:42:05,14:42:43,0,2480.26,1561.43,4600.24,753.66,5.8,-4.32,15.21,3.24,True,10,10,10,10,22,2,5,Rarely,Inexperienced,Inexperienced,Never,3.714,2.833,4.917,47,32,59.167,1.312,0.0,Diagonal,Southwest,Southwest - Diagonal,Straight,10.0,User,97.4763194912599,256.86809309335376,515.8,5.0,2.0,5.0,6.333,5.0,2.5,47.714,42.0,62.0,63.0,40.0,30.0,43.333,32.5,77.0,39.286,80.0,55.0
028,Low,2024-8-13,14,35,48,9,14:42:50,14:43:24,556,3386.66,742.02,7040.97,2027.1,6.5,-4.4,15.22,5.22,True,10,10,10,10,22,2,5,Rarely,Inexperienced,Inexperienced,Never,3.714,2.833,4.917,47,32,59.167,1.312,0.268,Diagonal,Northeast,Northeast - Diagonal,Straight,10.0,User,108.12509376096932,207.42112453713924,604.98,5.0,2.0,5.0,6.333,5.0,2.5,47.714,42.0,62.0,63.0,40.0,30.0,43.333,32.5,77.0,39.286,80.0,55.0
028,Low,2024-8-13,14,35,48,10,14:43:31,14:44:13,507,3394.47,600.66,5479.19,1917.76,5.15,-4.4,15.21,5.1,True,10,10,10,10,22,2,5,Rarely,Inexperienced,Inexperienced,Never,3.714,2.833,4.917,47,32,59.167,1.312,0.196,Straight,West,West - Straight,Straight,10.0,AGV,67.71554487338601,227.8615485264087,860.16,5.0,2.0,5.0,6.333,5.0,2.5,47.714,42.0,62.0,63.0,40.0,30.0,43.333,32.5,77.0,39.286,80.0,55.0
028,Low,2024-8-13,14,35,48,11,14:44:17,14:44:53,0,5031.51,2543.71,6194.16,1430.35,5.19,-5.38,15.29,6.61,True,9,10,9,10,22,2,5,Rarely,Inexperienced,Inexperienced,Never,3.714,2.833,4.917,47,32,59.167,1.312,0.0,Diagonal,East,East - Diagonal,Complex,10.0,AGV,102.43595496591772,183.58713954402933,338.25,5.0,2.0,5.0,6.333,5.0,2.5,47.714,42.0,62.0,63.0,40.0,30.0,43.333,32.5,77.0,39.286,80.0,55.0
028,Low,2024-8-13,14,35,48,12,14:45:00,14:45:56,156,3040.2,1523.6,4074.04,996.22,3.74,-1.74,15.23,4.26,True,8,9,9,9,22,2,5,Rarely,Inexperienced,Inexperienced,Never,3.714,2.833,4.917,47,32,59.167,1.312,0.056,Straight,Southeast,Southeast - Straight,Complex,9.0,User,107.05487817370417,144.38524661867865,942.89,5.0,2.0,5.0,6.333,5.0,2.5,47.714,42.0,62.0,63.0,40.0,30.0,43.333,32.5,77.0,39.286,80.0,55.0
028,Low,2024-8-13,14,35,48,13,14:46:10,14:46:44,0,2829.92,1437.46,7506.12,1458.43,8.06,-0.0,15.22,4.23,True,7,8,6,7,22,2,5,Rarely,Inexperienced,Inexperienced,Never,3.714,2.833,4.917,47,32,59.167,1.312,0.0,Straight,Southwest,Southwest - Straight,Complex,8.0,User,66.98426462344499,343.12089725568455,272.74,5.0,2.0,5.0,6.333,5.0,2.5,47.714,42.0,62.0,63.0,40.0,30.0,43.333,32.5,77.0,39.286,80.0,55.0
028,Low,2024-8-13,14,35,48,14,14:46:48,14:47:25,0,2420.12,1167.4,4699.65,974.9,5.89,-3.8,15.21,4.31,True,8,8,8,7,22,2,5,Rarely,Inexperienced,Inexperienced,Never,3.714,2.833,4.917,47,32,59.167,1.312,0.0,Diagonal,Southeast,Southeast - Diagonal,Straight,7.0,User,98.93804043724762,245.50060839566567,517.76,5.0,2.0,5.0,6.333,5.0,2.5,47.714,42.0,62.0,63.0,40.0,30.0,43.333,32.5,77.0,39.286,80.0,55.0
028,Low,2024-8-13,14,35,48,15,14:47:29,14:48:05,32,3215.29,922.4,6799.29,1931.0,6.04,-4.53,15.23,4.84,True,9,7,6,4,22,2,5,Rarely,Inexperienced,Inexperienced,Never,3.714,2.833,4.917,47,32,59.167,1.312,0.045,Straight,North,North - Straight,Straight,8.0,User,65.1312533144881,176.87822666532216,293.73,5.0,2.0,5.0,6.333,5.0,2.5,47.714,42.0,62.0,63.0,40.0,30.0,43.333,32.5,77.0,39.286,80.0,55.0
028,Low,2024-8-13,14,35,48,16,14:48:12,14:49:03,45,2824.74,805.1,5544.29,1120.08,3.7,-0.03,15.21,4.04,True,6,6,7,7,22,2,5,Rarely,Inexperienced,Inexperienced,Never,3.714,2.833,4.917,47,32,59.167,1.312,0.057,Diagonal,West,West - Diagonal,Complex,9.0,,69.6857028340231,123.32463870760414,416.59,5.0,2.0,5.0,6.333,5.0,2.5,47.714,42.0,62.0,63.0,40.0,30.0,43.333,32.5,77.0,39.286,80.0,55.0
029,High,2024-8-13,16,37,2,1,16:37:33,16:38:53,767,6961.37,336.8,12494.77,4170.46,5.84,-3.47,15.24,6.57,True,5,4,6,6,21,1,2,Frequently,Moderately experienced,Moderately experienced,Very rarely,1.857,3.0,4.25,63,71,38.333,1.062,0.169,Straight,South,South - Straight,Straight,,User,45.949738087299316,111.82923627724222,101.22,1.75,2.0,4.75,4.667,3.667,3.5,63.0,69.0,45.333,74.0,69.0,69.0,61.333,71.583,27.2,70.714,84.0,29.2
029,High,2024-8-13,16,37,2,2,16:39:02,16:39:59,0,2326.73,872.63,4521.21,1010.07,3.8,-3.6,15.24,3.47,True,6,6,6,6,21,1,2,Frequently,Moderately experienced,Moderately experienced,Very rarely,1.857,3.0,4.25,63,71,38.333,1.062,0.0,Diagonal,North,North - Diagonal,Complex,5.0,User,40.739608955132155,168.7887650723983,115.34,1.75,2.0,4.75,4.667,3.667,3.5,63.0,69.0,45.333,74.0,69.0,69.0,61.333,71.583,27.2,70.714,84.0,29.2
029,High,2024-8-13,16,37,2,3,16:40:04,16:41:03,888,3370.72,674.38,5318.46,1756.0,3.17,-5.41,15.22,4.07,True,8,7,8,9,21,1,2,Frequently,Moderately experienced,Moderately experienced,Very rarely,1.857,3.0,4.25,63,71,38.333,1.062,0.262,Diagonal,South,South - Diagonal,Complex,6.0,,61.916418723245044,86.46458042206145,190.22,1.75,2.0,4.75,4.667,3.667,3.5,63.0,69.0,45.333,74.0,69.0,69.0,61.333,71.583,27.2,70.714,84.0,29.2
029,High,2024-8-13,16,37,2,4,16:41:08,16:42:09,1150,6100.68,425.2,11867.64,4659.27,6.13,-3.57,15.22,6.63,True,9,8,8,7,21,1,2,Frequently,Moderately experienced,Moderately experienced,Very rarely,1.857,3.0,4.25,63,71,38.333,1.062,0.297,Straight,Northeast,Northeast - Straight,Complex,8.0,AGV,36.83539751561743,219.7996078516664,719.99,1.75,2.0,4.75,4.667,3.667,3.5,63.0,69.0,45.333,74.0,69.0,69.0,61.333,71.583,27.2,70.714,84.0,29.2
029,High,2024-8-13,16,37,2,5,16:42:13,16:43:36,98,3501.8,1797.27,7624.98,1040.43,2.51,-3.81,15.27,4.31,True,8,7,7,7,21,1,2,Frequently,Moderately experienced,Moderately experienced,Very rarely,1.857,3.0,4.25,63,71,38.333,1.062,0.068,Straight,Northwest,Northwest - Straight,Complex,9.0,User,72.3199579949767,74.34371475760794,192.72,1.75,2.0,4.75,4.667,3.667,3.5,63.0,69.0,45.333,74.0,69.0,69.0,61.333,71.583,27.2,70.714,84.0,29.2
029,High,2024-8-13,16,37,2,6,16:43:41,16:44:37,656,2790.91,886.57,5340.8,1051.9,3.41,-4.76,15.22,4.15,True,8,8,8,8,21,1,2,Frequently,Moderately experienced,Moderately experienced,Very rarely,1.857,3.0,4.25,63,71,38.333,1.062,0.226,Diagonal,Northwest,Northwest - Diagonal,Complex,8.0,AGV,65.39201293574457,85.31726704946493,187.84,1.75,2.0,4.75,4.667,3.667,3.5,63.0,69.0,45.333,74.0,69.0,69.0,61.333,71.583,27.2,70.714,84.0,29.2
029,High,2024-8-13,16,37,2,7,16:44:42,16:45:39,788,3282.56,492.85,5446.33,2082.66,3.87,-4.58,15.21,5.68,True,8,8,8,6,21,1,2,Frequently,Moderately experienced,Moderately experienced,Very rarely,1.857,3.0,4.25,63,71,38.333,1.062,0.213,Straight,East,East - Straight,Straight,8.0,AGV,49.94730012548516,171.70982975166635,172.46,1.75,2.0,4.75,4.667,3.667,3.5,63.0,69.0,45.333,74.0,69.0,69.0,61.333,71.583,27.2,70.714,84.0,29.2
029,High,2024-8-13,16,37,2,8,16:45:44,16:46:44,255,2496.42,566.49,4606.22,1240.66,3.66,-4.45,15.23,5.1,True,8,8,8,8,21,1,2,Frequently,Moderately experienced,Moderately experienced,Very rarely,1.857,3.0,4.25,63,71,38.333,1.062,0.075,Diagonal,Southwest,Southwest - Diagonal,Straight,8.0,User,61.81982170081899,56.344699984043636,376.39,1.75,2.0,4.75,4.667,3.667,3.5,63.0,69.0,45.333,74.0,69.0,69.0,61.333,71.583,27.2,70.714,84.0,29.2
029,High,2024-8-13,16,37,2,9,16:46:50,16:47:44,532,4115.98,718.29,7025.43,1857.83,4.06,-4.4,15.22,5.11,True,9,8,8,8,21,1,2,Frequently,Moderately experienced,Moderately experienced,Very rarely,1.857,3.0,4.25,63,71,38.333,1.062,0.155,Diagonal,Northeast,Northeast - Diagonal,Straight,8.0,User,68.7527621082598,141.9425829070158,97.16,1.75,2.0,4.75,4.667,3.667,3.5,63.0,69.0,45.333,74.0,69.0,69.0,61.333,71.583,27.2,70.714,84.0,29.2
029,High,2024-8-13,16,37,2,10,16:47:48,16:48:40,389,3590.95,794.52,5501.48,1824.59,4.29,-4.44,15.22,4.71,True,9,8,8,8,21,1,2,Frequently,Moderately experienced,Moderately experienced,Very rarely,1.857,3.0,4.25,63,71,38.333,1.062,0.179,Straight,West,West - Straight,Straight,9.0,AGV,55.145396750655465,188.96393697667625,115.88,1.75,2.0,4.75,4.667,3.667,3.5,63.0,69.0,45.333,74.0,69.0,69.0,61.333,71.583,27.2,70.714,84.0,29.2
029,High,2024-8-13,16,37,2,11,16:48:45,16:49:38,334,4256.35,576.83,6196.52,2163.58,3.57,-5.29,15.22,5.45,True,9,8,8,9,21,1,2,Frequently,Moderately experienced,Moderately experienced,Very rarely,1.857,3.0,4.25,63,71,38.333,1.062,0.121,Diagonal,East,East - Diagonal,Complex,9.0,AGV,69.53690608623019,109.18890078535078,546.8,1.75,2.0,4.75,4.667,3.667,3.5,63.0,69.0,45.333,74.0,69.0,69.0,61.333,71.583,27.2,70.714,84.0,29.2
029,High,2024-8-13,16,37,2,12,16:49:43,16:50:54,77,2701.4,589.71,4152.98,1330.4,2.94,-2.69,15.23,3.95,True,9,9,8,8,21,1,2,Frequently,Moderately experienced,Moderately experienced,Very rarely,1.857,3.0,4.25,63,71,38.333,1.062,0.026,Straight,Southeast,Southeast - Straight,Complex,9.0,User,84.13203451755393,133.70091119961415,210.68,1.75,2.0,4.75,4.667,3.667,3.5,63.0,69.0,45.333,74.0,69.0,69.0,61.333,71.583,27.2,70.714,84.0,29.2
029,High,2024-8-13,16,37,2,13,16:51:00,16:51:46,0,3739.41,1310.86,11850.89,2993.03,8.03,-3.31,15.22,4.72,True,9,9,8,8,21,1,2,Frequently,Moderately experienced,Moderately experienced,Very rarely,1.857,3.0,4.25,63,71,38.333,1.062,0.0,Straight,Southwest,Southwest - Straight,Complex,9.0,User,48.51652619090692,206.34905575042214,150.31,1.75,2.0,4.75,4.667,3.667,3.5,63.0,69.0,45.333,74.0,69.0,69.0,61.333,71.583,27.2,70.714,84.0,29.2
029,High,2024-8-13,16,37,2,14,16:51:51,16:52:36,0,2161.57,602.21,4687.09,1134.45,4.84,-3.92,15.21,3.53,True,9,9,9,8,21,1,2,Frequently,Moderately experienced,Moderately experienced,Very rarely,1.857,3.0,4.25,63,71,38.333,1.062,0.0,Diagonal,Southeast,Southeast - Diagonal,Straight,9.0,User,79.78225848717429,215.3630678526243,104.98,1.75,2.0,4.75,4.667,3.667,3.5,63.0,69.0,45.333,74.0,69.0,69.0,61.333,71.583,27.2,70.714,84.0,29.2
029,High,2024-8-13,16,37,2,15,16:52:40,16:53:21,143,3823.04,768.71,6779.35,1860.39,5.31,-4.57,15.24,5.4,True,9,9,9,9,21,1,2,Frequently,Moderately experienced,Moderately experienced,Very rarely,1.857,3.0,4.25,63,71,38.333,1.062,0.109,Straight,North,North - Straight,Straight,9.0,User,56.124168068759985,154.0896418810109,210.88,1.75,2.0,4.75,4.667,3.667,3.5,63.0,69.0,45.333,74.0,69.0,69.0,61.333,71.583,27.2,70.714,84.0,29.2
029,High,2024-8-13,16,37,2,16,16:53:26,16:54:19,522,2935.17,960.66,5532.48,1123.62,3.55,-0.13,15.23,4.29,True,10,9,9,8,21,1,2,Frequently,Moderately experienced,Moderately experienced,Very rarely,1.857,3.0,4.25,63,71,38.333,1.062,0.182,Diagonal,West,West - Diagonal,Complex,9.0,,65.97248903248214,111.31738443434418,118.36,1.75,2.0,4.75,4.667,3.667,3.5,63.0,69.0,45.333,74.0,69.0,69.0,61.333,71.583,27.2,70.714,84.0,29.2
029,Low,2024-8-13,17,1,35,1,17:01:57,17:02:53,505,6263.49,332.46,12609.82,4734.82,7.28,-0.04,15.23,6.56,True,8,8,7,6,21,1,2,Frequently,Moderately experienced,Moderately experienced,Very rarely,1.857,3.0,4.25,66,76,37.667,1.062,0.197,Straight,South,South - Straight,Straight,6.6,AGV,65.64757588849228,154.69093779960377,780.7,1.75,2.0,4.75,4.667,3.667,3.5,66.429,75.333,46.0,81.5,66.0,68.5,66.667,76.5,16.4,71.429,83.0,28.6
029,Low,2024-8-13,17,1,35,2,17:02:57,17:03:54,0,2512.17,1050.01,4530.01,895.9,3.85,-3.8,15.19,3.54,True,8,8,7,7,21,1,2,Frequently,Moderately experienced,Moderately experienced,Very rarely,1.857,3.0,4.25,66,76,37.667,1.062,0.0,Diagonal,North,North - Diagonal,Complex,8.0,User,40.24551350632665,167.73457892552534,100.1,1.75,2.0,4.75,4.667,3.667,3.5,66.429,75.333,46.0,81.5,66.0,68.5,66.667,76.5,16.4,71.429,83.0,28.6
029,Low,2024-8-13,17,1,35,3,17:04:12,17:04:58,834,2616.16,607.4,4965.1,1728.61,4.11,-5.49,15.21,3.81,True,8,8,7,8,21,1,2,Frequently,Moderately experienced,Moderately experienced,Very rarely,1.857,3.0,4.25,66,76,37.667,1.062,0.28,Diagonal,South,South - Diagonal,Complex,8.0,,78.82326979796734,148.75510748672738,211.38,1.75,2.0,4.75,4.667,3.667,3.5,66.429,75.333,46.0,81.5,66.0,68.5,66.667,76.5,16.4,71.429,83.0,28.6
029,Low,2024-8-13,17,1,35,4,17:05:03,17:05:44,347,4863.16,552.01,11869.99,4025.37,9.03,-2.72,15.22,6.54,True,9,8,8,8,21,1,2,Frequently,Moderately experienced,Moderately experienced,Very rarely,1.857,3.0,4.25,66,76,37.667,1.062,0.133,Straight,Northeast,Northeast - Straight,Complex,8.0,AGV,53.87616127558057,315.23690639828004,228.95,1.75,2.0,4.75,4.667,3.667,3.5,66.429,75.333,46.0,81.5,66.0,68.5,66.667,76.5,16.4,71.429,83.0,28.6
029,Low,2024-8-13,17,1,35,5,17:05:48,17:06:44,218,3327.62,1036.53,7660.14,1444.55,3.72,-4.37,15.27,4.82,True,9,9,9,9,21,1,2,Frequently,Moderately experienced,Moderately experienced,Very rarely,1.857,3.0,4.25,66,76,37.667,1.062,0.1,Straight,Northwest,Northwest - Straight,Complex,9.0,AGV,106.834198039876,103.41422467960389,128.71,1.75,2.0,4.75,4.667,3.667,3.5,66.429,75.333,46.0,81.5,66.0,68.5,66.667,76.5,16.4,71.429,83.0,28.6
029,Low,2024-8-13,17,1,35,6,17:06:47,17:07:33,631,2457.76,536.32,5351.12,1236.42,4.22,-2.99,15.22,3.8,True,9,9,8,9,21,1,2,Frequently,Moderately experienced,Moderately experienced,Very rarely,1.857,3.0,4.25,66,76,37.667,1.062,0.196,Diagonal,Northwest,Northwest - Diagonal,Complex,9.0,AGV,79.25806219301857,76.9146575190007,277.93,1.75,2.0,4.75,4.667,3.667,3.5,66.429,75.333,46.0,81.5,66.0,68.5,66.667,76.5,16.4,71.429,83.0,28.6
029,Low,2024-8-13,17,1,35,7,17:07:38,17:08:20,95,3340.35,635.72,5491.73,1948.81,5.21,-4.4,15.22,6.01,True,9,7,8,8,21,1,2,Frequently,Moderately experienced,Moderately experienced,Very rarely,1.857,3.0,4.25,66,76,37.667,1.062,0.064,Straight,East,East - Straight,Straight,9.0,AGV,67.39835228664931,232.4172648057953,133.4,1.75,2.0,4.75,4.667,3.667,3.5,66.429,75.333,46.0,81.5,66.0,68.5,66.667,76.5,16.4,71.429,83.0,28.6
029,Low,2024-8-13,17,1,35,8,17:08:26,17:09:14,0,2348.97,964.54,4645.6,1049.68,4.61,-4.35,15.25,3.58,True,8,8,8,8,21,1,2,Frequently,Moderately experienced,Moderately experienced,Very rarely,1.857,3.0,4.25,66,76,37.667,1.062,0.0,Diagonal,Southwest,Southwest - Diagonal,Straight,9.0,User,76.4428973475379,112.41105607285841,115.47,1.75,2.0,4.75,4.667,3.667,3.5,66.429,75.333,46.0,81.5,66.0,68.5,66.667,76.5,16.4,71.429,83.0,28.6
029,Low,2024-8-13,17,1,35,9,17:09:18,17:10:05,402,4101.31,627.8,6997.15,1914.93,4.7,-4.5,15.21,5.45,True,8,8,8,9,21,1,2,Frequently,Moderately experienced,Moderately experienced,Very rarely,1.857,3.0,4.25,66,76,37.667,1.062,0.154,Diagonal,Northeast,Northeast - Diagonal,Straight,8.0,User,78.74674339375983,141.2410700592929,109.3,1.75,2.0,4.75,4.667,3.667,3.5,66.429,75.333,46.0,81.5,66.0,68.5,66.667,76.5,16.4,71.429,83.0,28.6
029,Low,2024-8-13,17,1,35,10,17:10:10,17:10:58,587,3436.73,576.32,5451.42,1852.7,4.59,-4.45,15.23,4.76,True,9,8,8,9,21,1,2,Frequently,Moderately experienced,Moderately experienced,Very rarely,1.857,3.0,4.25,66,76,37.667,1.062,0.212,Straight,West,West - Straight,Straight,8.0,AGV,59.87509063586156,168.9626765364636,130.75,1.75,2.0,4.75,4.667,3.667,3.5,66.429,75.333,46.0,81.5,66.0,68.5,66.667,76.5,16.4,71.429,83.0,28.6
029,Low,2024-8-13,17,1,35,11,17:11:01,17:11:49,26,4172.3,825.65,6230.83,2078.22,3.99,-5.36,15.21,4.76,True,9,8,8,9,21,1,2,Frequently,Moderately experienced,Moderately experienced,Very rarely,1.857,3.0,4.25,66,76,37.667,1.062,0.038,Diagonal,East,East - Diagonal,Complex,9.0,AGV,75.99132809753381,137.41842114774386,182.31,1.75,2.0,4.75,4.667,3.667,3.5,66.429,75.333,46.0,81.5,66.0,68.5,66.667,76.5,16.4,71.429,83.0,28.6
029,Low,2024-8-13,17,1,35,12,17:11:55,17:12:59,138,2763.28,625.94,4211.66,1293.25,3.26,-3.47,15.24,4.12,True,8,7,7,8,21,1,2,Frequently,Moderately experienced,Moderately experienced,Very rarely,1.857,3.0,4.25,66,76,37.667,1.062,0.043,Straight,Southeast,Southeast - Straight,Complex,9.0,User,93.31599760554022,122.5429584967943,260.66,1.75,2.0,4.75,4.667,3.667,3.5,66.429,75.333,46.0,81.5,66.0,68.5,66.667,76.5,16.4,71.429,83.0,28.6
029,Low,2024-8-13,17,1,35,13,17:13:03,17:13:42,0,2737.11,1287.13,8376.79,1749.27,7.36,-0.0,15.25,4.13,True,8,8,7,8,21,1,2,Frequently,Moderately experienced,Moderately experienced,Very rarely,1.857,3.0,4.25,66,76,37.667,1.062,0.0,Straight,Southwest,Southwest - Straight,Complex,8.0,User,57.18542351714872,307.1801074833829,88.33,1.75,2.0,4.75,4.667,3.667,3.5,66.429,75.333,46.0,81.5,66.0,68.5,66.667,76.5,16.4,71.429,83.0,28.6
029,Low,2024-8-13,17,1,35,14,17:13:46,17:14:29,0,2176.39,890.55,4688.03,1067.92,5.02,-4.01,15.22,3.4,True,9,8,7,8,21,1,2,Frequently,Moderately experienced,Moderately experienced,Very rarely,1.857,3.0,4.25,66,76,37.667,1.062,0.0,Diagonal,Southeast,Southeast - Diagonal,Straight,8.0,User,84.00514804601671,187.32563604705499,165.39,1.75,2.0,4.75,4.667,3.667,3.5,66.429,75.333,46.0,81.5,66.0,68.5,66.667,76.5,16.4,71.429,83.0,28.6
029,Low,2024-8-13,17,1,35,15,17:14:32,17:15:17,145,3955.24,844.67,6795.41,1820.14,4.92,-4.4,15.24,5.4,True,9,9,8,9,21,1,2,Frequently,Moderately experienced,Moderately experienced,Very rarely,1.857,3.0,4.25,66,76,37.667,1.062,0.083,Straight,North,North - Straight,Straight,9.0,User,51.701705345735334,216.10259301213293,194.15,1.75,2.0,4.75,4.667,3.667,3.5,66.429,75.333,46.0,81.5,66.0,68.5,66.667,76.5,16.4,71.429,83.0,28.6
029,Low,2024-8-13,17,1,35,16,17:15:21,17:16:08,486,2840.46,809.84,5607.64,1214.24,3.96,-0.04,15.24,4.33,True,9,9,9,9,21,1,2,Frequently,Moderately experienced,Moderately experienced,Very rarely,1.857,3.0,4.25,66,76,37.667,1.062,0.216,Diagonal,West,West - Diagonal,Complex,9.0,,74.5782082117988,85.1774858064859,97.75,1.75,2.0,4.75,4.667,3.667,3.5,66.429,75.333,46.0,81.5,66.0,68.5,66.667,76.5,16.4,71.429,83.0,28.6
030,High,2024-8-14,10,57,35,1,10:57:55,10:59:44,374,8040.93,725.82,12039.66,3522.5,4.3,-2.05,15.25,5.82,True,7,7,7,7,22,3,5,Very frequently,Moderately experienced,Moderately experienced,Never,3.0,2.667,4.75,48,40,62.0,1.312,0.061,Straight,South,South - Straight,Straight,4.8,AGV,33.98731750403478,44.22723824551958,1461.35,3.75,2.0,6.0,4.667,3.333,4.5,48.889,45.0,51.667,70.0,,40.0,42.5,40.833,20.0,33.0,85.0,56.25
030,High,2024-8-14,10,57,35,2,10:59:49,11:00:42,0,2429.03,1058.27,4521.2,903.42,4.15,-3.96,15.21,3.37,True,7,7,8,7,22,3,5,Very frequently,Moderately experienced,Moderately experienced,Never,3.0,2.667,4.75,48,40,62.0,1.312,0.224,Diagonal,North,North - Diagonal,Complex,7.0,AGV,43.872251531614644,182.89939681588885,106.5,3.75,2.0,6.0,4.667,3.333,4.5,48.889,45.0,51.667,70.0,,40.0,42.5,40.833,20.0,33.0,85.0,56.25
030,High,2024-8-14,10,57,35,3,11:00:48,11:01:59,396,3634.78,865.89,5039.81,1628.97,2.62,-5.14,15.21,3.73,True,7,7,8,7,22,3,5,Very frequently,Moderately experienced,Moderately experienced,Never,3.0,2.667,4.75,48,40,62.0,1.312,0.115,Diagonal,South,South - Diagonal,Complex,7.0,,51.479725128854305,92.62108091389028,1380.6,3.75,2.0,6.0,4.667,3.333,4.5,48.889,45.0,51.667,70.0,,40.0,42.5,40.833,20.0,33.0,85.0,56.25
030,High,2024-8-14,10,57,35,4,11:02:05,11:02:54,718,5702.99,1362.38,11946.09,4099.86,7.55,-3.47,15.22,5.77,True,7,8,8,7,22,3,5,Very frequently,Moderately experienced,Moderately experienced,Never,3.0,2.667,4.75,48,40,62.0,1.312,0.232,Straight,Northeast,Northeast - Straight,Complex,7.0,AGV,45.99372606161884,241.63333049653093,120.16,3.75,2.0,6.0,4.667,3.333,4.5,48.889,45.0,51.667,70.0,,40.0,42.5,40.833,20.0,33.0,85.0,56.25
030,High,2024-8-14,10,57,35,5,11:03:01,11:04:21,293,4072.16,3046.15,7667.84,876.15,2.36,-0.02,15.3,5.29,True,7,7,8,7,22,3,5,Very frequently,Moderately experienced,Moderately experienced,Never,3.0,2.667,4.75,48,40,62.0,1.312,0.107,Straight,Northwest,Northwest - Straight,Complex,7.0,AGV,74.81212746073565,41.85585556525074,207.89,3.75,2.0,6.0,4.667,3.333,4.5,48.889,45.0,51.667,70.0,,40.0,42.5,40.833,20.0,33.0,85.0,56.25
030,High,2024-8-14,10,57,35,6,11:04:25,11:05:30,416,3794.31,1904.85,5817.16,1148.42,2.94,-4.1,15.24,4.82,True,7,7,8,7,22,3,5,Very frequently,Moderately experienced,Moderately experienced,Never,3.0,2.667,4.75,48,40,62.0,1.312,0.155,Diagonal,Northwest,Northwest - Diagonal,Complex,7.0,AGV,56.31129929867885,100.97659930967833,1445.3,3.75,2.0,6.0,4.667,3.333,4.5,48.889,45.0,51.667,70.0,,40.0,42.5,40.833,20.0,33.0,85.0,56.25
030,High,2024-8-14,10,57,35,7,11:05:37,11:06:32,910,3738.33,1539.16,5471.52,1583.57,4.03,-4.45,15.21,4.58,True,7,7,8,7,22,3,5,Very frequently,Moderately experienced,Moderately experienced,Never,3.0,2.667,4.75,48,40,62.0,1.312,0.25,Straight,East,East - Straight,Straight,7.0,AGV,51.968053821937154,132.92098980655044,292.6,3.75,2.0,6.0,4.667,3.333,4.5,48.889,45.0,51.667,70.0,,40.0,42.5,40.833,20.0,33.0,85.0,56.25
030,High,2024-8-14,10,57,35,8,11:06:37,11:07:53,535,3245.93,1061.24,5335.25,1200.33,2.89,-4.47,15.22,4.18,True,7,7,8,7,22,3,5,Very frequently,Moderately experienced,Moderately experienced,Never,3.0,2.667,4.75,48,40,62.0,1.312,0.136,Diagonal,Southwest,Southwest - Diagonal,Straight,7.0,AGV,48.5977445877719,85.53214851621402,1352.57,3.75,2.0,6.0,4.667,3.333,4.5,48.889,45.0,51.667,70.0,,40.0,42.5,40.833,20.0,33.0,85.0,56.25
030,High,2024-8-14,10,57,35,9,11:07:58,11:09:03,764,4425.14,1631.78,6991.04,1511.66,3.37,-4.43,15.22,4.97,True,7,7,8,7,22,3,5,Very frequently,Moderately experienced,Moderately experienced,Never,3.0,2.667,4.75,48,40,62.0,1.312,0.239,Diagonal,Northeast,Northeast - Diagonal,Straight,7.0,AGV,57.07519445913369,38.29665910087584,1270.99,3.75,2.0,6.0,4.667,3.333,4.5,48.889,45.0,51.667,70.0,,40.0,42.5,40.833,20.0,33.0,85.0,56.25
030,High,2024-8-14,10,57,35,10,11:09:08,11:10:06,464,4049.54,1920.91,5488.44,1457.99,3.82,-4.41,15.22,4.78,True,7,8,8,8,22,3,5,Very frequently,Moderately experienced,Moderately experienced,Never,3.0,2.667,4.75,48,40,62.0,1.312,0.131,Straight,West,West - Straight,Straight,7.0,AGV,50.12566070314916,136.88998136357023,211.55,3.75,2.0,6.0,4.667,3.333,4.5,48.889,45.0,51.667,70.0,,40.0,42.5,40.833,20.0,33.0,85.0,56.25
030,High,2024-8-14,10,57,35,11,11:10:10,11:11:47,1341,3513.9,378.66,6245.32,2376.55,1.98,-5.36,15.24,4.11,True,6,6,7,6,22,3,5,Very frequently,Moderately experienced,Moderately experienced,Never,3.0,2.667,4.75,48,40,62.0,1.312,0.291,Diagonal,East,East - Diagonal,Complex,7.0,AGV,38.20724045852201,60.14381332351766,1661.57,3.75,2.0,6.0,4.667,3.333,4.5,48.889,45.0,51.667,70.0,,40.0,42.5,40.833,20.0,33.0,85.0,56.25
030,High,2024-8-14,10,57,35,12,11:11:53,11:13:14,1094,3376.88,1361.07,5299.12,1605.04,2.99,-0.17,14.12,2.83,True,7,7,7,6,22,3,5,Very frequently,Moderately experienced,Moderately experienced,Never,3.0,2.667,4.75,48,40,62.0,1.312,0.267,Straight,Southeast,Southeast - Straight,Complex,6.0,User,73.82646563511028,98.4536977309194,215.54,3.75,2.0,6.0,4.667,3.333,4.5,48.889,45.0,51.667,70.0,,40.0,42.5,40.833,20.0,33.0,85.0,56.25
030,High,2024-8-14,10,57,35,13,11:13:19,11:14:22,849,5577.14,789.47,11943.09,4586.73,5.91,-2.51,15.22,5.25,True,7,7,7,7,22,3,5,Very frequently,Moderately experienced,Moderately experienced,Never,3.0,2.667,4.75,48,40,62.0,1.312,0.209,Straight,Southwest,Southwest - Straight,Complex,7.0,AGV,35.98972169566148,159.527933744825,114.34,3.75,2.0,6.0,4.667,3.333,4.5,48.889,45.0,51.667,70.0,,40.0,42.5,40.833,20.0,33.0,85.0,56.25
030,High,2024-8-14,10,57,35,14,11:14:26,11:15:31,282,3249.24,1625.01,5203.39,1083.18,3.37,-4.45,15.22,4.38,True,7,7,7,7,22,3,5,Very frequently,Moderately experienced,Moderately experienced,Never,3.0,2.667,4.75,48,40,62.0,1.312,0.085,Diagonal,Southeast,Southeast - Diagonal,Straight,7.0,AGV,55.82674573389675,83.74868269479603,1415.42,3.75,2.0,6.0,4.667,3.333,4.5,48.889,45.0,51.667,70.0,,40.0,42.5,40.833,20.0,33.0,85.0,56.25
030,High,2024-8-14,10,57,35,15,11:15:37,11:16:26,640,4040.22,924.41,6813.44,1821.1,4.46,-4.39,15.22,5.18,True,7,7,8,7,22,3,5,Very frequently,Moderately experienced,Moderately experienced,Never,3.0,2.667,4.75,48,40,62.0,1.312,0.204,Straight,North,North - Straight,Straight,7.0,AGV,47.829644637607544,165.7469512696719,107.21,3.75,2.0,6.0,4.667,3.333,4.5,48.889,45.0,51.667,70.0,,40.0,42.5,40.833,20.0,33.0,85.0,56.25
030,High,2024-8-14,10,57,35,16,11:16:31,11:17:41,725,3995.34,2044.91,5617.96,1028.63,2.69,-0.01,15.24,4.78,True,7,7,8,7,22,3,5,Very frequently,Moderately experienced,Moderately experienced,Never,3.0,2.667,4.75,48,40,62.0,1.312,0.2,Diagonal,West,West - Diagonal,Complex,7.0,,49.75956749982426,89.67146886145828,1365.79,3.75,2.0,6.0,4.667,3.333,4.5,48.889,45.0,51.667,70.0,,40.0,42.5,40.833,20.0,33.0,85.0,56.25
030,Low,2024-8-14,10,27,13,1,10:27:36,10:28:57,329,7478.41,730.07,12395.2,3704.1,5.83,-2.38,15.24,6.18,True,7,7,8,5,22,3,5,Very frequently,Moderately experienced,Moderately experienced,Never,3.0,2.667,4.75,43,56,61.0,1.312,0.068,Straight,South,South - Straight,Straight,,User,45.27920156784685,110.45984036246544,1447.74,3.75,2.0,6.0,4.667,3.333,4.5,43.5,55.0,51.667,50.0,,35.0,28.333,56.0,30.0,52.5,85.0,55.0
030,Low,2024-8-14,10,27,13,2,10:29:04,10:29:55,0,2336.64,993.9,4544.85,1003.12,4.28,-3.7,15.21,3.75,True,8,8,8,6,22,3,5,Very frequently,Moderately experienced,Moderately experienced,Never,3.0,2.667,4.75,43,56,61.0,1.312,0.179,Diagonal,North,North - Diagonal,Complex,7.0,AGV,45.16320486840469,180.06241930279427,149.58,3.75,2.0,6.0,4.667,3.333,4.5,43.5,55.0,51.667,50.0,,35.0,28.333,56.0,30.0,52.5,85.0,55.0
030,Low,2024-8-14,10,27,13,3,10:29:59,10:31:11,345,4347.01,774.65,6917.33,1860.31,2.62,-5.55,15.22,4.44,True,8,8,8,6,22,3,5,Very frequently,Moderately experienced,Moderately experienced,Never,3.0,2.667,4.75,43,56,61.0,1.312,0.104,Diagonal,South,South - Diagonal,Complex,8.0,,50.8622612568884,51.11625882409148,1299.9,3.75,2.0,6.0,4.667,3.333,4.5,43.5,55.0,51.667,50.0,,35.0,28.333,56.0,30.0,52.5,85.0,55.0
030,Low,2024-8-14,10,27,13,4,10:31:17,10:32:14,548,6667.86,1183.23,11886.87,4412.13,6.55,-2.22,15.24,6.02,True,8,8,9,7,22,3,5,Very frequently,Moderately experienced,Moderately experienced,Never,3.0,2.667,4.75,43,56,61.0,1.312,0.161,Straight,Northeast,Northeast - Straight,Complex,8.0,AGV,39.337890218941595,203.4597501932765,84.49,3.75,2.0,6.0,4.667,3.333,4.5,43.5,55.0,51.667,50.0,,35.0,28.333,56.0,30.0,52.5,85.0,55.0
030,Low,2024-8-14,10,27,13,5,10:32:19,10:34:15,796,3655.79,2137.83,7691.87,832.5,1.8,-2.93,15.29,4.01,True,7,8,7,6,22,3,5,Very frequently,Moderately experienced,Moderately experienced,Never,3.0,2.667,4.75,43,56,61.0,1.312,0.183,Straight,Northwest,Northwest - Straight,Complex,8.0,AGV,51.765977400726484,47.31991930955338,321.62,3.75,2.0,6.0,4.667,3.333,4.5,43.5,55.0,51.667,50.0,,35.0,28.333,56.0,30.0,52.5,85.0,55.0
030,Low,2024-8-14,10,27,13,6,10:34:30,10:35:45,1072,3517.42,1805.37,5358.84,849.41,2.57,-3.03,15.24,4.63,True,7,7,7,6,22,3,5,Very frequently,Moderately experienced,Moderately experienced,Never,3.0,2.667,4.75,43,56,61.0,1.312,0.354,Diagonal,Northwest,Northwest - Diagonal,Complex,7.0,AGV,48.83425126777678,87.62742420935096,1286.06,3.75,2.0,6.0,4.667,3.333,4.5,43.5,55.0,51.667,50.0,,35.0,28.333,56.0,30.0,52.5,85.0,55.0
030,Low,2024-8-14,10,27,13,7,10:35:50,10:36:48,566,3913.99,1344.9,5476.95,1672.01,3.75,-4.44,15.21,4.73,True,7,8,8,7,22,3,5,Very frequently,Moderately experienced,Moderately experienced,Never,3.0,2.667,4.75,43,56,61.0,1.312,0.203,Straight,East,East - Straight,Straight,7.0,AGV,49.16299833173512,125.19833656982652,349.3,3.75,2.0,6.0,4.667,3.333,4.5,43.5,55.0,51.667,50.0,,35.0,28.333,56.0,30.0,52.5,85.0,55.0
030,Low,2024-8-14,10,27,13,8,10:36:54,10:38:07,489,3256.92,962.07,5414.76,1273.45,3.03,-4.42,15.22,4.29,True,7,7,8,7,22,3,5,Very frequently,Moderately experienced,Moderately experienced,Never,3.0,2.667,4.75,43,56,61.0,1.312,0.139,Diagonal,Southwest,Southwest - Diagonal,Straight,7.0,AGV,50.59364956250419,41.687563091779644,1440.92,3.75,2.0,6.0,4.667,3.333,4.5,43.5,55.0,51.667,50.0,,35.0,28.333,56.0,30.0,52.5,85.0,55.0
030,Low,2024-8-14,10,27,13,9,10:38:12,10:39:29,417,4709.89,1671.78,6990.12,1309.77,2.85,-4.39,15.22,4.98,True,8,7,8,6,22,3,5,Very frequently,Moderately experienced,Moderately experienced,Never,3.0,2.667,4.75,43,56,61.0,1.312,0.134,Diagonal,Northeast,Northeast - Diagonal,Straight,7.0,AGV,47.990571851308545,127.1118267630873,1404.39,3.75,2.0,6.0,4.667,3.333,4.5,43.5,55.0,51.667,50.0,,35.0,28.333,56.0,30.0,52.5,85.0,55.0
030,Low,2024-8-14,10,27,13,10,10:39:35,10:40:51,339,4457.73,1690.67,5482.77,1388.19,2.87,-4.41,15.21,4.69,True,8,7,8,7,22,3,5,Very frequently,Moderately experienced,Moderately experienced,Never,3.0,2.667,4.75,43,56,61.0,1.312,0.108,Straight,West,West - Straight,Straight,8.0,AGV,37.60486018407943,38.466032109848584,168.15,3.75,2.0,6.0,4.667,3.333,4.5,43.5,55.0,51.667,50.0,,35.0,28.333,56.0,30.0,52.5,85.0,55.0
030,Low,2024-8-14,10,27,13,11,10:40:57,10:43:01,1310,3739.81,276.54,6297.51,2418.11,1.54,-5.3,15.21,3.58,True,6,6,7,6,22,3,5,Very frequently,Moderately experienced,Moderately experienced,Never,3.0,2.667,4.75,43,56,61.0,1.312,0.222,Diagonal,East,East - Diagonal,Complex,8.0,AGV,29.47846466493004,49.06325347386965,1345.43,3.75,2.0,6.0,4.667,3.333,4.5,43.5,55.0,51.667,50.0,,35.0,28.333,56.0,30.0,52.5,85.0,55.0
030,Low,2024-8-14,10,27,13,12,10:43:12,10:44:46,606,3583.72,1495.08,5402.58,1580.48,2.57,-1.5,14.08,2.85,True,7,7,7,6,22,3,5,Very frequently,Moderately experienced,Moderately experienced,Never,3.0,2.667,4.75,43,56,61.0,1.312,0.192,Straight,Southeast,Southeast - Straight,Complex,6.0,User,63.822502339025874,68.76533030744034,163.7,3.75,2.0,6.0,4.667,3.333,4.5,43.5,55.0,51.667,50.0,,35.0,28.333,56.0,30.0,52.5,85.0,55.0
030,Low,2024-8-14,10,27,13,13,10:44:51,10:45:54,752,5844.15,778.32,11993.51,4676.71,5.86,-3.07,15.23,5.35,True,7,7,7,7,22,3,5,Very frequently,Moderately experienced,Moderately experienced,Never,3.0,2.667,4.75,43,56,61.0,1.312,0.194,Straight,Southwest,Southwest - Straight,Complex,7.0,AGV,35.34759467002798,212.90453410677293,75.6,3.75,2.0,6.0,4.667,3.333,4.5,43.5,55.0,51.667,50.0,,35.0,28.333,56.0,30.0,52.5,85.0,55.0
030,Low,2024-8-14,10,27,13,14,10:45:59,10:47:18,887,3395.19,1313.61,5154.89,1157.32,2.75,-4.46,15.21,4.26,True,7,8,8,7,22,3,5,Very frequently,Moderately experienced,Moderately experienced,Never,3.0,2.667,4.75,43,56,61.0,1.312,0.224,Diagonal,Southeast,Southeast - Diagonal,Straight,7.0,AGV,45.873487079823036,89.1323540069649,1320.4,3.75,2.0,6.0,4.667,3.333,4.5,43.5,55.0,51.667,50.0,,35.0,28.333,56.0,30.0,52.5,85.0,55.0
030,Low,2024-8-14,10,27,13,15,10:47:23,10:48:23,716,4100.43,1054.81,6801.67,1747.08,3.66,-4.6,15.21,4.84,True,6,7,8,6,22,3,5,Very frequently,Moderately experienced,Moderately experienced,Never,3.0,2.667,4.75,43,56,61.0,1.312,0.19,Straight,North,North - Straight,Straight,7.0,AGV,38.7278043043877,161.82345626265794,123.76,3.75,2.0,6.0,4.667,3.333,4.5,43.5,55.0,51.667,50.0,,35.0,28.333,56.0,30.0,52.5,85.0,55.0
030,Low,2024-8-14,10,27,13,16,10:48:27,10:49:46,715,3944.02,2093.16,5664.98,965.6,2.36,-0.03,15.28,4.59,True,6,7,7,5,22,3,5,Very frequently,Moderately experienced,Moderately experienced,Never,3.0,2.667,4.75,43,56,61.0,1.312,0.146,Diagonal,West,West - Diagonal,Complex,6.0,,45.15732402994475,40.839672218752085,1310.93,3.75,2.0,6.0,4.667,3.333,4.5,43.5,55.0,51.667,50.0,,35.0,28.333,56.0,30.0,52.5,85.0,55.0
031,High,2024-8-14,14,47,15,1,14:48:03,14:49:55,532,7289.65,343.97,11362.7,3885.78,4.2,-3.32,15.27,6.06,True,7,8,8,9,23,1,2,Occasionally,Unfamiliar,Unfamiliar,Never,1.857,2.5,5.083,90,84,41.667,1.188,0.105,Straight,South,South - Straight,Straight,,AGV,32.98257171507478,79.82047425433358,128.77,2.0,1.667,4.75,5.667,5.0,5.0,90.357,88.333,91.667,95.0,100.0,80.0,91.667,84.167,17.0,85.0,90.0,32.0
031,High,2024-8-14,14,47,15,3,14:51:30,14:52:55,333,4243.22,867.78,6164.95,1587.28,2.2,-5.57,15.22,4.08,True,8,9,9,9,23,1,2,Occasionally,Unfamiliar,Unfamiliar,Never,1.857,2.5,5.083,90,84,41.667,1.188,0.096,Diagonal,South,South - Diagonal,Complex,7.0,User,42.72612622620309,80.50687066672592,71.72,2.0,1.667,4.75,5.667,5.0,5.0,90.357,88.333,91.667,95.0,100.0,80.0,91.667,84.167,17.0,85.0,90.0,32.0
031,High,2024-8-14,14,47,15,4,14:53:04,14:54:05,262,6989.79,1123.48,11923.81,4440.8,6.09,-2.48,15.22,6.03,True,9,9,9,10,23,1,2,Occasionally,Unfamiliar,Unfamiliar,Never,1.857,2.5,5.083,90,84,41.667,1.188,0.082,Straight,Northeast,Northeast - Straight,Complex,8.0,AGV,37.00896092927722,212.643693342207,158.36,2.0,1.667,4.75,5.667,5.0,5.0,90.357,88.333,91.667,95.0,100.0,80.0,91.667,84.167,17.0,85.0,90.0,32.0
031,High,2024-8-14,14,47,15,5,14:54:17,14:56:11,24,3782.01,2875.4,7683.65,810.9,1.65,-0.09,15.35,4.55,True,10,9,9,10,23,1,2,Occasionally,Unfamiliar,Unfamiliar,Never,1.857,2.5,5.083,90,84,41.667,1.188,0.016,Straight,Northwest,Northwest - Straight,Complex,9.0,AGV,52.515218289876664,39.34703591743918,134.79,2.0,1.667,4.75,5.667,5.0,5.0,90.357,88.333,91.667,95.0,100.0,80.0,91.667,84.167,17.0,85.0,90.0,32.0
031,High,2024-8-14,14,47,15,6,14:56:20,14:57:52,169,3326.21,1469.12,5377.42,801.04,2.09,-4.02,15.23,3.97,True,10,9,10,10,23,1,2,Occasionally,Unfamiliar,Unfamiliar,Never,1.857,2.5,5.083,90,84,41.667,1.188,0.041,Diagonal,Northwest,Northwest - Diagonal,Complex,10.0,AGV,40.12704180205707,39.30916791357166,261.82,2.0,1.667,4.75,5.667,5.0,5.0,90.357,88.333,91.667,95.0,100.0,80.0,91.667,84.167,17.0,85.0,90.0,32.0
031,High,2024-8-14,14,47,15,7,14:58:21,14:59:41,672,4195.36,896.96,5484.8,1720.51,2.75,-4.39,15.21,4.21,True,10,10,9,10,23,1,2,Occasionally,Unfamiliar,Unfamiliar,Never,1.857,2.5,5.083,90,84,41.667,1.188,0.125,Straight,East,East - Straight,Straight,10.0,AGV,35.74848255172536,90.46542131967472,254.79,2.0,1.667,4.75,5.667,5.0,5.0,90.357,88.333,91.667,95.0,100.0,80.0,91.667,84.167,17.0,85.0,90.0,32.0
031,High,2024-8-14,14,47,15,8,14:59:49,15:01:20,213,2936.92,888.5,4619.03,941.83,2.42,-4.41,15.21,3.69,True,10,10,9,10,23,1,2,Occasionally,Unfamiliar,Unfamiliar,Never,1.857,2.5,5.083,90,84,41.667,1.188,0.06,Diagonal,Southwest,Southwest - Diagonal,Straight,10.0,AGV,40.99942824182582,95.31729354388251,194.35,2.0,1.667,4.75,5.667,5.0,5.0,90.357,88.333,91.667,95.0,100.0,80.0,91.667,84.167,17.0,85.0,90.0,32.0
031,High,2024-8-14,14,47,15,9,15:01:29,15:03:21,20,4652.09,1263.09,7035.88,1360.19,1.96,-4.43,15.22,4.06,False,10,9,9,10,23,1,2,Occasionally,Unfamiliar,Unfamiliar,Never,1.857,2.5,5.083,90,84,41.667,1.188,0.008,Diagonal,Northeast,Northeast - Diagonal,Straight,10.0,AGV,33.41311497733299,79.9106922244481,227.28,2.0,1.667,4.75,5.667,5.0,5.0,90.357,88.333,91.667,95.0,100.0,80.0,91.667,84.167,17.0,85.0,90.0,32.0
031,High,2024-8-14,14,47,15,10,15:03:30,15:05:10,53,4555.98,1590.87,5476.34,1398.67,2.21,-4.4,15.22,4.06,True,10,10,9,10,23,1,2,Occasionally,Unfamiliar,Unfamiliar,Never,1.857,2.5,5.083,90,84,41.667,1.188,0.028,Straight,West,West - Straight,Straight,10.0,AGV,28.66762270855398,57.53013356316703,292.54,2.0,1.667,4.75,5.667,5.0,5.0,90.357,88.333,91.667,95.0,100.0,80.0,91.667,84.167,17.0,85.0,90.0,32.0
031,High,2024-8-14,14,47,15,11,15:05:19,15:07:09,558,4361.92,557.97,6172.43,2240.61,1.75,-12.01,15.24,4.17,True,10,10,9,10,23,1,2,Occasionally,Unfamiliar,Unfamiliar,Never,1.857,2.5,5.083,90,84,41.667,1.188,0.111,Diagonal,East,East - Diagonal,Complex,10.0,AGV,33.09026076032839,52.22543734870547,365.9,2.0,1.667,4.75,5.667,5.0,5.0,90.357,88.333,91.667,95.0,100.0,80.0,91.667,84.167,17.0,85.0,90.0,32.0
031,High,2024-8-14,14,47,15,12,15:07:16,15:09:26,0,3200.23,1576.74,4126.24,854.3,1.62,-1.98,14.53,2.56,True,10,10,9,10,23,1,2,Occasionally,Unfamiliar,Unfamiliar,Never,1.857,2.5,5.083,90,84,41.667,1.188,0.0,Straight,Southeast,Southeast - Straight,Complex,10.0,User,46.15436018568625,55.03139922476148,280.43,2.0,1.667,4.75,5.667,5.0,5.0,90.357,88.333,91.667,95.0,100.0,80.0,91.667,84.167,17.0,85.0,90.0,32.0
031,High,2024-8-14,14,47,15,13,15:09:33,15:10:57,549,7097.85,543.8,11886.18,4836.47,4.36,-2.49,15.23,5.17,True,10,10,9,10,23,1,2,Occasionally,Unfamiliar,Unfamiliar,Never,1.857,2.5,5.083,90,84,41.667,1.188,0.118,Straight,Southwest,Southwest - Straight,Complex,10.0,AGV,26.970984359330025,155.33339029583732,146.24,2.0,1.667,4.75,5.667,5.0,5.0,90.357,88.333,91.667,95.0,100.0,80.0,91.667,84.167,17.0,85.0,90.0,32.0
031,High,2024-8-14,14,47,15,14,15:11:05,15:12:31,349,2857.65,725.37,4686.66,971.91,2.54,-4.41,15.21,3.78,True,10,10,10,10,23,1,2,Occasionally,Unfamiliar,Unfamiliar,Never,1.857,2.5,5.083,90,84,41.667,1.188,0.097,Diagonal,Southeast,Southeast - Diagonal,Straight,10.0,AGV,42.266019563268905,113.17574515875903,394.19,2.0,1.667,4.75,5.667,5.0,5.0,90.357,88.333,91.667,95.0,100.0,80.0,91.667,84.167,17.0,85.0,90.0,32.0
031,High,2024-8-14,14,47,15,15,15:12:39,15:13:51,99,4338.84,751.1,6809.26,1707.23,3.03,-4.49,15.22,4.67,True,10,10,10,10,23,1,2,Occasionally,Unfamiliar,Unfamiliar,Never,1.857,2.5,5.083,90,84,41.667,1.188,0.063,Straight,North,North - Straight,Straight,10.0,AGV,32.6734308603286,116.25406195688298,203.69,2.0,1.667,4.75,5.667,5.0,5.0,90.357,88.333,91.667,95.0,100.0,80.0,91.667,84.167,17.0,85.0,90.0,32.0
031,High,2024-8-14,14,47,15,16,15:13:58,15:15:14,107,3318.13,1516.7,5587.22,829.44,2.45,-0.01,15.23,4.19,True,10,10,10,10,23,1,2,Occasionally,Unfamiliar,Unfamiliar,Never,1.857,2.5,5.083,90,84,41.667,1.188,0.05,Diagonal,West,West - Diagonal,Complex,10.0,,47.132088946355594,52.098571644224734,255.83,2.0,1.667,4.75,5.667,5.0,5.0,90.357,88.333,91.667,95.0,100.0,80.0,91.667,84.167,17.0,85.0,90.0,32.0
031,Low,2024-8-14,15,24,47,1,15:25:18,15:26:46,411,7322.39,314.06,11948.86,4057.34,5.32,-1.08,15.26,6.45,True,10,9,9,10,23,1,2,Occasionally,Unfamiliar,Unfamiliar,Never,1.857,2.5,5.083,92,89,24.167,1.25,0.111,Straight,South,South - Straight,Straight,9.2,AGV,41.81800611564497,101.5125705410171,119.35,2.0,1.667,4.75,5.667,5.0,5.0,92.286,90.667,96.667,92.5,100.0,90.0,88.333,89.167,9.0,87.857,95.0,10.0
031,Low,2024-8-14,15,24,47,3,15:28:01,15:29:24,455,4424.86,870.03,6497.43,1730.51,2.26,-5.62,15.22,4.17,True,10,10,10,10,23,1,2,Occasionally,Unfamiliar,Unfamiliar,Never,1.857,2.5,5.083,92,89,24.167,1.25,0.151,Diagonal,South,South - Diagonal,Complex,10.0,User,43.60883269428179,82.49031152602552,223.43,2.0,1.667,4.75,5.667,5.0,5.0,92.286,90.667,96.667,92.5,100.0,90.0,88.333,89.167,9.0,87.857,95.0,10.0
031,Low,2024-8-14,15,24,47,4,15:29:34,15:30:37,489,6993.31,845.6,11852.45,4466.19,5.88,-3.24,15.22,5.99,True,10,10,10,10,23,1,2,Occasionally,Unfamiliar,Unfamiliar,Never,1.857,2.5,5.083,92,89,24.167,1.25,0.186,Straight,Northeast,Northeast - Straight,Complex,10.0,AGV,35.83086141308818,202.595589618291,204.27,2.0,1.667,4.75,5.667,5.0,5.0,92.286,90.667,96.667,92.5,100.0,90.0,88.333,89.167,9.0,87.857,95.0,10.0
031,Low,2024-8-14,15,24,47,5,15:30:43,15:32:30,39,3632.36,2593.32,7600.21,851.47,1.97,-2.23,15.34,4.68,True,10,10,10,10,23,1,2,Occasionally,Unfamiliar,Unfamiliar,Never,1.857,2.5,5.083,92,89,24.167,1.25,0.017,Straight,Northwest,Northwest - Straight,Complex,10.0,AGV,55.813690066804845,42.80853082630071,211.62,2.0,1.667,4.75,5.667,5.0,5.0,92.286,90.667,96.667,92.5,100.0,90.0,88.333,89.167,9.0,87.857,95.0,10.0
031,Low,2024-8-14,15,24,47,6,15:32:38,15:33:57,311,3309.36,1515.56,5370.19,800.67,2.45,-4.47,15.22,4.37,True,10,10,10,10,23,1,2,Occasionally,Unfamiliar,Unfamiliar,Never,1.857,2.5,5.083,92,89,24.167,1.25,0.125,Diagonal,Northwest,Northwest - Diagonal,Complex,10.0,AGV,46.66007575157038,83.3246004403674,353.35,2.0,1.667,4.75,5.667,5.0,5.0,92.286,90.667,96.667,92.5,100.0,90.0,88.333,89.167,9.0,87.857,95.0,10.0
031,Low,2024-8-14,15,24,47,7,15:34:07,15:35:23,229,4314.21,1165.51,5475.23,1605.07,2.88,-4.51,15.22,4.52,True,10,10,10,10,23,1,2,Occasionally,Unfamiliar,Unfamiliar,Never,1.857,2.5,5.083,92,89,24.167,1.25,0.06,Straight,East,East - Straight,Straight,10.0,AGV,37.86274019060388,121.35125680854505,106.65,2.0,1.667,4.75,5.667,5.0,5.0,92.286,90.667,96.667,92.5,100.0,90.0,88.333,89.167,9.0,87.857,95.0,10.0
031,Low,2024-8-14,15,24,47,8,15:35:30,15:36:59,572,2893.19,674.95,4625.1,1016.17,2.48,-4.46,15.21,3.65,True,10,10,10,10,23,1,2,Occasionally,Unfamiliar,Unfamiliar,Never,1.857,2.5,5.083,92,89,24.167,1.25,0.122,Diagonal,Southwest,Southwest - Diagonal,Straight,10.0,AGV,41.94343468044286,74.3688125643736,229.92,2.0,1.667,4.75,5.667,5.0,5.0,92.286,90.667,96.667,92.5,100.0,90.0,88.333,89.167,9.0,87.857,95.0,10.0
031,Low,2024-8-14,15,24,47,9,15:37:08,15:38:31,110,4449.33,1209.46,7051.89,1495.06,2.63,-4.43,15.23,4.53,True,10,10,10,10,23,1,2,Occasionally,Unfamiliar,Unfamiliar,Never,1.857,2.5,5.083,92,89,24.167,1.25,0.054,Diagonal,Northeast,Northeast - Diagonal,Straight,10.0,AGV,45.04740497538329,117.7437454048819,263.25,2.0,1.667,4.75,5.667,5.0,5.0,92.286,90.667,96.667,92.5,100.0,90.0,88.333,89.167,9.0,87.857,95.0,10.0
031,Low,2024-8-14,15,24,47,10,15:38:42,15:39:51,151,4060.59,1326.03,5483.61,1605.71,3.18,-4.44,15.21,4.42,True,10,10,10,10,23,1,2,Occasionally,Unfamiliar,Unfamiliar,Never,1.857,2.5,5.083,92,89,24.167,1.25,0.079,Straight,West,West - Straight,Straight,10.0,AGV,41.61463850485715,142.6949231497639,339.09,2.0,1.667,4.75,5.667,5.0,5.0,92.286,90.667,96.667,92.5,100.0,90.0,88.333,89.167,9.0,87.857,95.0,10.0
031,Low,2024-8-14,15,24,47,11,15:39:58,15:41:28,809,4272.17,574.5,6236.5,2271.32,2.12,-5.48,15.29,4.42,True,10,9,10,9,23,1,2,Occasionally,Unfamiliar,Unfamiliar,Never,1.857,2.5,5.083,92,89,24.167,1.25,0.168,Diagonal,East,East - Diagonal,Complex,10.0,AGV,40.77365381286204,56.5989127190281,430.79,2.0,1.667,4.75,5.667,5.0,5.0,92.286,90.667,96.667,92.5,100.0,90.0,88.333,89.167,9.0,87.857,95.0,10.0
031,Low,2024-8-14,15,24,47,12,15:41:39,15:43:25,183,3459.1,1343.47,5217.77,1465.36,2.29,-5.97,14.31,2.87,True,10,10,10,10,23,1,2,Occasionally,Unfamiliar,Unfamiliar,Never,1.857,2.5,5.083,92,89,24.167,1.25,0.048,Straight,Southeast,Southeast - Straight,Complex,10.0,User,56.56636165172308,80.1582217987886,266.97,2.0,1.667,4.75,5.667,5.0,5.0,92.286,90.667,96.667,92.5,100.0,90.0,88.333,89.167,9.0,87.857,95.0,10.0
031,Low,2024-8-14,15,24,47,13,15:43:42,15:44:53,126,5259.77,606.88,11901.87,4780.39,5.26,-2.72,15.22,6.02,True,10,10,10,10,23,1,2,Occasionally,Unfamiliar,Unfamiliar,Never,1.857,2.5,5.083,92,89,24.167,1.25,0.05,Straight,Southwest,Southwest - Straight,Complex,10.0,AGV,31.706065809665233,188.89599322639765,113.84,2.0,1.667,4.75,5.667,5.0,5.0,92.286,90.667,96.667,92.5,100.0,90.0,88.333,89.167,9.0,87.857,95.0,10.0
031,Low,2024-8-14,15,24,47,14,15:45:03,15:46:25,157,2949.6,827.33,4703.36,1031.37,2.65,-4.4,15.22,3.88,True,10,10,10,10,23,1,2,Occasionally,Unfamiliar,Unfamiliar,Never,1.857,2.5,5.083,92,89,24.167,1.25,0.054,Diagonal,Southeast,Southeast - Diagonal,Straight,10.0,User,43.89984848717822,103.80516466261483,274.91,2.0,1.667,4.75,5.667,5.0,5.0,92.286,90.667,96.667,92.5,100.0,90.0,88.333,89.167,9.0,87.857,95.0,10.0
031,Low,2024-8-14,15,24,47,15,15:46:34,15:47:37,158,4178.1,730.99,6797.7,1730.74,3.5,-4.43,15.22,4.98,True,10,10,10,10,23,1,2,Occasionally,Unfamiliar,Unfamiliar,Never,1.857,2.5,5.083,92,89,24.167,1.25,0.087,Straight,North,North - Straight,Straight,10.0,AGV,36.98123045416377,154.45533520154015,192.88,2.0,1.667,4.75,5.667,5.0,5.0,92.286,90.667,96.667,92.5,100.0,90.0,88.333,89.167,9.0,87.857,95.0,10.0
031,Low,2024-8-14,15,24,47,16,15:47:44,15:49:08,240,3542.69,1708.08,5585.18,814.09,2.21,-0.01,15.24,4.21,True,10,10,10,10,23,1,2,Occasionally,Unfamiliar,Unfamiliar,Never,1.857,2.5,5.083,92,89,24.167,1.25,0.08,Diagonal,West,West - Diagonal,Complex,10.0,,42.88568838145645,56.463623244415736,162.35,2.0,1.667,4.75,5.667,5.0,5.0,92.286,90.667,96.667,92.5,100.0,90.0,88.333,89.167,9.0,87.857,95.0,10.0
032,High,2024-8-14,17,0,52,1,17:01:11,17:01:44,76,4808.68,489.44,11886.14,3203.26,10.8,-0.04,15.36,5.45,True,9,9,9,9,21,1,2,Occasionally,Moderately experienced,Moderately experienced,Never,2.714,3.333,3.75,83,90,51.667,1.188,0.056,Straight,South,South - Straight,Straight,8.3,AGV,108.32744929106885,368.5029935753276,186.53,2.5,3.0,4.5,3.667,2.667,4.0,83.571,93.333,51.667,97.5,90.0,100.0,83.333,90.417,10.0,90.714,85.0,45.0
032,High,2024-8-14,17,0,52,2,17:01:47,17:02:10,0,2417.02,926.2,4534.18,1076.63,6.67,-0.0,15.21,3.87,True,9,9,9,9,21,1,2,Occasionally,Moderately experienced,Moderately experienced,Never,2.714,3.333,3.75,83,90,51.667,1.188,0.0,Diagonal,North,North - Diagonal,Complex,9.0,User,100.2304381214049,333.82108725040075,175.2,2.5,3.0,4.5,3.667,2.667,4.0,83.571,93.333,51.667,97.5,90.0,100.0,83.333,90.417,10.0,90.714,85.0,45.0
032,High,2024-8-14,17,0,52,3,17:02:14,17:02:44,187,2028.43,453.72,5000.32,1698.74,6.28,-5.56,15.29,6.15,True,9,9,9,9,21,1,2,Occasionally,Moderately experienced,Moderately experienced,Never,2.714,3.333,3.75,83,90,51.667,1.188,0.152,Diagonal,South,South - Diagonal,Complex,9.0,,120.88689867421445,113.08887493279164,203.09,2.5,3.0,4.5,3.667,2.667,4.0,83.571,93.333,51.667,97.5,90.0,100.0,83.333,90.417,10.0,90.714,85.0,45.0
032,High,2024-8-14,17,0,52,4,17:02:46,17:03:08,0,2032.09,780.11,5375.7,1521.37,6.08,-0.0,15.22,3.29,True,9,9,9,9,21,1,2,Occasionally,Moderately experienced,Moderately experienced,Never,2.714,3.333,3.75,83,90,51.667,1.188,0.0,Straight,Northeast,Northeast - Straight,Complex,9.0,User,100.64158872290913,245.05185477131087,150.27,2.5,3.0,4.5,3.667,2.667,4.0,83.571,93.333,51.667,97.5,90.0,100.0,83.333,90.417,10.0,90.714,85.0,45.0
032,High,2024-8-14,17,0,52,5,17:03:14,17:03:54,267,3402.35,899.3,7547.12,1736.38,5.2,-3.39,15.34,4.81,True,9,9,9,9,21,1,2,Occasionally,Moderately experienced,Moderately experienced,Never,2.714,3.333,3.75,83,90,51.667,1.188,0.114,Straight,Northwest,Northwest - Straight,Complex,9.0,User,149.1064586886604,117.86591166405162,232.13,2.5,3.0,4.5,3.667,2.667,4.0,83.571,93.333,51.667,97.5,90.0,100.0,83.333,90.417,10.0,90.714,85.0,45.0
032,High,2024-8-14,17,0,52,6,17:03:58,17:04:22,23,2065.72,750.68,5367.0,1328.62,5.9,-0.0,15.24,3.01,True,9,9,9,9,21,1,2,Occasionally,Moderately experienced,Moderately experienced,Never,2.714,3.333,3.75,83,90,51.667,1.188,0.032,Diagonal,Northwest,Northwest - Diagonal,Complex,9.0,AGV,153.64027740294839,243.29703815870334,253.44,2.5,3.0,4.5,3.667,2.667,4.0,83.571,93.333,51.667,97.5,90.0,100.0,83.333,90.417,10.0,90.714,85.0,45.0
032,High,2024-8-14,17,0,52,7,17:04:29,17:04:57,0,2201.59,1145.76,4824.01,1095.14,6.16,-0.0,15.21,3.14,True,9,9,9,9,21,1,2,Occasionally,Moderately experienced,Moderately experienced,Never,2.714,3.333,3.75,83,90,51.667,1.188,0.0,Straight,East,East - Straight,Straight,9.0,User,107.79876547358245,225.0242247820283,332.07,2.5,3.0,4.5,3.667,2.667,4.0,83.571,93.333,51.667,97.5,90.0,100.0,83.333,90.417,10.0,90.714,85.0,45.0
032,High,2024-8-14,17,0,52,8,17:05:01,17:05:27,0,2574.58,1661.1,4632.06,794.13,5.98,-0.0,15.22,3.13,True,9,9,9,9,21,1,2,Occasionally,Moderately experienced,Moderately experienced,Never,2.714,3.333,3.75,83,90,51.667,1.188,0.0,Diagonal,Southwest,Southwest - Diagonal,Straight,9.0,User,144.6305272712735,278.5594328339739,211.15,2.5,3.0,4.5,3.667,2.667,4.0,83.571,93.333,51.667,97.5,90.0,100.0,83.333,90.417,10.0,90.714,85.0,45.0
032,High,2024-8-14,17,0,52,9,17:05:30,17:05:57,0,3739.81,634.52,7048.05,2040.84,7.99,-4.44,15.22,6.24,True,9,9,9,9,21,1,2,Occasionally,Moderately experienced,Moderately experienced,Never,2.714,3.333,3.75,83,90,51.667,1.188,0.0,Diagonal,Northeast,Northeast - Diagonal,Straight,9.0,User,137.86471355692322,150.99730193808742,234.8,2.5,3.0,4.5,3.667,2.667,4.0,83.571,93.333,51.667,97.5,90.0,100.0,83.333,90.417,10.0,90.714,85.0,45.0
032,High,2024-8-14,17,0,52,10,17:06:00,17:06:33,0,3301.07,723.45,5489.26,1807.95,6.82,-4.46,15.22,6.1,True,9,9,9,9,21,1,2,Occasionally,Moderately experienced,Moderately experienced,Never,2.714,3.333,3.75,83,90,51.667,1.188,0.0,Straight,West,West - Straight,Straight,9.0,User,86.97307343709923,297.756328382785,303.98,2.5,3.0,4.5,3.667,2.667,4.0,83.571,93.333,51.667,97.5,90.0,100.0,83.333,90.417,10.0,90.714,85.0,45.0
032,High,2024-8-14,17,0,52,11,17:06:36,17:07:02,0,3714.59,2097.25,6219.13,1500.96,7.18,-5.36,15.25,5.45,True,9,9,9,9,21,1,2,Occasionally,Moderately experienced,Moderately experienced,Never,2.714,3.333,3.75,83,90,51.667,1.188,0.0,Diagonal,East,East - Diagonal,Complex,9.0,User,142.01220124469856,136.9418845270841,180.6,2.5,3.0,4.5,3.667,2.667,4.0,83.571,93.333,51.667,97.5,90.0,100.0,83.333,90.417,10.0,90.714,85.0,45.0
032,High,2024-8-14,17,0,52,12,17:07:06,17:07:55,0,2778.96,1756.47,4148.65,896.07,4.31,-3.97,15.21,3.51,True,9,9,9,9,21,1,2,Occasionally,Moderately experienced,Moderately experienced,Never,2.714,3.333,3.75,83,90,51.667,1.188,0.0,Straight,Southeast,Southeast - Straight,Complex,9.0,User,121.39169464447409,147.0382302277742,274.71,2.5,3.0,4.5,3.667,2.667,4.0,83.571,93.333,51.667,97.5,90.0,100.0,83.333,90.417,10.0,90.714,85.0,45.0
032,High,2024-8-14,17,0,52,13,17:08:07,17:08:29,0,2277.52,1403.94,3301.93,568.25,5.16,-0.0,12.89,1.63,True,9,9,9,9,21,1,2,Occasionally,Moderately experienced,Moderately experienced,Never,2.714,3.333,3.75,83,90,51.667,1.188,0.0,Straight,Southwest,Southwest - Straight,Complex,9.0,User,101.55237635351422,209.31605349818346,144.91,2.5,3.0,4.5,3.667,2.667,4.0,83.571,93.333,51.667,97.5,90.0,100.0,83.333,90.417,10.0,90.714,85.0,45.0
032,High,2024-8-14,17,0,52,14,17:08:33,17:09:00,0,2269.87,1161.21,4700.12,1000.03,6.02,-0.0,15.22,3.18,True,9,9,9,9,21,1,2,Occasionally,Moderately experienced,Moderately experienced,Never,2.714,3.333,3.75,83,90,51.667,1.188,0.0,Diagonal,Southeast,Southeast - Diagonal,Straight,9.0,User,133.9930326696098,205.7001720861443,220.98,2.5,3.0,4.5,3.667,2.667,4.0,83.571,93.333,51.667,97.5,90.0,100.0,83.333,90.417,10.0,90.714,85.0,45.0
032,High,2024-8-14,17,0,52,15,17:09:03,17:09:26,87,2768.23,949.27,6808.91,1885.83,6.82,-0.0,15.22,3.9,True,9,9,9,9,21,1,2,Occasionally,Moderately experienced,Moderately experienced,Never,2.714,3.333,3.75,83,90,51.667,1.188,0.115,Straight,North,North - Straight,Straight,9.0,User,102.36050486438762,182.99300560018753,182.16,2.5,3.0,4.5,3.667,2.667,4.0,83.571,93.333,51.667,97.5,90.0,100.0,83.333,90.417,10.0,90.714,85.0,45.0
032,High,2024-8-14,17,0,52,16,17:09:29,17:10:00,192,2560.43,543.11,5563.86,1504.09,6.09,-0.75,15.25,6.17,True,9,9,9,9,21,1,2,Occasionally,Moderately experienced,Moderately experienced,Never,2.714,3.333,3.75,83,90,51.667,1.188,0.114,Diagonal,West,West - Diagonal,Complex,9.0,,117.90918757636548,138.64037173662894,218.36,2.5,3.0,4.5,3.667,2.667,4.0,83.571,93.333,51.667,97.5,90.0,100.0,83.333,90.417,10.0,90.714,85.0,45.0
032,Low,2024-8-14,16,36,38,1,16:37:01,16:38:19,920,7072.33,370.77,12360.92,4328.78,6.01,-3.41,15.24,6.59,True,9,10,10,6,21,1,2,Occasionally,Moderately experienced,Moderately experienced,Never,2.714,3.333,3.75,78,85,55.833,1.125,0.212,Straight,South,South - Straight,Straight,,User,47.66452872437105,89.5290120548005,282.64,2.5,3.0,4.5,3.667,2.667,4.0,78.929,78.333,56.667,95.0,100.0,92.5,75.0,85.417,16.0,86.429,80.0,51.0
032,Low,2024-8-14,16,36,38,2,16:38:25,16:39:19,0,2236.56,782.71,4531.44,1051.32,4.09,-3.54,15.21,3.69,True,10,10,10,10,21,1,2,Occasionally,Moderately experienced,Moderately experienced,Never,2.714,3.333,3.75,78,85,55.833,1.125,0.068,Diagonal,North,North - Diagonal,Complex,9.0,User,42.88125794041754,170.85141584306308,152.8,2.5,3.0,4.5,3.667,2.667,4.0,78.929,78.333,56.667,95.0,100.0,92.5,75.0,85.417,16.0,86.429,80.0,51.0
032,Low,2024-8-14,16,36,38,3,16:39:24,16:40:30,426,3665.61,685.24,5582.16,1772.08,2.85,-5.62,15.21,4.1,True,10,10,10,10,21,1,2,Occasionally,Moderately experienced,Moderately experienced,Never,2.714,3.333,3.75,78,85,55.833,1.125,0.129,Diagonal,South,South - Diagonal,Complex,10.0,,55.27678831505954,103.57537961165191,66.88,2.5,3.0,4.5,3.667,2.667,4.0,78.929,78.333,56.667,95.0,100.0,92.5,75.0,85.417,16.0,86.429,80.0,51.0
032,Low,2024-8-14,16,36,38,4,16:40:35,16:41:38,1366,5153.33,220.0,11876.25,4650.34,5.82,-3.31,15.22,6.57,True,9,9,9,6,21,1,2,Occasionally,Moderately experienced,Moderately experienced,Never,2.714,3.333,3.75,78,85,55.833,1.125,0.342,Straight,Northeast,Northeast - Straight,Complex,10.0,AGV,35.32800357094398,210.41040743465817,655.11,2.5,3.0,4.5,3.667,2.667,4.0,78.929,78.333,56.667,95.0,100.0,92.5,75.0,85.417,16.0,86.429,80.0,51.0
032,Low,2024-8-14,16,36,38,5,16:41:48,16:42:48,24,3802.52,2293.98,7515.17,1110.03,3.15,-0.18,15.33,5.03,True,10,10,10,10,21,1,2,Occasionally,Moderately experienced,Moderately experienced,Never,2.714,3.333,3.75,78,85,55.833,1.125,0.031,Straight,Northwest,Northwest - Straight,Complex,9.0,User,100.48071830872587,59.017276986540814,420.85,2.5,3.0,4.5,3.667,2.667,4.0,78.929,78.333,56.667,95.0,100.0,92.5,75.0,85.417,16.0,86.429,80.0,51.0
032,Low,2024-8-14,16,36,38,6,16:42:52,16:43:37,169,3075.16,1612.04,5366.43,921.59,4.24,-3.34,15.22,5.03,True,10,10,10,10,21,1,2,Occasionally,Moderately experienced,Moderately experienced,Never,2.714,3.333,3.75,78,85,55.833,1.125,0.058,Diagonal,Northwest,Northwest - Diagonal,Complex,10.0,AGV,79.28608856886196,122.09824909494661,277.01,2.5,3.0,4.5,3.667,2.667,4.0,78.929,78.333,56.667,95.0,100.0,92.5,75.0,85.417,16.0,86.429,80.0,51.0
032,Low,2024-8-14,16,36,38,7,16:43:44,16:44:16,278,2796.92,516.09,5382.5,1865.14,6.86,-4.5,15.21,6.37,True,10,10,10,10,21,1,2,Occasionally,Moderately experienced,Moderately experienced,Never,2.714,3.333,3.75,78,85,55.833,1.125,0.194,Straight,East,East - Straight,Straight,10.0,AGV,88.77647261426253,306.0371214281718,331.81,2.5,3.0,4.5,3.667,2.667,4.0,78.929,78.333,56.667,95.0,100.0,92.5,75.0,85.417,16.0,86.429,80.0,51.0
032,Low,2024-8-14,16,36,38,8,16:44:21,16:44:53,0,2184.08,1529.33,4610.65,834.98,5.74,-0.0,15.21,2.73,True,10,10,10,10,21,1,2,Occasionally,Moderately experienced,Moderately experienced,Never,2.714,3.333,3.75,78,85,55.833,1.125,0.0,Diagonal,Southwest,Southwest - Diagonal,Straight,10.0,User,116.49093406700155,278.3942313538529,150.63,2.5,3.0,4.5,3.667,2.667,4.0,78.929,78.333,56.667,95.0,100.0,92.5,75.0,85.417,16.0,86.429,80.0,51.0
032,Low,2024-8-14,16,36,38,9,16:44:58,16:45:33,169,3921.54,765.98,7066.1,1930.51,6.16,-4.46,15.22,5.72,True,10,10,10,10,21,1,2,Occasionally,Moderately experienced,Moderately experienced,Never,2.714,3.333,3.75,78,85,55.833,1.125,0.132,Diagonal,Northeast,Northeast - Diagonal,Straight,10.0,User,105.18142428966357,229.29276201095212,198.14,2.5,3.0,4.5,3.667,2.667,4.0,78.929,78.333,56.667,95.0,100.0,92.5,75.0,85.417,16.0,86.429,80.0,51.0
032,Low,2024-8-14,16,36,38,10,16:45:36,16:46:22,327,3457.85,546.78,5490.62,1834.91,4.83,-4.43,15.22,4.93,True,10,10,10,10,21,1,2,Occasionally,Moderately experienced,Moderately experienced,Never,2.714,3.333,3.75,78,85,55.833,1.125,0.109,Straight,West,West - Straight,Straight,10.0,AGV,62.85953801369103,25.69159153033944,206.0,2.5,3.0,4.5,3.667,2.667,4.0,78.929,78.333,56.667,95.0,100.0,92.5,75.0,85.417,16.0,86.429,80.0,51.0
032,Low,2024-8-14,16,36,38,11,16:46:30,16:47:02,0,3741.44,1571.07,6192.92,1719.53,5.99,-5.4,15.22,5.25,True,10,10,10,10,21,1,2,Occasionally,Moderately experienced,Moderately experienced,Never,2.714,3.333,3.75,78,85,55.833,1.125,0.0,Diagonal,East,East - Diagonal,Complex,10.0,AGV,113.50644905417141,197.46412864837825,241.98,2.5,3.0,4.5,3.667,2.667,4.0,78.929,78.333,56.667,95.0,100.0,92.5,75.0,85.417,16.0,86.429,80.0,51.0
032,Low,2024-8-14,16,36,38,12,16:47:07,16:48:17,359,2625.97,593.66,4168.44,1187.01,3.01,-2.27,9.96,2.63,True,10,10,10,10,21,1,2,Occasionally,Moderately experienced,Moderately experienced,Never,2.714,3.333,3.75,78,85,55.833,1.125,0.092,Straight,Southeast,Southeast - Straight,Complex,10.0,User,85.62082807441129,112.18179684100258,203.13,2.5,3.0,4.5,3.667,2.667,4.0,78.929,78.333,56.667,95.0,100.0,92.5,75.0,85.417,16.0,86.429,80.0,51.0
032,Low,2024-8-14,16,36,38,13,16:48:23,16:48:48,0,2094.95,1333.23,3275.6,532.2,5.25,-0.0,11.28,1.49,True,10,10,10,10,21,1,2,Occasionally,Moderately experienced,Moderately experienced,Never,2.714,3.333,3.75,78,85,55.833,1.125,0.0,Straight,Southwest,Southwest - Straight,Complex,10.0,AGV,89.523755098914,199.7534935442271,176.14,2.5,3.0,4.5,3.667,2.667,4.0,78.929,78.333,56.667,95.0,100.0,92.5,75.0,85.417,16.0,86.429,80.0,51.0
032,Low,2024-8-14,16,36,38,14,16:48:50,16:49:22,0,2053.33,1124.71,4733.27,995.63,5.87,-0.0,15.21,2.93,True,10,10,10,10,21,1,2,Occasionally,Moderately experienced,Moderately experienced,Never,2.714,3.333,3.75,78,85,55.833,1.125,0.0,Diagonal,Southeast,Southeast - Diagonal,Straight,10.0,User,111.33569283572682,278.7621471465447,155.23,2.5,3.0,4.5,3.667,2.667,4.0,78.929,78.333,56.667,95.0,100.0,92.5,75.0,85.417,16.0,86.429,80.0,51.0
032,Low,2024-8-14,16,36,38,15,16:49:26,16:49:52,0,3135.18,846.65,6794.1,1847.71,8.43,-4.0,15.23,4.84,True,10,10,10,10,21,1,2,Occasionally,Moderately experienced,Moderately experienced,Never,2.714,3.333,3.75,78,85,55.833,1.125,0.0,Straight,North,North - Straight,Straight,10.0,User,88.43638004203724,207.42994257457707,153.61,2.5,3.0,4.5,3.667,2.667,4.0,78.929,78.333,56.667,95.0,100.0,92.5,75.0,85.417,16.0,86.429,80.0,51.0
032,Low,2024-8-14,16,36,38,16,16:49:55,16:50:31,391,2766.04,1021.91,5541.16,1236.46,5.18,-0.08,15.23,4.61,True,10,10,10,10,21,1,2,Occasionally,Moderately experienced,Moderately experienced,Never,2.714,3.333,3.75,78,85,55.833,1.125,0.171,Diagonal,West,West - Diagonal,Complex,10.0,,100.25997936755428,121.65856678274979,148.35,2.5,3.0,4.5,3.667,2.667,4.0,78.929,78.333,56.667,95.0,100.0,92.5,75.0,85.417,16.0,86.429,80.0,51.0
033,High,2024-8-15,10,37,16,1,10:37:52,10:39:31,861,7441.18,316.24,12371.86,4132.81,4.74,-2.3,15.27,6.31,True,7,7,7,9,40,1,2,Never,Unfamiliar,Unfamiliar,Never,3.286,2.833,5.667,63,78,41.0,1.0,0.147,Straight,South,South - Straight,Straight,,AGV,37.00465715091755,61.67820778401173,123.89,4.0,2.333,6.25,4.667,6.667,4.5,63.571,75.667,35.0,80.0,50.0,69.0,70.0,78.417,4.6,66.286,100.0,29.2
033,High,2024-8-15,10,37,16,2,10:39:47,10:40:57,0,2447.47,908.21,4493.84,969.51,3.11,-3.65,15.21,3.42,True,7,7,8,8,40,1,2,Never,Unfamiliar,Unfamiliar,Never,3.286,2.833,5.667,63,78,41.0,1.0,0.024,Diagonal,North,North - Diagonal,Complex,7.0,User,33.67854699602064,130.0959873820764,94.11,4.0,2.333,6.25,4.667,6.667,4.5,63.571,75.667,35.0,80.0,50.0,69.0,70.0,78.417,4.6,66.286,100.0,29.2
033,High,2024-8-15,10,37,16,3,10:41:09,10:42:31,609,4159.56,824.42,6085.84,1612.96,2.29,-5.45,15.23,4.13,True,7,7,7,5,40,1,2,Never,Unfamiliar,Unfamiliar,Never,3.286,2.833,5.667,63,78,41.0,1.0,0.178,Diagonal,South,South - Diagonal,Complex,7.0,,44.843408088438544,83.32163518853778,187.26,4.0,2.333,6.25,4.667,6.667,4.5,63.571,75.667,35.0,80.0,50.0,69.0,70.0,78.417,4.6,66.286,100.0,29.2
033,High,2024-8-15,10,37,16,4,10:42:42,10:43:51,648,7395.74,925.45,11862.66,4504.2,5.37,-3.43,15.22,5.94,True,8,8,8,10,40,1,2,Never,Unfamiliar,Unfamiliar,Never,3.286,2.833,5.667,63,78,41.0,1.0,0.17,Straight,Northeast,Northeast - Straight,Complex,7.0,AGV,32.211102502483506,160.06886967355126,209.1,4.0,2.333,6.25,4.667,6.667,4.5,63.571,75.667,35.0,80.0,50.0,69.0,70.0,78.417,4.6,66.286,100.0,29.2
033,High,2024-8-15,10,37,16,5,10:44:21,10:45:52,240,3825.53,2640.93,7525.25,875.85,2.09,-0.06,15.35,4.99,True,8,8,8,10,40,1,2,Never,Unfamiliar,Unfamiliar,Never,3.286,2.833,5.667,63,78,41.0,1.0,0.089,Straight,Northwest,Northwest - Straight,Complex,8.0,AGV,64.87309645730832,51.597427352748355,269.28,4.0,2.333,6.25,4.667,6.667,4.5,63.571,75.667,35.0,80.0,50.0,69.0,70.0,78.417,4.6,66.286,100.0,29.2
033,High,2024-8-15,10,37,16,6,10:46:02,10:47:18,700,3109.87,1521.97,5375.32,784.48,2.52,-4.59,15.23,4.07,True,8,8,8,10,40,1,2,Never,Unfamiliar,Unfamiliar,Never,3.286,2.833,5.667,63,78,41.0,1.0,0.186,Diagonal,Northwest,Northwest - Diagonal,Complex,8.0,AGV,48.82544731488535,86.61992416701874,345.69,4.0,2.333,6.25,4.667,6.667,4.5,63.571,75.667,35.0,80.0,50.0,69.0,70.0,78.417,4.6,66.286,100.0,29.2
033,High,2024-8-15,10,37,16,7,10:47:29,10:48:32,984,3807.74,777.38,5472.87,1845.32,3.45,-4.4,15.22,4.39,True,8,8,8,8,40,1,2,Never,Unfamiliar,Unfamiliar,Never,3.286,2.833,5.667,63,78,41.0,1.0,0.28,Straight,East,East - Straight,Straight,8.0,AGV,45.186830162144126,147.70302919719907,620.8,4.0,2.333,6.25,4.667,6.667,4.5,63.571,75.667,35.0,80.0,50.0,69.0,70.0,78.417,4.6,66.286,100.0,29.2
033,High,2024-8-15,10,37,16,8,10:48:44,10:50:00,844,2654.74,747.12,4592.39,1038.67,2.87,-4.0,15.21,3.47,True,8,8,8,7,40,1,2,Never,Unfamiliar,Unfamiliar,Never,3.286,2.833,5.667,63,78,41.0,1.0,0.193,Diagonal,Southwest,Southwest - Diagonal,Straight,8.0,AGV,48.56253382171267,96.4005044815171,294.36,4.0,2.333,6.25,4.667,6.667,4.5,63.571,75.667,35.0,80.0,50.0,69.0,70.0,78.417,4.6,66.286,100.0,29.2
033,High,2024-8-15,10,37,16,9,10:50:11,10:51:28,739,4395.8,930.86,7036.77,1662.32,2.88,-4.4,15.22,4.54,True,8,8,8,8,40,1,2,Never,Unfamiliar,Unfamiliar,Never,3.286,2.833,5.667,63,78,41.0,1.0,0.186,Diagonal,Northeast,Northeast - Diagonal,Straight,8.0,AGV,48.07586958082237,121.88387586819643,508.15,4.0,2.333,6.25,4.667,6.667,4.5,63.571,75.667,35.0,80.0,50.0,69.0,70.0,78.417,4.6,66.286,100.0,29.2
033,High,2024-8-15,10,37,16,10,10:51:38,10:52:45,301,4107.63,1202.19,5494.27,1676.62,3.33,-4.38,15.22,4.56,True,9,9,9,10,40,1,2,Never,Unfamiliar,Unfamiliar,Never,3.286,2.833,5.667,63,78,41.0,1.0,0.108,Straight,West,West - Straight,Straight,8.0,AGV,42.54335188023844,91.00877008866574,251.07,4.0,2.333,6.25,4.667,6.667,4.5,63.571,75.667,35.0,80.0,50.0,69.0,70.0,78.417,4.6,66.286,100.0,29.2
033,High,2024-8-15,10,37,16,11,10:52:52,10:54:15,937,4198.65,321.52,6221.21,2247.78,2.31,-5.4,15.22,4.48,True,8,8,8,8,40,1,2,Never,Unfamiliar,Unfamiliar,Never,3.286,2.833,5.667,63,78,41.0,1.0,0.206,Diagonal,East,East - Diagonal,Complex,9.0,AGV,44.55977966914094,73.25995101423067,1280.2,4.0,2.333,6.25,4.667,6.667,4.5,63.571,75.667,35.0,80.0,50.0,69.0,70.0,78.417,4.6,66.286,100.0,29.2
033,High,2024-8-15,10,37,16,12,10:54:29,10:56:04,705,2955.45,1038.24,4139.88,1203.38,2.23,-3.68,12.16,2.66,True,9,9,9,10,40,1,2,Never,Unfamiliar,Unfamiliar,Never,3.286,2.833,5.667,63,78,41.0,1.0,0.204,Straight,Southeast,Southeast - Straight,Complex,8.0,User,63.02962653281744,75.57899166328235,547.75,4.0,2.333,6.25,4.667,6.667,4.5,63.571,75.667,35.0,80.0,50.0,69.0,70.0,78.417,4.6,66.286,100.0,29.2
033,High,2024-8-15,10,37,16,13,10:56:13,10:57:20,665,5980.74,490.59,11875.33,4712.24,5.52,-3.34,15.22,5.31,True,8,9,9,10,40,1,2,Never,Unfamiliar,Unfamiliar,Never,3.286,2.833,5.667,63,78,41.0,1.0,0.138,Straight,Southwest,Southwest - Straight,Complex,9.0,AGV,33.945707225977124,164.3548103135141,98.66,4.0,2.333,6.25,4.667,6.667,4.5,63.571,75.667,35.0,80.0,50.0,69.0,70.0,78.417,4.6,66.286,100.0,29.2
033,High,2024-8-15,10,37,16,14,10:57:39,10:58:49,586,2525.62,682.72,4701.85,1035.7,3.13,-3.85,15.21,3.58,True,9,9,9,10,40,1,2,Never,Unfamiliar,Unfamiliar,Never,3.286,2.833,5.667,63,78,41.0,1.0,0.159,Diagonal,Southeast,Southeast - Diagonal,Straight,8.0,AGV,51.84536130693502,138.95846154334134,415.8,4.0,2.333,6.25,4.667,6.667,4.5,63.571,75.667,35.0,80.0,50.0,69.0,70.0,78.417,4.6,66.286,100.0,29.2
033,High,2024-8-15,10,37,16,15,10:59:02,11:00:01,376,4231.76,793.58,6794.46,1782.97,3.68,-4.41,15.21,5.01,True,9,9,9,10,40,1,2,Never,Unfamiliar,Unfamiliar,Never,3.286,2.833,5.667,63,78,41.0,1.0,0.164,Straight,North,North - Straight,Straight,9.0,AGV,39.48939013696645,76.34165675351927,171.72,4.0,2.333,6.25,4.667,6.667,4.5,63.571,75.667,35.0,80.0,50.0,69.0,70.0,78.417,4.6,66.286,100.0,29.2
033,High,2024-8-15,10,37,16,16,11:00:14,11:01:21,449,3139.85,1395.29,5552.72,897.02,2.84,-0.13,15.21,4.22,True,9,9,9,10,40,1,2,Never,Unfamiliar,Unfamiliar,Never,3.286,2.833,5.667,63,78,41.0,1.0,0.191,Diagonal,West,West - Diagonal,Complex,9.0,,53.090733274464206,93.54107709042175,151.33,4.0,2.333,6.25,4.667,6.667,4.5,63.571,75.667,35.0,80.0,50.0,69.0,70.0,78.417,4.6,66.286,100.0,29.2
033,Low,2024-8-15,11,28,17,1,11:28:45,11:29:58,814,7070.32,320.39,12079.71,3972.48,6.39,-3.37,15.22,6.67,True,8,8,8,8,40,1,2,Never,Unfamiliar,Unfamiliar,Never,3.286,2.833,5.667,80,96,49.333,1.062,0.202,Straight,South,South - Straight,Straight,8.0,AGV,51.014097505626395,108.24924919514686,111.7,4.0,2.333,6.25,4.667,6.667,4.5,80.071,100.0,33.333,95.0,100.0,98.0,78.333,96.917,1.0,95.429,100.0,39.2
033,Low,2024-8-15,11,28,17,2,11:30:08,11:31:14,0,2619.84,997.56,4521.1,916.03,3.34,-4.45,15.23,4.12,True,9,8,8,10,40,1,2,Never,Unfamiliar,Unfamiliar,Never,3.286,2.833,5.667,80,96,49.333,1.062,0.12,Diagonal,North,North - Diagonal,Complex,8.0,User,35.381292903116154,142.3331628688559,168.05,4.0,2.333,6.25,4.667,6.667,4.5,80.071,100.0,33.333,95.0,100.0,98.0,78.333,96.917,1.0,95.429,100.0,39.2
033,Low,2024-8-15,11,28,17,3,11:31:23,11:32:29,595,3393.45,655.87,5041.66,1768.73,2.86,-5.51,15.33,3.85,True,9,9,9,10,40,1,2,Never,Unfamiliar,Unfamiliar,Never,3.286,2.833,5.667,80,96,49.333,1.062,0.176,Diagonal,South,South - Diagonal,Complex,9.0,,55.01787524872922,99.61769202563845,268.78,4.0,2.333,6.25,4.667,6.667,4.5,80.071,100.0,33.333,95.0,100.0,98.0,78.333,96.917,1.0,95.429,100.0,39.2
033,Low,2024-8-15,11,28,17,4,11:32:37,11:33:36,765,6018.32,483.29,11795.16,4653.37,6.33,-3.67,15.22,6.85,True,9,8,10,10,40,1,2,Never,Unfamiliar,Unfamiliar,Never,3.286,2.833,5.667,80,96,49.333,1.062,0.246,Straight,Northeast,Northeast - Straight,Complex,9.0,AGV,38.13447932044993,198.97733521371322,243.74,4.0,2.333,6.25,4.667,6.667,4.5,80.071,100.0,33.333,95.0,100.0,98.0,78.333,96.917,1.0,95.429,100.0,39.2
033,Low,2024-8-15,11,28,17,5,11:33:42,11:34:51,312,3403.31,1202.73,7623.99,1257.05,3.03,-4.94,15.32,4.69,True,9,9,9,10,40,1,2,Never,Unfamiliar,Unfamiliar,Never,3.286,2.833,5.667,80,96,49.333,1.062,0.101,Straight,Northwest,Northwest - Straight,Complex,9.0,User,87.49690196515431,67.67284534251311,169.96,4.0,2.333,6.25,4.667,6.667,4.5,80.071,100.0,33.333,95.0,100.0,98.0,78.333,96.917,1.0,95.429,100.0,39.2
033,Low,2024-8-15,11,28,17,6,11:35:02,11:35:58,425,2703.69,487.87,5319.76,1174.35,3.46,-2.88,15.22,4.15,True,9,9,9,10,40,1,2,Never,Unfamiliar,Unfamiliar,Never,3.286,2.833,5.667,80,96,49.333,1.062,0.143,Diagonal,Northwest,Northwest - Diagonal,Complex,9.0,AGV,64.6554696832606,100.33339844289742,133.81,4.0,2.333,6.25,4.667,6.667,4.5,80.071,100.0,33.333,95.0,100.0,98.0,78.333,96.917,1.0,95.429,100.0,39.2
033,Low,2024-8-15,11,28,17,7,11:36:05,11:36:54,371,3572.82,480.35,5477.59,2045.81,4.51,-4.56,15.22,6.09,True,9,9,9,10,40,1,2,Never,Unfamiliar,Unfamiliar,Never,3.286,2.833,5.667,80,96,49.333,1.062,0.143,Straight,East,East - Straight,Straight,9.0,AGV,58.72867687559605,199.89168756133887,202.7,4.0,2.333,6.25,4.667,6.667,4.5,80.071,100.0,33.333,95.0,100.0,98.0,78.333,96.917,1.0,95.429,100.0,39.2
033,Low,2024-8-15,11,28,17,8,11:37:02,11:37:55,241,2624.03,574.28,4635.12,1182.13,4.12,-4.49,15.22,5.72,True,9,9,9,10,40,1,2,Never,Unfamiliar,Unfamiliar,Never,3.286,2.833,5.667,80,96,49.333,1.062,0.076,Diagonal,Southwest,Southwest - Diagonal,Straight,9.0,User,70.383661797042,64.39774228298401,463.56,4.0,2.333,6.25,4.667,6.667,4.5,80.071,100.0,33.333,95.0,100.0,98.0,78.333,96.917,1.0,95.429,100.0,39.2
033,Low,2024-8-15,11,28,17,9,11:38:07,11:39:08,484,4389.06,566.52,7037.28,1805.29,3.62,-4.46,15.22,5.14,True,9,9,9,10,40,1,2,Never,Unfamiliar,Unfamiliar,Never,3.286,2.833,5.667,80,96,49.333,1.062,0.132,Diagonal,Northeast,Northeast - Diagonal,Straight,9.0,User,61.626758691126945,103.26349350944798,143.89,4.0,2.333,6.25,4.667,6.667,4.5,80.071,100.0,33.333,95.0,100.0,98.0,78.333,96.917,1.0,95.429,100.0,39.2
033,Low,2024-8-15,11,28,17,10,11:39:15,11:40:22,447,4214.33,1170.21,5507.27,1657.67,3.28,-4.43,15.22,4.75,True,9,9,9,10,40,1,2,Never,Unfamiliar,Unfamiliar,Never,3.286,2.833,5.667,80,96,49.333,1.062,0.094,Straight,West,West - Straight,Straight,9.0,AGV,41.803018772279074,146.4032808572673,336.29,4.0,2.333,6.25,4.667,6.667,4.5,80.071,100.0,33.333,95.0,100.0,98.0,78.333,96.917,1.0,95.429,100.0,39.2
033,Low,2024-8-15,11,28,17,11,11:40:41,11:41:56,373,4777.27,576.0,6163.79,2067.32,2.55,-5.56,15.22,4.94,True,10,9,9,10,40,1,2,Never,Unfamiliar,Unfamiliar,Never,3.286,2.833,5.667,80,96,49.333,1.062,0.083,Diagonal,East,East - Diagonal,Complex,9.0,AGV,48.18626408429688,81.58521770107862,400.62,4.0,2.333,6.25,4.667,6.667,4.5,80.071,100.0,33.333,95.0,100.0,98.0,78.333,96.917,1.0,95.429,100.0,39.2
033,Low,2024-8-15,11,28,17,12,11:42:05,11:43:23,321,2900.07,577.62,4138.25,1364.42,2.7,-3.33,15.28,4.11,True,10,9,9,10,40,1,2,Never,Unfamiliar,Unfamiliar,Never,3.286,2.833,5.667,80,96,49.333,1.062,0.074,Straight,Southeast,Southeast - Straight,Complex,10.0,User,76.56718452360852,99.51705048836722,951.46,4.0,2.333,6.25,4.667,6.667,4.5,80.071,100.0,33.333,95.0,100.0,98.0,78.333,96.917,1.0,95.429,100.0,39.2
033,Low,2024-8-15,11,28,17,13,11:43:53,11:44:38,0,3845.21,1188.17,11874.57,3199.22,8.11,-3.96,15.22,4.82,True,10,9,9,10,40,1,2,Never,Unfamiliar,Unfamiliar,Never,3.286,2.833,5.667,80,96,49.333,1.062,0.0,Straight,Southwest,Southwest - Straight,Complex,10.0,User,49.4129836198874,262.3093710973386,130.15,4.0,2.333,6.25,4.667,6.667,4.5,80.071,100.0,33.333,95.0,100.0,98.0,78.333,96.917,1.0,95.429,100.0,39.2
033,Low,2024-8-15,11,28,17,14,11:44:47,11:45:38,55,2263.58,801.25,4724.23,1086.53,4.28,-3.77,15.2,3.53,True,10,10,10,10,40,1,2,Never,Unfamiliar,Unfamiliar,Never,3.286,2.833,5.667,80,96,49.333,1.062,0.032,Diagonal,Southeast,Southeast - Diagonal,Straight,10.0,User,69.46826394003374,139.55888283435684,320.78,4.0,2.333,6.25,4.667,6.667,4.5,80.071,100.0,33.333,95.0,100.0,98.0,78.333,96.917,1.0,95.429,100.0,39.2
033,Low,2024-8-15,11,28,17,15,11:45:48,11:46:35,232,4264.47,750.22,6781.48,1782.39,4.65,-4.55,15.22,5.63,True,10,10,10,10,40,1,2,Never,Unfamiliar,Unfamiliar,Never,3.286,2.833,5.667,80,96,49.333,1.062,0.143,Straight,North,North - Straight,Straight,10.0,User,49.1472505146101,193.4577627316103,206.52,4.0,2.333,6.25,4.667,6.667,4.5,80.071,100.0,33.333,95.0,100.0,98.0,78.333,96.917,1.0,95.429,100.0,39.2
033,Low,2024-8-15,11,28,17,16,11:46:44,11:47:38,418,2932.91,794.09,5590.89,1145.54,3.47,-0.1,15.22,4.31,True,10,10,10,10,40,1,2,Never,Unfamiliar,Unfamiliar,Never,3.286,2.833,5.667,80,96,49.333,1.062,0.172,Diagonal,West,West - Diagonal,Complex,10.0,,66.59319914123878,116.02056609573671,140.4,4.0,2.333,6.25,4.667,6.667,4.5,80.071,100.0,33.333,95.0,100.0,98.0,78.333,96.917,1.0,95.429,100.0,39.2
034,High,2024-8-15,14,48,13,1,14:48:41,14:49:41,633,6622.84,354.17,12472.85,4526.76,7.79,-1.72,15.25,6.49,True,6,8,8,5,22,2,5,Very rarely,Very Inexperienced,Very Inexperienced,Never,2.429,3.5,4.417,81,85,45.833,1.125,0.239,Straight,South,South - Straight,Straight,8.1,AGV,61.99749031851657,148.92464391185166,152.05,2.75,2.0,4.75,4.333,4.0,4.5,81.571,98.0,37.667,89.0,95.0,92.5,92.333,85.25,6.0,79.0,95.0,36.0
034,High,2024-8-15,14,48,13,2,14:49:48,14:50:30,0,2169.49,969.88,4503.31,938.7,5.18,-3.91,15.21,3.17,True,9,10,10,10,22,2,5,Very rarely,Very Inexperienced,Very Inexperienced,Never,2.429,3.5,4.417,81,85,45.833,1.125,0.0,Diagonal,North,North - Diagonal,Complex,6.0,User,56.09322846203143,225.2908322562551,105.61,2.75,2.0,4.75,4.333,4.0,4.5,81.571,98.0,37.667,89.0,95.0,92.5,92.333,85.25,6.0,79.0,95.0,36.0
034,High,2024-8-15,14,48,13,3,14:50:35,14:51:27,642,2911.88,570.49,5005.48,1835.89,3.62,-5.47,15.23,3.87,True,10,10,9,9,22,2,5,Very rarely,Very Inexperienced,Very Inexperienced,Never,2.429,3.5,4.417,81,85,45.833,1.125,0.172,Diagonal,South,South - Diagonal,Complex,9.0,,70.24758439620118,84.83168738728442,187.29,2.75,2.0,4.75,4.333,4.0,4.5,81.571,98.0,37.667,89.0,95.0,92.5,92.333,85.25,6.0,79.0,95.0,36.0
034,High,2024-8-15,14,48,13,4,14:51:32,14:52:28,946,6918.54,550.12,11869.38,4531.79,6.61,-3.14,15.22,6.65,True,8,9,8,7,22,2,5,Very rarely,Very Inexperienced,Very Inexperienced,Never,2.429,3.5,4.417,81,85,45.833,1.125,0.27,Straight,Northeast,Northeast - Straight,Complex,10.0,AGV,40.19914527310486,236.50024027600492,136.67,2.75,2.0,4.75,4.333,4.0,4.5,81.571,98.0,37.667,89.0,95.0,92.5,92.333,85.25,6.0,79.0,95.0,36.0
034,High,2024-8-15,14,48,13,5,14:52:35,14:53:49,330,3463.36,1447.31,7588.86,1184.31,2.85,-3.87,15.23,4.57,True,9,9,8,9,22,2,5,Very rarely,Very Inexperienced,Very Inexperienced,Never,2.429,3.5,4.417,81,85,45.833,1.125,0.1,Straight,Northwest,Northwest - Straight,Complex,8.0,AGV,81.07355098082603,48.04906227376657,172.87,2.75,2.0,4.75,4.333,4.0,4.5,81.571,98.0,37.667,89.0,95.0,92.5,92.333,85.25,6.0,79.0,95.0,36.0
034,High,2024-8-15,14,48,13,6,14:53:55,14:54:46,714,2741.71,821.86,5348.85,1111.35,3.74,-3.56,15.23,4.19,True,10,9,10,10,22,2,5,Very rarely,Very Inexperienced,Very Inexperienced,Never,2.429,3.5,4.417,81,85,45.833,1.125,0.241,Diagonal,Northwest,Northwest - Diagonal,Complex,9.0,AGV,71.2249247451894,128.8108147718152,186.53,2.75,2.0,4.75,4.333,4.0,4.5,81.571,98.0,37.667,89.0,95.0,92.5,92.333,85.25,6.0,79.0,95.0,36.0
034,High,2024-8-15,14,48,13,7,14:54:54,14:55:38,516,3193.76,620.68,5465.94,1833.71,4.93,-4.4,15.21,4.65,True,10,10,10,10,22,2,5,Very rarely,Very Inexperienced,Very Inexperienced,Never,2.429,3.5,4.417,81,85,45.833,1.125,0.208,Straight,East,East - Straight,Straight,10.0,AGV,64.71302527262125,86.8793443032518,129.91,2.75,2.0,4.75,4.333,4.0,4.5,81.571,98.0,37.667,89.0,95.0,92.5,92.333,85.25,6.0,79.0,95.0,36.0
034,High,2024-8-15,14,48,13,8,14:55:46,14:56:38,0,2549.45,726.77,4599.01,1183.43,4.27,-4.38,15.23,5.26,True,10,10,10,10,22,2,5,Very rarely,Very Inexperienced,Very Inexperienced,Never,2.429,3.5,4.417,81,85,45.833,1.125,0.0,Diagonal,Southwest,Southwest - Diagonal,Straight,10.0,AGV,71.83529119398197,187.7575938231339,95.1,2.75,2.0,4.75,4.333,4.0,4.5,81.571,98.0,37.667,89.0,95.0,92.5,92.333,85.25,6.0,79.0,95.0,36.0
034,High,2024-8-15,14,48,13,9,14:56:45,14:57:35,558,4075.08,549.47,7045.23,1918.57,4.35,-4.42,15.22,5.23,True,10,9,10,10,22,2,5,Very rarely,Very Inexperienced,Very Inexperienced,Never,2.429,3.5,4.417,81,85,45.833,1.125,0.193,Diagonal,Northeast,Northeast - Diagonal,Straight,10.0,User,75.10567912225278,163.07557862816265,168.5,2.75,2.0,4.75,4.333,4.0,4.5,81.571,98.0,37.667,89.0,95.0,92.5,92.333,85.25,6.0,79.0,95.0,36.0
034,High,2024-8-15,14,48,13,10,14:57:42,14:58:35,461,3623.75,724.58,5489.44,1817.48,4.22,-4.4,15.24,4.75,True,10,10,10,10,22,2,5,Very rarely,Very Inexperienced,Very Inexperienced,Never,2.429,3.5,4.417,81,85,45.833,1.125,0.138,Straight,West,West - Straight,Straight,10.0,AGV,53.7037734169849,123.51324198193691,161.81,2.75,2.0,4.75,4.333,4.0,4.5,81.571,98.0,37.667,89.0,95.0,92.5,92.333,85.25,6.0,79.0,95.0,36.0
034,High,2024-8-15,14,48,13,11,14:58:40,14:59:41,0,4479.6,832.08,6214.28,2023.84,3.15,-5.32,15.21,4.49,True,10,10,10,10,22,2,5,Very rarely,Very Inexperienced,Very Inexperienced,Never,2.429,3.5,4.417,81,85,45.833,1.125,0.0,Diagonal,East,East - Diagonal,Complex,10.0,AGV,59.61230680046695,108.16871009565493,306.57,2.75,2.0,4.75,4.333,4.0,4.5,81.571,98.0,37.667,89.0,95.0,92.5,92.333,85.25,6.0,79.0,95.0,36.0
034,High,2024-8-15,14,48,13,12,14:59:47,15:01:22,317,2818.38,530.31,4162.97,1395.36,2.2,-3.87,15.26,3.56,True,8,7,8,6,22,2,5,Very rarely,Very Inexperienced,Very Inexperienced,Never,2.429,3.5,4.417,81,85,45.833,1.125,0.067,Straight,Southeast,Southeast - Straight,Complex,10.0,User,62.82258013742787,84.78101800023158,224.94,2.75,2.0,4.75,4.333,4.0,4.5,81.571,98.0,37.667,89.0,95.0,92.5,92.333,85.25,6.0,79.0,95.0,36.0
034,High,2024-8-15,14,48,13,13,15:01:31,15:02:16,0,3557.95,979.31,11698.4,2865.44,8.06,-0.0,15.22,4.61,True,9,9,10,10,22,2,5,Very rarely,Very Inexperienced,Very Inexperienced,Never,2.429,3.5,4.417,81,85,45.833,1.125,,Straight,Southwest,Southwest - Straight,Complex,8.0,User,,,,2.75,2.0,4.75,4.333,4.0,4.5,81.571,98.0,37.667,89.0,95.0,92.5,92.333,85.25,6.0,79.0,95.0,36.0
034,High,2024-8-15,14,48,13,15,15:03:32,15:04:16,299,3932.5,831.35,6809.0,1851.65,4.89,-4.55,15.23,5.35,True,10,9,10,7,22,2,5,Very rarely,Very Inexperienced,Very Inexperienced,Never,2.429,3.5,4.417,81,85,45.833,1.125,0.2,Straight,North,North - Straight,Straight,9.0,User,53.324001685581585,189.38817886515136,142.64,2.75,2.0,4.75,4.333,4.0,4.5,81.571,98.0,37.667,89.0,95.0,92.5,92.333,85.25,6.0,79.0,95.0,36.0
034,High,2024-8-15,14,48,13,16,15:04:21,15:05:20,542,3236.67,1373.48,5596.45,967.64,3.19,-0.07,15.23,4.51,True,10,10,10,9,22,2,5,Very rarely,Very Inexperienced,Very Inexperienced,Never,2.429,3.5,4.417,81,85,45.833,1.125,0.164,Diagonal,West,West - Diagonal,Complex,10.0,,,106.23054746519162,,2.75,2.0,4.75,4.333,4.0,4.5,81.571,98.0,37.667,89.0,95.0,92.5,92.333,85.25,6.0,79.0,95.0,36.0
034,Low,2024-8-15,14,21,14,1,14:21:44,14:23:11,700,6715.54,289.18,11955.78,4331.21,5.34,-3.29,15.22,6.51,True,3,6,6,4,22,2,5,Very rarely,Very Inexperienced,Very Inexperienced,Never,2.429,3.5,4.417,74,77,58.5,1.125,0.181,Straight,South,South - Straight,Straight,,AGV,42.649661940100245,79.0343240459348,85.83,2.75,2.0,4.75,4.333,4.0,4.5,74.143,82.333,57.333,80.0,70.0,75.5,79.333,77.417,12.2,70.0,93.0,51.6
034,Low,2024-8-15,14,21,14,2,14:23:17,14:24:08,0,2211.8,939.84,4495.48,987.89,4.29,-3.53,15.22,3.27,True,5,6,7,7,22,2,5,Very rarely,Very Inexperienced,Very Inexperienced,Never,2.429,3.5,4.417,74,77,58.5,1.125,0.0,Diagonal,North,North - Diagonal,Complex,3.0,User,46.20685486394037,178.8518778638789,109.09,2.75,2.0,4.75,4.333,4.0,4.5,74.143,82.333,57.333,80.0,70.0,75.5,79.333,77.417,12.2,70.0,93.0,51.6
034,Low,2024-8-15,14,21,14,3,14:24:12,14:25:09,756,3296.55,665.31,5355.14,1780.79,3.3,-5.61,15.22,4.1,True,8,8,8,8,22,2,5,Very rarely,Very Inexperienced,Very Inexperienced,Never,2.429,3.5,4.417,74,77,58.5,1.125,0.279,Diagonal,South,South - Diagonal,Complex,5.0,,63.58571805304982,76.00446852842322,237.84,2.75,2.0,4.75,4.333,4.0,4.5,74.143,82.333,57.333,80.0,70.0,75.5,79.333,77.417,12.2,70.0,93.0,51.6
034,Low,2024-8-15,14,21,14,4,14:25:13,14:25:55,597,4451.88,576.09,11858.34,3559.72,8.83,-2.47,15.23,5.22,True,9,10,10,10,22,2,5,Very rarely,Very Inexperienced,Very Inexperienced,Never,2.429,3.5,4.417,74,77,58.5,1.125,0.283,Straight,Northeast,Northeast - Straight,Complex,8.0,AGV,53.8603023488607,286.8398530590604,110.83,2.75,2.0,4.75,4.333,4.0,4.5,74.143,82.333,57.333,80.0,70.0,75.5,79.333,77.417,12.2,70.0,93.0,51.6
034,Low,2024-8-15,14,21,14,5,14:25:59,14:27:07,521,3372.49,1713.58,7630.0,1185.07,3.07,-4.93,15.27,4.85,True,10,10,10,10,22,2,5,Very rarely,Very Inexperienced,Very Inexperienced,Never,2.429,3.5,4.417,74,77,58.5,1.125,0.178,Straight,Northwest,Northwest - Straight,Complex,9.0,AGV,88.59506895934229,74.07163116586469,426.47,2.75,2.0,4.75,4.333,4.0,4.5,74.143,82.333,57.333,80.0,70.0,75.5,79.333,77.417,12.2,70.0,93.0,51.6
034,Low,2024-8-15,14,21,14,6,14:27:12,14:28:04,566,2701.55,734.61,5369.1,1105.35,3.75,-3.42,15.24,4.07,True,10,10,10,10,22,2,5,Very rarely,Very Inexperienced,Very Inexperienced,Never,2.429,3.5,4.417,74,77,58.5,1.125,0.214,Diagonal,Northwest,Northwest - Diagonal,Complex,10.0,AGV,71.0621092205432,126.55795342838739,265.66,2.75,2.0,4.75,4.333,4.0,4.5,74.143,82.333,57.333,80.0,70.0,75.5,79.333,77.417,12.2,70.0,93.0,51.6
034,Low,2024-8-15,14,21,14,7,14:28:09,14:28:59,927,2907.58,519.94,5482.28,2066.22,4.38,-4.54,15.22,5.85,True,10,9,9,7,22,2,5,Very rarely,Very Inexperienced,Very Inexperienced,Never,2.429,3.5,4.417,74,77,58.5,1.125,0.288,Straight,East,East - Straight,Straight,10.0,AGV,57.83543187593926,181.49372189935187,171.43,2.75,2.0,4.75,4.333,4.0,4.5,74.143,82.333,57.333,80.0,70.0,75.5,79.333,77.417,12.2,70.0,93.0,51.6
034,Low,2024-8-15,14,21,14,8,14:29:08,14:30:05,853,2487.88,563.14,4597.8,1143.1,3.86,-3.98,15.22,3.83,True,10,10,10,9,22,2,5,Very rarely,Very Inexperienced,Very Inexperienced,Never,2.429,3.5,4.417,74,77,58.5,1.125,0.274,Diagonal,Southwest,Southwest - Diagonal,Straight,10.0,User,65.67143798083683,126.14507865486469,301.86,2.75,2.0,4.75,4.333,4.0,4.5,74.143,82.333,57.333,80.0,70.0,75.5,79.333,77.417,12.2,70.0,93.0,51.6
034,Low,2024-8-15,14,21,14,9,14:30:10,14:31:05,386,4164.52,703.98,7054.47,1867.21,3.96,-4.43,15.21,5.1,True,10,10,10,9,22,2,5,Very rarely,Very Inexperienced,Very Inexperienced,Never,2.429,3.5,4.417,74,77,58.5,1.125,0.15,Diagonal,Northeast,Northeast - Diagonal,Straight,10.0,AGV,68.05406060110965,110.65824717244108,180.82,2.75,2.0,4.75,4.333,4.0,4.5,74.143,82.333,57.333,80.0,70.0,75.5,79.333,77.417,12.2,70.0,93.0,51.6
034,Low,2024-8-15,14,21,14,10,14:31:11,14:32:08,512,3762.68,789.09,5489.36,1797.7,3.89,-4.45,15.22,4.67,True,10,10,10,10,22,2,5,Very rarely,Very Inexperienced,Very Inexperienced,Never,2.429,3.5,4.417,74,77,58.5,1.125,0.18,Straight,West,West - Straight,Straight,10.0,AGV,50.60627847914717,90.36583037947736,104.51,2.75,2.0,4.75,4.333,4.0,4.5,74.143,82.333,57.333,80.0,70.0,75.5,79.333,77.417,12.2,70.0,93.0,51.6
034,Low,2024-8-15,14,21,14,11,14:32:12,14:33:29,936,3967.29,352.46,6151.24,2210.86,2.47,-11.66,15.22,4.71,True,5,7,6,2,22,2,5,Very rarely,Very Inexperienced,Very Inexperienced,Never,2.429,3.5,4.417,74,77,58.5,1.125,0.205,Diagonal,East,East - Diagonal,Complex,10.0,AGV,48.28556272639931,61.44163602178371,1171.81,2.75,2.0,4.75,4.333,4.0,4.5,74.143,82.333,57.333,80.0,70.0,75.5,79.333,77.417,12.2,70.0,93.0,51.6
034,Low,2024-8-15,14,21,14,12,14:33:35,14:35:11,719,3433.57,805.31,5197.46,1665.86,2.5,-0.19,14.53,2.88,True,8,8,8,9,22,2,5,Very rarely,Very Inexperienced,Very Inexperienced,Never,2.429,3.5,4.417,74,77,58.5,1.125,0.136,Straight,Southeast,Southeast - Straight,Complex,5.0,User,61.915616460734526,86.15327127775589,278.07,2.75,2.0,4.75,4.333,4.0,4.5,74.143,82.333,57.333,80.0,70.0,75.5,79.333,77.417,12.2,70.0,93.0,51.6
034,Low,2024-8-15,14,21,14,13,14:35:17,14:36:07,0,4436.38,1085.07,11854.52,3809.57,7.45,-2.71,15.22,5.06,True,9,7,8,7,22,2,5,Very rarely,Very Inexperienced,Very Inexperienced,Never,2.429,3.5,4.417,74,77,58.5,1.125,0.0,Straight,Southwest,Southwest - Straight,Complex,8.0,AGV,45.44880820810596,190.1115101699796,179.18,2.75,2.0,4.75,4.333,4.0,4.5,74.143,82.333,57.333,80.0,70.0,75.5,79.333,77.417,12.2,70.0,93.0,51.6
034,Low,2024-8-15,14,21,14,14,14:36:14,14:37:16,899,2445.9,716.08,4702.34,1063.31,3.51,-4.22,15.24,3.66,True,9,9,9,7,22,2,5,Very rarely,Very Inexperienced,Very Inexperienced,Never,2.429,3.5,4.417,74,77,58.5,1.125,0.284,Diagonal,Southeast,Southeast - Diagonal,Straight,9.0,User,58.777668058156266,156.3157003258116,556.7,2.75,2.0,4.75,4.333,4.0,4.5,74.143,82.333,57.333,80.0,70.0,75.5,79.333,77.417,12.2,70.0,93.0,51.6
034,Low,2024-8-15,14,21,14,15,14:37:22,14:38:05,137,4097.85,808.33,6810.51,1845.15,5.07,-4.48,15.21,5.63,True,8,9,9,8,22,2,5,Very rarely,Very Inexperienced,Very Inexperienced,Never,2.429,3.5,4.417,74,77,58.5,1.125,0.061,Straight,North,North - Straight,Straight,9.0,AGV,54.80290781156134,158.4770639909226,139.52,2.75,2.0,4.75,4.333,4.0,4.5,74.143,82.333,57.333,80.0,70.0,75.5,79.333,77.417,12.2,70.0,93.0,51.6
034,Low,2024-8-15,14,21,14,16,14:38:10,14:39:06,763,2918.11,881.3,5550.84,1104.12,3.37,-0.06,15.24,4.2,True,9,8,8,9,22,2,5,Very rarely,Very Inexperienced,Very Inexperienced,Never,2.429,3.5,4.417,74,77,58.5,1.125,0.235,Diagonal,West,West - Diagonal,Complex,8.0,,63.16256503682587,111.7259354253418,127.21,2.75,2.0,4.75,4.333,4.0,4.5,74.143,82.333,57.333,80.0,70.0,75.5,79.333,77.417,12.2,70.0,93.0,51.6
035,High,2024-8-16,14,44,33,1,14:45:21,14:46:56,832,7101.46,276.37,12528.01,4055.76,4.94,-2.91,15.23,6.4,True,6,6,7,8,30,2,2,Rarely,Moderately experienced,Moderately experienced,Never,2.857,3.0,5.0,85,70,32.833,1.062,0.171,Straight,South,South - Straight,Straight,,AGV,38.96726419117345,47.41307559807468,90.89,3.25,2.333,4.333,5.333,4.333,6.5,85.071,91.0,65.667,96.0,98.0,88.0,85.0,70.917,21.4,65.429,97.0,20.0
035,High,2024-8-16,14,44,33,2,14:47:05,14:48:05,0,2346.5,987.77,4507.17,960.76,3.66,-3.61,15.21,3.38,True,8,7,8,8,30,2,2,Rarely,Moderately experienced,Moderately experienced,Never,2.857,3.0,5.0,85,70,32.833,1.062,0.0,Diagonal,North,North - Diagonal,Complex,6.0,Null,39.120652329320045,145.13767377227154,108.33,3.25,2.333,4.333,5.333,4.333,6.5,85.071,91.0,65.667,96.0,98.0,88.0,85.0,70.917,21.4,65.429,97.0,20.0
035,High,2024-8-16,14,44,33,3,14:48:12,14:49:09,640,3284.9,611.29,5320.63,1777.8,3.32,-5.5,15.21,4.11,True,8,8,8,8,30,2,2,Rarely,Moderately experienced,Moderately experienced,Never,2.857,3.0,5.0,85,70,32.833,1.062,0.172,Diagonal,South,South - Diagonal,Complex,8.0,Null,63.80484353810613,90.1340569279929,152.8,3.25,2.333,4.333,5.333,4.333,6.5,85.071,91.0,65.667,96.0,98.0,88.0,85.0,70.917,21.4,65.429,97.0,20.0
035,High,2024-8-16,14,44,33,4,14:49:16,14:50:07,695,5676.74,679.71,11889.86,4255.98,7.35,-2.43,15.23,5.78,True,9,9,9,9,30,2,2,Rarely,Moderately experienced,Moderately experienced,Never,2.857,3.0,5.0,85,70,32.833,1.062,0.2,Straight,Northeast,Northeast - Straight,Complex,8.0,Null,44.6512292233575,251.19573348466335,177.85,3.25,2.333,4.333,5.333,4.333,6.5,85.071,91.0,65.667,96.0,98.0,88.0,85.0,70.917,21.4,65.429,97.0,20.0
035,High,2024-8-16,14,44,33,5,14:50:16,14:51:57,352,3361.75,2114.28,7593.08,971.4,2.08,-2.89,15.33,4.1,True,9,9,9,9,30,2,2,Rarely,Moderately experienced,Moderately experienced,Never,2.857,3.0,5.0,85,70,32.833,1.062,0.14,Straight,Northwest,Northwest - Straight,Complex,9.0,Null,59.30080024150572,34.988924635104055,660.28,3.25,2.333,4.333,5.333,4.333,6.5,85.071,91.0,65.667,96.0,98.0,88.0,85.0,70.917,21.4,65.429,97.0,20.0
035,High,2024-8-16,14,44,33,6,14:52:03,14:53:06,667,3044.57,1297.48,5369.91,917.34,3.05,-3.71,15.22,4.26,True,9,9,9,9,30,2,2,Rarely,Moderately experienced,Moderately experienced,Never,2.857,3.0,5.0,85,70,32.833,1.062,0.205,Diagonal,Northwest,Northwest - Diagonal,Complex,9.0,Null,58.416573376819386,70.79584969037174,119.32,3.25,2.333,4.333,5.333,4.333,6.5,85.071,91.0,65.667,96.0,98.0,88.0,85.0,70.917,21.4,65.429,97.0,20.0
035,High,2024-8-16,14,44,33,7,14:53:16,14:54:13,324,3665.96,807.46,5456.35,1810.75,3.88,-4.42,15.21,4.52,True,9,9,9,9,30,2,2,Rarely,Moderately experienced,Moderately experienced,Never,2.857,3.0,5.0,85,70,32.833,1.062,0.111,Straight,East,East - Straight,Straight,9.0,Null,50.40997284743239,171.562538139749,219.91,3.25,2.333,4.333,5.333,4.333,6.5,85.071,91.0,65.667,96.0,98.0,88.0,85.0,70.917,21.4,65.429,97.0,20.0
035,High,2024-8-16,14,44,33,8,14:54:20,14:55:25,404,2602.54,460.5,4599.94,1137.24,3.38,-4.43,15.21,3.84,True,9,9,9,9,30,2,2,Rarely,Moderately experienced,Moderately experienced,Never,2.857,3.0,5.0,85,70,32.833,1.062,0.108,Diagonal,Southwest,Southwest - Diagonal,Straight,9.0,Null,57.84355004274573,73.67563530998926,160.11,3.25,2.333,4.333,5.333,4.333,6.5,85.071,91.0,65.667,96.0,98.0,88.0,85.0,70.917,21.4,65.429,97.0,20.0
035,High,2024-8-16,14,44,33,9,14:55:33,14:56:47,341,4215.67,1124.87,7052.9,1575.79,2.98,-4.15,15.23,4.63,True,9,9,9,9,30,2,2,Rarely,Moderately experienced,Moderately experienced,Never,2.857,3.0,5.0,85,70,32.833,1.062,0.139,Diagonal,Northeast,Northeast - Diagonal,Straight,9.0,Null,50.85692433208205,132.3408776058446,231.66,3.25,2.333,4.333,5.333,4.333,6.5,85.071,91.0,65.667,96.0,98.0,88.0,85.0,70.917,21.4,65.429,97.0,20.0
035,High,2024-8-16,14,44,33,10,14:56:55,14:58:14,339,4308.8,1302.56,5503.28,1594.79,2.79,-4.43,15.21,4.31,True,9,9,9,9,30,2,2,Rarely,Moderately experienced,Moderately experienced,Never,2.857,3.0,5.0,85,70,32.833,1.062,0.09,Straight,West,West - Straight,Straight,9.0,Null,36.263646357248234,54.80657980034576,352.34,3.25,2.333,4.333,5.333,4.333,6.5,85.071,91.0,65.667,96.0,98.0,88.0,85.0,70.917,21.4,65.429,97.0,20.0
035,High,2024-8-16,14,44,33,11,14:58:23,14:59:23,0,4255.95,565.71,6160.55,2038.04,3.18,-5.54,15.21,5.07,True,9,9,9,10,30,2,2,Rarely,Moderately experienced,Moderately experienced,Never,2.857,3.0,5.0,85,70,32.833,1.062,0.0,Diagonal,East,East - Diagonal,Complex,9.0,Null,61.086248963027074,109.7058459205833,111.49,3.25,2.333,4.333,5.333,4.333,6.5,85.071,91.0,65.667,96.0,98.0,88.0,85.0,70.917,21.4,65.429,97.0,20.0
035,High,2024-8-16,14,44,33,12,14:59:33,15:01:02,629,3284.92,757.76,5209.93,1693.93,2.71,-1.71,14.04,2.81,True,9,9,9,10,30,2,2,Rarely,Moderately experienced,Moderately experienced,Never,2.857,3.0,5.0,85,70,32.833,1.062,0.112,Straight,Southeast,Southeast - Straight,Complex,9.0,Null,67.33617661009436,97.51199989213762,343.95,3.25,2.333,4.333,5.333,4.333,6.5,85.071,91.0,65.667,96.0,98.0,88.0,85.0,70.917,21.4,65.429,97.0,20.0
035,High,2024-8-16,14,44,33,13,15:01:11,15:01:55,0,3260.78,888.18,10960.11,2635.42,7.87,-0.0,15.24,4.52,True,9,10,10,10,30,2,2,Rarely,Moderately experienced,Moderately experienced,Never,2.857,3.0,5.0,85,70,32.833,1.062,0.0,Straight,Southwest,Southwest - Straight,Complex,9.0,Null,51.77873743627178,304.6589065525182,129.63,3.25,2.333,4.333,5.333,4.333,6.5,85.071,91.0,65.667,96.0,98.0,88.0,85.0,70.917,21.4,65.429,97.0,20.0
035,High,2024-8-16,14,44,33,14,15:02:03,15:03:00,0,2319.15,525.6,4691.64,1184.05,3.79,-4.41,15.25,4.94,True,10,10,10,10,30,2,2,Rarely,Moderately experienced,Moderately experienced,Never,2.857,3.0,5.0,85,70,32.833,1.062,0.0,Diagonal,Southeast,Southeast - Diagonal,Straight,9.0,Null,63.64963934690347,160.65230878934022,96.51,3.25,2.333,4.333,5.333,4.333,6.5,85.071,91.0,65.667,96.0,98.0,88.0,85.0,70.917,21.4,65.429,97.0,20.0
035,High,2024-8-16,14,44,33,15,15:03:07,15:03:57,253,4059.25,758.94,6805.59,1861.89,4.32,-4.51,15.22,5.21,True,10,10,10,10,30,2,2,Rarely,Moderately experienced,Moderately experienced,Never,2.857,3.0,5.0,85,70,32.833,1.062,0.14,Straight,North,North - Straight,Straight,10.0,Null,47.07196960093637,191.99195126380906,212.13,3.25,2.333,4.333,5.333,4.333,6.5,85.071,91.0,65.667,96.0,98.0,88.0,85.0,70.917,21.4,65.429,97.0,20.0
035,High,2024-8-16,14,44,33,16,15:04:04,15:05:04,245,3278.4,1491.09,5571.38,947.18,3.12,-0.07,15.23,4.51,True,10,10,10,10,30,2,2,Rarely,Moderately experienced,Moderately experienced,Never,2.857,3.0,5.0,85,70,32.833,1.062,0.113,Diagonal,West,West - Diagonal,Complex,10.0,Null,59.346323417215935,96.04530295444981,132.11,3.25,2.333,4.333,5.333,4.333,6.5,85.071,91.0,65.667,96.0,98.0,88.0,85.0,70.917,21.4,65.429,97.0,20.0
035,Low,2024-8-16,15,15,21,1,15:15:50,15:16:52,766,5829.17,225.01,12485.76,4746.37,6.61,-0.83,15.24,6.67,True,10,10,10,10,30,2,2,Rarely,Moderately experienced,Moderately experienced,Never,2.857,3.0,5.0,84,79,30.333,1.062,0.208,Straight,South,South - Straight,Straight,8.4,Null,60.568688132624935,147.092892501966,153.32,3.25,2.333,4.333,5.333,4.333,6.5,84.286,93.333,52.0,98.0,96.0,92.5,89.0,79.083,8.0,69.857,97.0,17.0
035,Low,2024-8-16,15,15,21,2,15:17:02,15:17:45,0,2047.82,945.78,4376.94,969.23,5.05,-3.96,15.21,3.02,True,10,10,10,10,30,2,2,Rarely,Moderately experienced,Moderately experienced,Never,2.857,3.0,5.0,84,79,30.333,1.062,0.0,Diagonal,North,North - Diagonal,Complex,10.0,Null,55.689148804850596,208.1885183951199,172.48,3.25,2.333,4.333,5.333,4.333,6.5,84.286,93.333,52.0,98.0,96.0,92.5,89.0,79.083,8.0,69.857,97.0,17.0
035,Low,2024-8-16,15,15,21,3,15:17:57,15:18:54,602,3383.0,657.4,5550.84,1745.74,3.3,-5.39,15.21,4.25,True,10,10,10,10,30,2,2,Rarely,Moderately experienced,Moderately experienced,Never,2.857,3.0,5.0,84,79,30.333,1.062,0.176,Diagonal,South,South - Diagonal,Complex,10.0,Null,63.40587468858697,79.99730555731703,77.26,3.25,2.333,4.333,5.333,4.333,6.5,84.286,93.333,52.0,98.0,96.0,92.5,89.0,79.083,8.0,69.857,97.0,17.0
035,Low,2024-8-16,15,15,21,4,15:19:05,15:19:50,714,4981.38,857.52,11883.14,3864.04,8.19,-2.48,15.24,5.49,True,10,10,10,10,30,2,2,Rarely,Moderately experienced,Moderately experienced,Never,2.857,3.0,5.0,84,79,30.333,1.062,0.157,Straight,Northeast,Northeast - Straight,Complex,10.0,Null,50.96125696412094,298.3310554116096,195.84,3.25,2.333,4.333,5.333,4.333,6.5,84.286,93.333,52.0,98.0,96.0,92.5,89.0,79.083,8.0,69.857,97.0,17.0
035,Low,2024-8-16,15,15,21,5,15:20:29,15:21:42,131,3899.19,2543.78,7538.46,952.7,2.59,-0.02,15.27,5.15,True,10,10,10,10,30,2,2,Rarely,Moderately experienced,Moderately experienced,Never,2.857,3.0,5.0,84,79,30.333,1.062,0.069,Straight,Northwest,Northwest - Straight,Complex,10.0,Null,82.66751172156903,96.32063763588498,261.84,3.25,2.333,4.333,5.333,4.333,6.5,84.286,93.333,52.0,98.0,96.0,92.5,89.0,79.083,8.0,69.857,97.0,17.0
035,Low,2024-8-16,15,15,21,6,15:21:56,15:24:02,575,3238.15,1288.47,5227.95,674.59,1.52,-4.54,15.26,3.42,True,10,10,10,10,30,2,2,Rarely,Moderately experienced,Moderately experienced,Never,2.857,3.0,5.0,84,79,30.333,1.062,0.104,Diagonal,Northwest,Northwest - Diagonal,Complex,10.0,Null,28.128368638587986,52.79425705051508,173.15,3.25,2.333,4.333,5.333,4.333,6.5,84.286,93.333,52.0,98.0,96.0,92.5,89.0,79.083,8.0,69.857,97.0,17.0
035,Low,2024-8-16,15,15,21,7,15:24:11,15:25:04,802,2822.63,418.49,5490.82,2103.41,4.14,-4.59,15.22,5.74,True,10,10,10,10,30,2,2,Rarely,Moderately experienced,Moderately experienced,Never,2.857,3.0,5.0,84,79,30.333,1.062,0.233,Straight,East,East - Straight,Straight,10.0,Null,54.02157490122428,152.82459298512697,240.08,3.25,2.333,4.333,5.333,4.333,6.5,84.286,93.333,52.0,98.0,96.0,92.5,89.0,79.083,8.0,69.857,97.0,17.0
035,Low,2024-8-16,15,15,21,8,15:25:11,15:26:14,0,2463.22,628.78,4595.55,1246.08,3.46,-4.46,15.22,4.99,True,10,10,10,10,30,2,2,Rarely,Moderately experienced,Moderately experienced,Never,2.857,3.0,5.0,84,79,30.333,1.062,0.0,Diagonal,Southwest,Southwest - Diagonal,Straight,10.0,Null,59.64702205177489,63.66888572970796,94.97,3.25,2.333,4.333,5.333,4.333,6.5,84.286,93.333,52.0,98.0,96.0,92.5,89.0,79.083,8.0,69.857,97.0,17.0
035,Low,2024-8-16,15,15,21,9,15:26:23,15:27:31,365,4390.79,1074.75,7047.1,1630.8,3.26,-4.47,15.22,4.96,True,10,10,10,10,30,2,2,Rarely,Moderately experienced,Moderately experienced,Never,2.857,3.0,5.0,84,79,30.333,1.062,0.077,Diagonal,Northeast,Northeast - Diagonal,Straight,10.0,Null,55.697399144023244,74.70469910380422,99.57,3.25,2.333,4.333,5.333,4.333,6.5,84.286,93.333,52.0,98.0,96.0,92.5,89.0,79.083,8.0,69.857,97.0,17.0
035,Low,2024-8-16,15,15,21,10,15:27:43,15:28:39,409,3715.2,708.89,5476.67,1838.36,3.98,-4.42,15.23,4.64,True,10,10,10,10,30,2,2,Rarely,Moderately experienced,Moderately experienced,Never,2.857,3.0,5.0,84,79,30.333,1.062,0.119,Straight,West,West - Straight,Straight,10.0,Null,50.33700488507626,118.31967824986896,230.46,3.25,2.333,4.333,5.333,4.333,6.5,84.286,93.333,52.0,98.0,96.0,92.5,89.0,79.083,8.0,69.857,97.0,17.0
035,Low,2024-8-16,15,15,21,11,15:28:50,15:29:44,0,4089.86,633.81,6142.1,2075.74,3.53,-5.36,15.21,4.47,True,10,10,10,10,30,2,2,Rarely,Moderately experienced,Moderately experienced,Never,2.857,3.0,5.0,84,79,30.333,1.062,0.0,Diagonal,East,East - Diagonal,Complex,10.0,Null,67.18904517784881,105.66334250601659,87.84,3.25,2.333,4.333,5.333,4.333,6.5,84.286,93.333,52.0,98.0,96.0,92.5,89.0,79.083,8.0,69.857,97.0,17.0
035,Low,2024-8-16,15,15,21,12,15:29:54,15:31:08,196,2654.33,533.49,4153.07,1356.22,2.84,-2.46,15.24,3.94,True,10,10,10,10,30,2,2,Rarely,Moderately experienced,Moderately experienced,Never,2.857,3.0,5.0,84,79,30.333,1.062,0.057,Straight,Southeast,Southeast - Straight,Complex,10.0,Null,80.4031880435576,102.44965167068631,310.16,3.25,2.333,4.333,5.333,4.333,6.5,84.286,93.333,52.0,98.0,96.0,92.5,89.0,79.083,8.0,69.857,97.0,17.0
035,Low,2024-8-16,15,15,21,13,15:31:21,15:31:59,0,2447.07,817.41,7437.67,1536.17,7.1,-0.0,15.22,3.93,True,10,10,10,10,30,2,2,Rarely,Moderately experienced,Moderately experienced,Never,2.857,3.0,5.0,84,79,30.333,1.062,0.0,Straight,Southwest,Southwest - Straight,Complex,10.0,Null,59.86009601270301,352.88303699200367,121.01,3.25,2.333,4.333,5.333,4.333,6.5,84.286,93.333,52.0,98.0,96.0,92.5,89.0,79.083,8.0,69.857,97.0,17.0
035,Low,2024-8-16,15,15,21,14,15:32:09,15:32:55,0,2300.05,596.23,4689.49,1188.66,4.72,-4.05,15.22,5.23,True,10,10,10,10,30,2,2,Rarely,Moderately experienced,Moderately experienced,Never,2.857,3.0,5.0,84,79,30.333,1.062,0.0,Diagonal,Southeast,Southeast - Diagonal,Straight,10.0,Null,78.08867903094729,193.24269036942533,136.14,3.25,2.333,4.333,5.333,4.333,6.5,84.286,93.333,52.0,98.0,96.0,92.5,89.0,79.083,8.0,69.857,97.0,17.0
035,Low,2024-8-16,15,15,21,15,15:33:06,15:33:46,284,3817.75,736.83,6799.42,1919.68,5.4,-4.4,15.22,5.42,False,10,10,10,10,30,2,2,Rarely,Moderately experienced,Moderately experienced,Never,2.857,3.0,5.0,84,79,30.333,1.062,0.143,Straight,North,North - Straight,Straight,10.0,Null,58.40358164671851,181.00917624882095,248.09,3.25,2.333,4.333,5.333,4.333,6.5,84.286,93.333,52.0,98.0,96.0,92.5,89.0,79.083,8.0,69.857,97.0,17.0
035,Low,2024-8-16,15,15,21,16,15:33:55,15:34:49,135,3227.85,1507.66,5599.46,931.76,3.46,-0.03,15.25,4.78,True,10,10,10,10,30,2,2,Rarely,Moderately experienced,Moderately experienced,Never,2.857,3.0,5.0,84,79,30.333,1.062,0.086,Diagonal,West,West - Diagonal,Complex,10.0,Null,67.84627171136916,70.48046241594534,102.83,3.25,2.333,4.333,5.333,4.333,6.5,84.286,93.333,52.0,98.0,96.0,92.5,89.0,79.083,8.0,69.857,97.0,17.0
036,High,2024-8-16,17,16,48,1,17:17:31,17:18:38,131,7603.71,636.99,12612.28,4327.61,7.04,-3.47,15.23,6.14,True,9,9,10,10,22,1,5,Very frequently,Moderately experienced,Moderately experienced,Never,2.429,3.333,4.583,82,97,28.333,1.25,0.069,Straight,South,South - Straight,Straight,8.2,Null,55.98572290921996,133.42456521041166,267.28,3.5,1.0,5.75,4.333,3.333,4.5,82.786,97.333,36.0,97.5,92.0,94.0,94.667,97.083,1.6,96.143,100.0,14.0
036,High,2024-8-16,17,16,48,2,17:18:43,17:19:31,0,2281.98,1035.84,4611.37,909.18,4.53,-3.38,15.22,3.4,True,10,9,10,9,22,1,5,Very frequently,Moderately experienced,Moderately experienced,Never,2.429,3.333,4.583,82,97,28.333,1.25,0.014,Diagonal,North,North - Diagonal,Complex,9.0,AGV,51.190905404292835,192.9297573379795,292.5,3.5,1.0,5.75,4.333,3.333,4.5,82.786,97.333,36.0,97.5,92.0,94.0,94.667,97.083,1.6,96.143,100.0,14.0
036,High,2024-8-16,17,16,48,3,17:21:05,17:21:54,482,3009.36,853.05,5126.48,1716.41,3.82,-5.57,15.22,4.06,True,9,10,10,10,22,1,5,Very frequently,Moderately experienced,Moderately experienced,Never,2.429,3.333,4.583,82,97,28.333,1.25,0.196,Diagonal,South,South - Diagonal,Complex,10.0,,75.79840951089382,170.26916184062742,222.72,3.5,1.0,5.75,4.333,3.333,4.5,82.786,97.333,36.0,97.5,92.0,94.0,94.667,97.083,1.6,96.143,100.0,14.0
036,High,2024-8-16,17,16,48,4,17:22:01,17:22:40,180,4641.28,537.06,11957.53,3793.88,9.46,-4.08,15.28,6.24,True,9,10,10,10,22,1,5,Very frequently,Moderately experienced,Moderately experienced,Never,2.429,3.333,4.583,82,97,28.333,1.25,0.163,Straight,Northeast,Northeast - Straight,Complex,9.0,AGV,59.12964079369502,334.1355116872085,252.25,3.5,1.0,5.75,4.333,3.333,4.5,82.786,97.333,36.0,97.5,92.0,94.0,94.667,97.083,1.6,96.143,100.0,14.0
036,High,2024-8-16,17,16,48,5,17:22:44,17:24:10,285,3469.9,2044.8,7693.5,990.56,2.41,-3.0,15.3,4.44,True,9,10,10,10,22,1,5,Very frequently,Moderately experienced,Moderately experienced,Never,2.429,3.333,4.583,82,97,28.333,1.25,0.067,Straight,Northwest,Northwest - Straight,Complex,9.0,User,69.68832947494677,62.16289920762784,265.12,3.5,1.0,5.75,4.333,3.333,4.5,82.786,97.333,36.0,97.5,92.0,94.0,94.667,97.083,1.6,96.143,100.0,14.0
036,High,2024-8-16,17,16,48,6,17:24:15,17:25:07,475,2798.33,929.66,5517.09,1104.9,3.72,-3.41,15.23,4.24,True,9,10,10,10,22,1,5,Very frequently,Moderately experienced,Moderately experienced,Never,2.429,3.333,4.583,82,97,28.333,1.25,0.182,Diagonal,Northwest,Northwest - Diagonal,Complex,9.0,AGV,70.92228456080363,80.00658846386932,132.56,3.5,1.0,5.75,4.333,3.333,4.5,82.786,97.333,36.0,97.5,92.0,94.0,94.667,97.083,1.6,96.143,100.0,14.0
036,High,2024-8-16,17,16,48,7,17:25:10,17:25:55,675,3210.86,552.76,5409.03,1981.89,4.88,-4.46,15.22,5.98,True,9,10,10,10,22,1,5,Very frequently,Moderately experienced,Moderately experienced,Never,2.429,3.333,4.583,82,97,28.333,1.25,0.25,Straight,East,East - Straight,Straight,9.0,AGV,63.296460645782915,217.16821657752465,241.04,3.5,1.0,5.75,4.333,3.333,4.5,82.786,97.333,36.0,97.5,92.0,94.0,94.667,97.083,1.6,96.143,100.0,14.0
036,High,2024-8-16,17,16,48,8,17:26:01,17:27:03,689,2476.27,597.92,4735.59,1104.07,3.54,-4.35,15.22,3.72,True,9,10,10,10,22,1,5,Very frequently,Moderately experienced,Moderately experienced,Never,2.429,3.333,4.583,82,97,28.333,1.25,0.182,Diagonal,Southwest,Southwest - Diagonal,Straight,9.0,User,59.974622937354575,129.1334606109163,402.97,3.5,1.0,5.75,4.333,3.333,4.5,82.786,97.333,36.0,97.5,92.0,94.0,94.667,97.083,1.6,96.143,100.0,14.0
036,High,2024-8-16,17,16,48,9,17:27:06,17:27:51,682,3653.82,306.75,7153.76,2161.48,4.94,-4.5,15.24,6.07,True,9,10,10,10,22,1,5,Very frequently,Moderately experienced,Moderately experienced,Never,2.429,3.333,4.583,82,97,28.333,1.25,0.222,Diagonal,Northeast,Northeast - Diagonal,Straight,9.0,AGV,84.33813644907424,217.53305657486902,319.59,3.5,1.0,5.75,4.333,3.333,4.5,82.786,97.333,36.0,97.5,92.0,94.0,94.667,97.083,1.6,96.143,100.0,14.0
036,High,2024-8-16,17,16,48,10,17:28:01,17:28:42,737,3140.43,543.31,5372.61,1823.94,5.34,-4.4,15.22,4.82,True,9,10,10,10,22,1,5,Very frequently,Moderately experienced,Moderately experienced,Never,2.429,3.333,4.583,82,97,28.333,1.25,0.267,Straight,West,West - Straight,Straight,9.0,User,72.76267949603624,179.50216169954118,183.55,3.5,1.0,5.75,4.333,3.333,4.5,82.786,97.333,36.0,97.5,92.0,94.0,94.667,97.083,1.6,96.143,100.0,14.0
036,High,2024-8-16,17,16,48,11,17:28:46,17:29:31,0,4390.93,1328.98,6322.85,1977.34,4.23,-5.76,15.22,5.11,True,10,10,10,10,22,1,5,Very frequently,Moderately experienced,Moderately experienced,Never,2.429,3.333,4.583,82,97,28.333,1.25,0.0,Diagonal,East,East - Diagonal,Complex,9.0,AGV,82.22913334549308,134.310202809523,166.57,3.5,1.0,5.75,4.333,3.333,4.5,82.786,97.333,36.0,97.5,92.0,94.0,94.667,97.083,1.6,96.143,100.0,14.0
036,High,2024-8-16,17,16,48,12,17:29:34,17:30:54,337,2726.02,445.56,4181.38,1298.25,2.65,-0.93,10.7,2.63,True,10,10,10,10,22,1,5,Very frequently,Moderately experienced,Moderately experienced,Never,2.429,3.333,4.583,82,97,28.333,1.25,,Straight,Southeast,Southeast - Straight,Complex,10.0,User,,,,3.5,1.0,5.75,4.333,3.333,4.5,82.786,97.333,36.0,97.5,92.0,94.0,94.667,97.083,1.6,96.143,100.0,14.0
036,High,2024-8-16,17,16,48,15,17:33:27,17:34:06,27,3720.46,681.25,7006.57,1921.4,5.59,-4.45,15.23,5.33,True,10,10,10,10,22,1,5,Very frequently,Moderately experienced,Moderately experienced,Never,2.429,3.333,4.583,82,97,28.333,1.25,0.071,Straight,North,North - Straight,Straight,10.0,AGV,62.028615595366226,205.3197319375873,332.25,3.5,1.0,5.75,4.333,3.333,4.5,82.786,97.333,36.0,97.5,92.0,94.0,94.667,97.083,1.6,96.143,100.0,14.0
036,High,2024-8-16,17,16,48,16,17:34:08,17:34:47,570,2565.3,658.67,5571.93,1301.0,4.8,-0.08,15.21,4.22,True,10,10,10,10,22,1,5,Very frequently,Moderately experienced,Moderately experienced,Never,2.429,3.333,4.583,82,97,28.333,1.25,0.25,Diagonal,West,West - Diagonal,Complex,10.0,,90.71308523639325,160.42542176029892,296.75,3.5,1.0,5.75,4.333,3.333,4.5,82.786,97.333,36.0,97.5,92.0,94.0,94.667,97.083,1.6,96.143,100.0,14.0
036,Low,2024-8-16,16,46,56,1,16:47:23,16:49:11,606,8094.01,465.43,12040.28,3597.1,4.34,-3.36,15.24,6.22,True,7,8,4,6,22,1,5,Very frequently,Moderately experienced,Moderately experienced,Never,2.429,3.333,4.583,80,92,22.833,1.312,0.105,Straight,South,South - Straight,Straight,,AGV,34.484227908263435,82.77938398352579,1401.93,3.5,1.0,5.75,4.333,3.333,4.5,80.071,89.667,42.667,94.5,92.0,88.5,88.667,92.5,8.0,92.857,99.0,7.6
036,Low,2024-8-16,16,46,56,2,16:49:17,16:50:21,0,2365.64,856.08,4514.8,1007.43,3.4,-3.53,15.21,3.38,True,7,8,7,8,22,1,5,Very frequently,Moderately experienced,Moderately experienced,Never,2.429,3.333,4.583,80,92,22.833,1.312,0.059,Diagonal,North,North - Diagonal,Complex,7.0,User,36.81980008390808,148.29272082497465,318.25,3.5,1.0,5.75,4.333,3.333,4.5,80.071,89.667,42.667,94.5,92.0,88.5,88.667,92.5,8.0,92.857,99.0,7.6
036,Low,2024-8-16,16,46,56,3,16:50:25,16:51:36,859,3889.82,846.79,5859.7,1712.66,2.63,-5.21,15.22,4.13,True,8,8,8,9,22,1,5,Very frequently,Moderately experienced,Moderately experienced,Never,2.429,3.333,4.583,80,92,22.833,1.312,0.168,Diagonal,South,South - Diagonal,Complex,7.0,,50.83915212173884,76.79233390943662,142.82,3.5,1.0,5.75,4.333,3.333,4.5,80.071,89.667,42.667,94.5,92.0,88.5,88.667,92.5,8.0,92.857,99.0,7.6
036,Low,2024-8-16,16,46,56,4,16:52:17,16:53:15,928,6413.05,967.76,11806.28,4405.68,6.37,-3.1,15.24,5.88,True,7,8,7,7,22,1,5,Very frequently,Moderately experienced,Moderately experienced,Never,2.429,3.333,4.583,80,92,22.833,1.312,0.281,Straight,Northeast,Northeast - Straight,Complex,8.0,AGV,39.23457266316837,231.2839250173123,219.24,3.5,1.0,5.75,4.333,3.333,4.5,80.071,89.667,42.667,94.5,92.0,88.5,88.667,92.5,8.0,92.857,99.0,7.6
036,Low,2024-8-16,16,46,56,5,16:53:22,16:54:59,501,3715.17,2390.28,7610.13,916.0,1.95,-0.13,15.31,4.31,True,7,7,6,6,22,1,5,Very frequently,Moderately experienced,Moderately experienced,Never,2.429,3.333,4.583,80,92,22.833,1.312,0.146,Straight,Northwest,Northwest - Straight,Complex,7.0,AGV,61.87223431809569,75.32184099432972,220.44,3.5,1.0,5.75,4.333,3.333,4.5,80.071,89.667,42.667,94.5,92.0,88.5,88.667,92.5,8.0,92.857,99.0,7.6
036,Low,2024-8-16,16,46,56,6,16:55:06,16:56:16,1002,3087.36,1107.41,5368.44,941.64,2.73,-2.96,15.21,4.13,True,8,7,7,8,22,1,5,Very frequently,Moderately experienced,Moderately experienced,Never,2.429,3.333,4.583,80,92,22.833,1.312,0.25,Diagonal,Northwest,Northwest - Diagonal,Complex,7.0,AGV,52.279402461089504,65.41196080591612,186.97,3.5,1.0,5.75,4.333,3.333,4.5,80.071,89.667,42.667,94.5,92.0,88.5,88.667,92.5,8.0,92.857,99.0,7.6
036,Low,2024-8-16,16,46,56,7,16:56:25,16:57:34,832,4132.01,875.3,5484.45,1769.71,3.17,-4.52,15.24,4.56,True,8,8,8,9,22,1,5,Very frequently,Moderately experienced,Moderately experienced,Never,2.429,3.333,4.583,80,92,22.833,1.312,0.189,Straight,East,East - Straight,Straight,8.0,AGV,41.52230819004794,85.10468687574473,321.6,3.5,1.0,5.75,4.333,3.333,4.5,80.071,89.667,42.667,94.5,92.0,88.5,88.667,92.5,8.0,92.857,99.0,7.6
036,Low,2024-8-16,16,46,56,8,16:57:39,16:58:52,682,2731.46,550.99,4606.65,1090.83,3.03,-4.48,15.21,3.8,True,8,8,8,9,22,1,5,Very frequently,Moderately experienced,Moderately experienced,Never,2.429,3.333,4.583,80,92,22.833,1.312,0.141,Diagonal,Southwest,Southwest - Diagonal,Straight,8.0,AGV,51.76480297340099,133.75862164589145,253.48,3.5,1.0,5.75,4.333,3.333,4.5,80.071,89.667,42.667,94.5,92.0,88.5,88.667,92.5,8.0,92.857,99.0,7.6
036,Low,2024-8-16,16,46,56,9,16:58:58,17:00:16,676,4470.75,1056.28,7058.4,1605.9,2.8,-4.5,15.22,4.59,True,8,8,8,8,22,1,5,Very frequently,Moderately experienced,Moderately experienced,Never,2.429,3.333,4.583,80,92,22.833,1.312,0.131,Diagonal,Northeast,Northeast - Diagonal,Straight,8.0,AGV,48.47635768876702,74.14320519390257,121.54,3.5,1.0,5.75,4.333,3.333,4.5,80.071,89.667,42.667,94.5,92.0,88.5,88.667,92.5,8.0,92.857,99.0,7.6
036,Low,2024-8-16,16,46,56,10,17:00:21,17:01:27,613,3995.98,1129.21,5501.8,1735.83,3.34,-4.05,15.22,4.44,True,8,8,9,9,22,1,5,Very frequently,Moderately experienced,Moderately experienced,Never,2.429,3.333,4.583,80,92,22.833,1.312,0.153,Straight,West,West - Straight,Straight,8.0,AGV,43.42673923870997,96.54858415073417,587.27,3.5,1.0,5.75,4.333,3.333,4.5,80.071,89.667,42.667,94.5,92.0,88.5,88.667,92.5,8.0,92.857,99.0,7.6
036,Low,2024-8-16,16,46,56,11,17:01:33,17:02:33,716,3893.75,497.68,6218.82,2300.59,3.18,-5.43,15.3,5.11,True,9,8,9,8,22,1,5,Very frequently,Moderately experienced,Moderately experienced,Never,2.429,3.333,4.583,80,92,22.833,1.312,0.2,Diagonal,East,East - Diagonal,Complex,8.0,AGV,60.99189954292654,109.56553086188902,477.26,3.5,1.0,5.75,4.333,3.333,4.5,80.071,89.667,42.667,94.5,92.0,88.5,88.667,92.5,8.0,92.857,99.0,7.6
036,Low,2024-8-16,16,46,56,12,17:02:39,17:03:59,652,2714.36,721.72,4154.92,1236.86,2.62,-2.87,10.08,2.67,True,9,9,9,9,22,1,5,Very frequently,Moderately experienced,Moderately experienced,Never,2.429,3.333,4.583,80,92,22.833,1.312,0.184,Straight,Southeast,Southeast - Straight,Complex,9.0,User,74.88294850471385,101.3965192391983,422.81,3.5,1.0,5.75,4.333,3.333,4.5,80.071,89.667,42.667,94.5,92.0,88.5,88.667,92.5,8.0,92.857,99.0,7.6
036,Low,2024-8-16,16,46,56,13,17:04:05,17:04:50,16,4961.35,721.27,11834.89,4109.99,8.33,-2.33,15.22,5.82,True,9,9,9,9,22,1,5,Very frequently,Moderately experienced,Moderately experienced,Never,2.429,3.333,4.583,80,92,22.833,1.312,0.019,Straight,Southwest,Southwest - Straight,Complex,9.0,AGV,50.311700839993215,297.9850839989327,176.99,3.5,1.0,5.75,4.333,3.333,4.5,80.071,89.667,42.667,94.5,92.0,88.5,88.667,92.5,8.0,92.857,99.0,7.6
036,Low,2024-8-16,16,46,56,14,17:04:57,17:05:53,900,2490.09,621.77,4690.53,1074.83,3.84,-4.23,15.21,4.13,True,9,9,9,9,22,1,5,Very frequently,Moderately experienced,Moderately experienced,Never,2.429,3.333,4.583,80,92,22.833,1.312,,Diagonal,Southeast,Southeast - Diagonal,Straight,9.0,User,,,,3.5,1.0,5.75,4.333,3.333,4.5,80.071,89.667,42.667,94.5,92.0,88.5,88.667,92.5,8.0,92.857,99.0,7.6
036,Low,2024-8-16,16,46,56,16,17:06:51,17:07:48,563,3101.59,1193.91,5603.31,1001.87,3.3,-0.01,15.24,4.52,True,9,9,9,9,22,1,5,Very frequently,Moderately experienced,Moderately experienced,Never,2.429,3.333,4.583,80,92,22.833,1.312,0.167,Diagonal,West,West - Diagonal,Complex,9.0,AGV,63.188158701969435,110.96152274494386,108.71,3.5,1.0,5.75,4.333,3.333,4.5,80.071,89.667,42.667,94.5,92.0,88.5,88.667,92.5,8.0,92.857,99.0,7.6
037,High,2024-8-19,14,40,12,1,14:41:32,14:42:34,344,6946.59,703.45,12168.91,4294.53,7.46,-3.33,15.28,5.96,True,7,6,8,7,19,1,5,Occasionally,Moderately experienced,Experienced,Never,2.714,3.333,3.583,80,77,34.167,1.125,0.104,Straight,South,South - Straight,Straight,,AGV,59.53747894452907,144.13658729169552,125.65,3.5,1.667,3.75,3.667,3.333,3.5,80.143,92.333,49.0,87.5,89.0,96.5,80.333,77.417,9.2,67.857,65.0,28.0
037,High,2024-8-19,14,40,12,2,14:42:39,14:43:45,0,2585.06,1007.92,4596.57,966.18,3.31,-4.6,15.28,3.71,True,8,9,10,6,19,1,5,Occasionally,Moderately experienced,Experienced,Never,2.714,3.333,3.583,80,77,34.167,1.125,0.014,Diagonal,North,North - Diagonal,Complex,7.0,AGV,33.4993208283839,140.10174462396412,134.62,3.5,1.667,3.75,3.667,3.333,3.5,80.143,92.333,49.0,87.5,89.0,96.5,80.333,77.417,9.2,67.857,65.0,28.0
037,High,2024-8-19,14,40,12,3,14:43:52,14:45:02,411,3920.29,706.72,5861.58,1706.16,2.64,-5.47,15.21,4.19,True,9,10,7,10,19,1,5,Occasionally,Moderately experienced,Experienced,Never,2.714,3.333,3.583,80,77,34.167,1.125,0.133,Diagonal,South,South - Diagonal,Complex,8.0,,51.42659327904549,97.71612165953505,174.72,3.5,1.667,3.75,3.667,3.333,3.5,80.143,92.333,49.0,87.5,89.0,96.5,80.333,77.417,9.2,67.857,65.0,28.0
037,High,2024-8-19,14,40,12,4,14:45:09,14:45:49,633,4005.34,595.64,11786.92,3190.56,9.25,-2.31,15.22,4.92,True,8,8,7,10,19,1,5,Occasionally,Moderately experienced,Experienced,Never,2.714,3.333,3.583,80,77,34.167,1.125,0.2,Straight,Northeast,Northeast - Straight,Complex,9.0,AGV,56.91842981592521,281.39615786527827,120.8,3.5,1.667,3.75,3.667,3.333,3.5,80.143,92.333,49.0,87.5,89.0,96.5,80.333,77.417,9.2,67.857,65.0,28.0
037,High,2024-8-19,14,40,12,5,14:45:58,14:47:28,2,3833.64,2900.75,7556.07,841.69,2.14,-0.05,15.28,5.03,True,8,9,10,10,19,1,5,Occasionally,Moderately experienced,Experienced,Never,2.714,3.333,3.583,80,77,34.167,1.125,0.01,Straight,Northwest,Northwest - Straight,Complex,8.0,AGV,66.03597408294485,68.14423835015816,212.08,3.5,1.667,3.75,3.667,3.333,3.5,80.143,92.333,49.0,87.5,89.0,96.5,80.333,77.417,9.2,67.857,65.0,28.0
037,High,2024-8-19,14,40,12,6,14:47:35,14:48:25,672,2583.68,535.18,5371.25,1198.04,3.82,-2.74,15.21,3.96,True,9,9,10,10,19,1,5,Occasionally,Moderately experienced,Experienced,Never,2.714,3.333,3.583,80,77,34.167,1.125,0.18,Diagonal,Northwest,Northwest - Diagonal,Complex,8.0,AGV,72.82261850757358,124.42969468970945,250.63,3.5,1.667,3.75,3.667,3.333,3.5,80.143,92.333,49.0,87.5,89.0,96.5,80.333,77.417,9.2,67.857,65.0,28.0
037,High,2024-8-19,14,40,12,7,14:48:36,14:49:24,288,3483.77,850.37,5488.49,1788.12,4.55,-4.4,15.22,4.67,True,10,8,9,10,19,1,5,Occasionally,Moderately experienced,Experienced,Never,2.714,3.333,3.583,80,77,34.167,1.125,0.132,Straight,East,East - Straight,Straight,9.0,AGV,58.608202658801446,202.55355290699006,286.72,3.5,1.667,3.75,3.667,3.333,3.5,80.143,92.333,49.0,87.5,89.0,96.5,80.333,77.417,9.2,67.857,65.0,28.0
037,High,2024-8-19,14,40,12,8,14:49:29,14:50:15,0,2495.02,690.77,4601.05,1158.58,4.72,-4.38,15.22,5.32,True,9,9,9,10,19,1,5,Occasionally,Moderately experienced,Experienced,Never,2.714,3.333,3.583,80,77,34.167,1.125,0.0,Diagonal,Southwest,Southwest - Diagonal,Straight,10.0,AGV,81.14608500972481,109.74724112730242,124.92,3.5,1.667,3.75,3.667,3.333,3.5,80.143,92.333,49.0,87.5,89.0,96.5,80.333,77.417,9.2,67.857,65.0,28.0
037,High,2024-8-19,14,40,12,9,14:50:20,14:51:06,1316,3085.71,214.17,7051.79,2346.38,4.81,-4.0,15.22,6.13,True,10,10,10,10,19,1,5,Occasionally,Moderately experienced,Experienced,Never,2.714,3.333,3.583,80,77,34.167,1.125,0.49,Diagonal,Northeast,Northeast - Diagonal,Straight,9.0,User,81.28570723500842,212.8517399805718,462.95,3.5,1.667,3.75,3.667,3.333,3.5,80.143,92.333,49.0,87.5,89.0,96.5,80.333,77.417,9.2,67.857,65.0,28.0
037,High,2024-8-19,14,40,12,10,14:51:10,14:52:11,95,3977.8,1205.0,5500.42,1697.42,3.57,-4.42,15.21,4.6,True,10,9,7,9,19,1,5,Occasionally,Moderately experienced,Experienced,Never,2.714,3.333,3.583,80,77,34.167,1.125,0.088,Straight,West,West - Straight,Straight,10.0,User,46.536558093657206,112.12815518346233,236.13,3.5,1.667,3.75,3.667,3.333,3.5,80.143,92.333,49.0,87.5,89.0,96.5,80.333,77.417,9.2,67.857,65.0,28.0
037,High,2024-8-19,14,40,12,11,14:52:17,14:53:11,0,4313.5,613.17,6235.75,2089.86,3.57,-5.43,15.24,4.64,True,10,8,8,9,19,1,5,Occasionally,Moderately experienced,Experienced,Never,2.714,3.333,3.583,80,77,34.167,1.125,0.0,Diagonal,East,East - Diagonal,Complex,10.0,AGV,68.01985249829077,121.91895188898559,179.91,3.5,1.667,3.75,3.667,3.333,3.5,80.143,92.333,49.0,87.5,89.0,96.5,80.333,77.417,9.2,67.857,65.0,28.0
037,High,2024-8-19,14,40,12,12,14:53:17,14:54:44,59,3129.12,621.55,4113.34,1246.64,2.4,-4.03,15.23,3.78,False,10,9,9,9,19,1,5,Occasionally,Moderately experienced,Experienced,Never,2.714,3.333,3.583,80,77,34.167,1.125,0.032,Straight,Southeast,Southeast - Straight,Complex,10.0,User,68.48536927464511,91.99443643201482,260.45,3.5,1.667,3.75,3.667,3.333,3.5,80.143,92.333,49.0,87.5,89.0,96.5,80.333,77.417,9.2,67.857,65.0,28.0
037,High,2024-8-19,14,40,12,13,14:54:55,14:55:24,0,1949.29,1413.63,3275.55,477.35,5.02,-0.0,11.41,1.17,True,10,8,7,9,19,1,5,Occasionally,Moderately experienced,Experienced,Never,2.714,3.333,3.583,80,77,34.167,1.125,0.0,Straight,Southwest,Southwest - Straight,Complex,10.0,User,78.44975368046987,190.71309494534648,109.49,3.5,1.667,3.75,3.667,3.333,3.5,80.143,92.333,49.0,87.5,89.0,96.5,80.333,77.417,9.2,67.857,65.0,28.0
037,High,2024-8-19,14,40,12,14,14:55:30,14:56:22,0,2612.99,673.82,4680.48,1085.07,4.2,-4.4,15.22,5.32,False,10,10,9,8,19,1,5,Occasionally,Moderately experienced,Experienced,Never,2.714,3.333,3.583,80,77,34.167,1.125,0.0,Diagonal,Southeast,Southeast - Diagonal,Straight,10.0,User,68.37035280969408,172.70533704248567,145.14,3.5,1.667,3.75,3.667,3.333,3.5,80.143,92.333,49.0,87.5,89.0,96.5,80.333,77.417,9.2,67.857,65.0,28.0
037,High,2024-8-19,14,40,12,15,14:56:30,14:57:32,11,4119.97,884.37,6756.75,1753.67,3.5,-4.58,15.23,4.81,False,10,7,7,7,19,1,5,Occasionally,Moderately experienced,Experienced,Never,2.714,3.333,3.583,80,77,34.167,1.125,0.03,Straight,North,North - Straight,Straight,10.0,User,37.04185909683653,143.82166370519207,106.79,3.5,1.667,3.75,3.667,3.333,3.5,80.143,92.333,49.0,87.5,89.0,96.5,80.333,77.417,9.2,67.857,65.0,28.0
037,High,2024-8-19,14,40,12,16,14:57:36,14:58:22,387,2878.37,1047.87,5556.61,1138.94,4.07,-0.01,15.23,4.37,True,9,8,8,10,19,1,5,Occasionally,Moderately experienced,Experienced,Never,2.714,3.333,3.583,80,77,34.167,1.125,0.18,Diagonal,West,West - Diagonal,Complex,10.0,,78.07369940760903,121.1418000661885,136.84,3.5,1.667,3.75,3.667,3.333,3.5,80.143,92.333,49.0,87.5,89.0,96.5,80.333,77.417,9.2,67.857,65.0,28.0
037,Low,2024-8-19,15,5,12,1,15:05:32,15:06:43,954,5999.14,350.87,12089.75,4284.17,6.58,-2.56,15.22,6.69,True,10,9,9,10,19,1,5,Occasionally,Moderately experienced,Experienced,Never,2.714,3.333,3.583,60,77,25.667,1.125,0.244,Straight,South,South - Straight,Straight,6.0,User,52.32709404064158,62.551310303182156,164.81,3.5,1.667,3.75,3.667,3.333,3.5,60.357,93.0,20.333,83.5,28.0,41.5,75.667,77.833,9.6,68.857,80.0,14.8
037,Low,2024-8-19,15,5,12,2,15:06:49,15:07:23,0,1915.25,943.52,4499.08,947.46,5.64,-0.0,15.21,2.57,True,9,8,6,10,19,1,5,Occasionally,Moderately experienced,Experienced,Never,2.714,3.333,3.583,60,77,25.667,1.125,0.0,Diagonal,North,North - Diagonal,Complex,10.0,User,67.81994776323594,241.8470988359657,115.63,3.5,1.667,3.75,3.667,3.333,3.5,60.357,93.0,20.333,83.5,28.0,41.5,75.667,77.833,9.6,68.857,80.0,14.8
037,Low,2024-8-19,15,5,12,3,15:07:27,15:08:19,729,3028.62,520.8,5215.42,1803.89,3.64,-5.51,15.22,4.08,True,10,9,9,4,19,1,5,Occasionally,Moderately experienced,Experienced,Never,2.714,3.333,3.583,60,77,25.667,1.125,0.241,Diagonal,South,South - Diagonal,Complex,9.0,,68.94047143144286,131.30438645970654,286.52,3.5,1.667,3.75,3.667,3.333,3.5,60.357,93.0,20.333,83.5,28.0,41.5,75.667,77.833,9.6,68.857,80.0,14.8
037,Low,2024-8-19,15,5,12,4,15:08:26,15:09:25,1496,3342.69,475.66,11841.49,3680.98,6.23,-2.56,15.22,6.74,False,9,7,8,10,19,1,5,Occasionally,Moderately experienced,Experienced,Never,2.714,3.333,3.583,60,77,25.667,1.125,0.415,Straight,Northeast,Northeast - Straight,Complex,10.0,AGV,38.61623674099013,211.299481900485,354.68,3.5,1.667,3.75,3.667,3.333,3.5,60.357,93.0,20.333,83.5,28.0,41.5,75.667,77.833,9.6,68.857,80.0,14.8
037,Low,2024-8-19,15,5,12,5,15:09:30,15:10:39,254,3518.85,2022.68,7575.06,1108.14,3.04,-3.04,15.24,4.67,True,8,8,8,8,19,1,5,Occasionally,Moderately experienced,Experienced,Never,2.714,3.333,3.583,60,77,25.667,1.125,0.125,Straight,Northwest,Northwest - Straight,Complex,9.0,User,86.30187395911064,54.44127971735365,296.79,3.5,1.667,3.75,3.667,3.333,3.5,60.357,93.0,20.333,83.5,28.0,41.5,75.667,77.833,9.6,68.857,80.0,14.8
037,Low,2024-8-19,15,5,12,6,15:10:43,15:11:23,536,2453.63,733.92,5371.68,1252.78,4.83,-4.25,15.22,4.02,True,10,8,9,7,19,1,5,Occasionally,Moderately experienced,Experienced,Never,2.714,3.333,3.583,60,77,25.667,1.125,0.293,Diagonal,Northwest,Northwest - Diagonal,Complex,8.0,AGV,92.68800400535288,164.54945351988962,190.09,3.5,1.667,3.75,3.667,3.333,3.5,60.357,93.0,20.333,83.5,28.0,41.5,75.667,77.833,9.6,68.857,80.0,14.8
037,Low,2024-8-19,15,5,12,7,15:11:27,15:12:07,258,3133.04,557.71,5453.64,2037.93,5.47,-4.44,15.23,6.36,True,8,7,6,6,19,1,5,Occasionally,Moderately experienced,Experienced,Never,2.714,3.333,3.583,60,77,25.667,1.125,0.159,Straight,East,East - Straight,Straight,10.0,AGV,70.00307493896621,182.73326027213332,205.29,3.5,1.667,3.75,3.667,3.333,3.5,60.357,93.0,20.333,83.5,28.0,41.5,75.667,77.833,9.6,68.857,80.0,14.8
037,Low,2024-8-19,15,5,12,8,15:12:11,15:13:02,18,2068.43,528.8,4595.25,1282.17,4.32,-4.51,15.23,5.27,True,8,9,10,8,19,1,5,Occasionally,Moderately experienced,Experienced,Never,2.714,3.333,3.583,60,77,25.667,1.125,0.018,Diagonal,Southwest,Southwest - Diagonal,Straight,8.0,User,73.32389425556657,65.06855492549285,163.27,3.5,1.667,3.75,3.667,3.333,3.5,60.357,93.0,20.333,83.5,28.0,41.5,75.667,77.833,9.6,68.857,80.0,14.8
037,Low,2024-8-19,15,5,12,9,15:13:06,15:14:05,107,4277.65,1100.8,7057.69,1645.09,3.76,-4.42,15.22,5.2,True,10,9,7,9,19,1,5,Occasionally,Moderately experienced,Experienced,Never,2.714,3.333,3.583,60,77,25.667,1.125,0.063,Diagonal,Northeast,Northeast - Diagonal,Straight,8.0,User,63.62791401397927,165.78559943496168,336.03,3.5,1.667,3.75,3.667,3.333,3.5,60.357,93.0,20.333,83.5,28.0,41.5,75.667,77.833,9.6,68.857,80.0,14.8
037,Low,2024-8-19,15,5,12,10,15:14:10,15:15:00,200,3659.38,1126.76,5489.03,1733.71,4.39,-4.46,15.24,4.75,True,10,7,9,6,19,1,5,Occasionally,Moderately experienced,Experienced,Never,2.714,3.333,3.583,60,77,25.667,1.125,0.105,Straight,West,West - Straight,Straight,10.0,AGV,57.56525100259663,8.954507241405096,214.96,3.5,1.667,3.75,3.667,3.333,3.5,60.357,93.0,20.333,83.5,28.0,41.5,75.667,77.833,9.6,68.857,80.0,14.8
037,Low,2024-8-19,15,5,12,11,15:15:06,15:16:03,0,4503.59,1138.01,6236.75,1905.63,3.35,-5.37,15.22,4.71,True,7,8,9,10,19,1,5,Occasionally,Moderately experienced,Experienced,Never,2.714,3.333,3.583,60,77,25.667,1.125,0.0,Diagonal,East,East - Diagonal,Complex,10.0,AGV,65.18966993842523,99.81745192996968,203.17,3.5,1.667,3.75,3.667,3.333,3.5,60.357,93.0,20.333,83.5,28.0,41.5,75.667,77.833,9.6,68.857,80.0,14.8
037,Low,2024-8-19,15,5,12,12,15:16:14,15:17:29,0,2954.64,671.73,4076.58,1269.5,2.81,-2.03,15.26,3.99,True,10,6,8,6,19,1,5,Occasionally,Moderately experienced,Experienced,Never,2.714,3.333,3.583,60,77,25.667,1.125,0.0,Straight,Southeast,Southeast - Straight,Complex,7.0,User,79.75696778944418,104.4458616413855,235.78,3.5,1.667,3.75,3.667,3.333,3.5,60.357,93.0,20.333,83.5,28.0,41.5,75.667,77.833,9.6,68.857,80.0,14.8
037,Low,2024-8-19,15,5,12,13,15:17:30,15:18:03,0,2050.81,1313.04,4088.97,630.11,5.84,-0.0,15.22,2.51,True,10,8,9,6,19,1,5,Occasionally,Moderately experienced,Experienced,Never,2.714,3.333,3.583,60,77,25.667,1.125,0.0,Straight,Southwest,Southwest - Straight,Complex,10.0,User,68.97442746438489,252.87444610723242,117.54,3.5,1.667,3.75,3.667,3.333,3.5,60.357,93.0,20.333,83.5,28.0,41.5,75.667,77.833,9.6,68.857,80.0,14.8
037,Low,2024-8-19,15,5,12,14,15:18:07,15:19:04,0,2462.26,530.46,4684.91,1216.69,3.88,-4.41,15.24,5.25,True,7,7,6,8,19,1,5,Occasionally,Moderately experienced,Experienced,Never,2.714,3.333,3.583,60,77,25.667,1.125,0.0,Diagonal,Southeast,Southeast - Diagonal,Straight,10.0,User,62.48253510607123,156.16235331076365,184.78,3.5,1.667,3.75,3.667,3.333,3.5,60.357,93.0,20.333,83.5,28.0,41.5,75.667,77.833,9.6,68.857,80.0,14.8
037,Low,2024-8-19,15,5,12,15,15:19:08,15:19:55,22,4164.61,780.33,6754.18,1785.32,4.63,-4.43,15.24,5.48,True,9,7,9,10,19,1,5,Occasionally,Moderately experienced,Experienced,Never,2.714,3.333,3.583,60,77,25.667,1.125,0.036,Straight,North,North - Straight,Straight,7.0,User,48.49505591255666,171.5827488906483,192.24,3.5,1.667,3.75,3.667,3.333,3.5,60.357,93.0,20.333,83.5,28.0,41.5,75.667,77.833,9.6,68.857,80.0,14.8
037,Low,2024-8-19,15,5,12,16,15:20:04,15:20:54,477,2892.72,1107.98,5555.39,1096.91,3.83,-0.0,15.21,4.23,True,9,9,10,9,19,1,5,Occasionally,Moderately experienced,Experienced,Never,2.714,3.333,3.583,60,77,25.667,1.125,0.167,Diagonal,West,West - Diagonal,Complex,9.0,,71.39700004580865,123.53283309394105,152.78,3.5,1.667,3.75,3.667,3.333,3.5,60.357,93.0,20.333,83.5,28.0,41.5,75.667,77.833,9.6,68.857,80.0,14.8
038,High,2024-8-20,11,7,47,1,11:08:22,11:09:29,383,7505.69,649.23,12515.22,4465.94,7.04,-3.28,15.23,6.05,True,8,8,9,9,24,2,5,Rarely,Very Inexperienced,Very Inexperienced,Never,2.714,2.833,4.75,76,82,48.667,1.312,0.141,Straight,South,South - Straight,Straight,7.6,AGV,55.053596830395904,81.59387805709132,382.26,4.0,1.0,5.0,3.333,5.333,5.5,76.357,86.0,50.333,83.5,96.0,80.5,78.667,82.545,8.25,77.286,96.0,39.2
038,High,2024-8-20,11,7,47,2,11:09:32,11:10:15,0,2236.2,1002.2,4546.02,922.42,5.04,-3.72,15.21,3.19,True,9,10,10,10,24,2,5,Rarely,Very Inexperienced,Very Inexperienced,Never,2.714,2.833,4.75,76,82,48.667,1.312,0.0,Diagonal,North,North - Diagonal,Complex,8.0,AGV,53.222732822975665,210.10503449934663,88.27,4.0,1.0,5.0,3.333,5.333,5.5,76.357,86.0,50.333,83.5,96.0,80.5,78.667,82.545,8.25,77.286,96.0,39.2
038,High,2024-8-20,11,7,47,3,11:10:20,11:11:27,782,3714.1,824.51,5437.12,1696.66,2.81,-5.41,15.22,4.02,True,8,8,9,9,24,2,5,Rarely,Very Inexperienced,Very Inexperienced,Never,2.714,2.833,4.75,76,82,48.667,1.312,0.186,Diagonal,South,South - Diagonal,Complex,9.0,,53.32823168033606,101.95769131098209,157.92,4.0,1.0,5.0,3.333,5.333,5.5,76.357,86.0,50.333,83.5,96.0,80.5,78.667,82.545,8.25,77.286,96.0,39.2
038,High,2024-8-20,11,7,47,4,11:11:31,11:12:22,803,5817.53,784.28,12023.68,4311.39,7.24,-3.32,15.23,5.8,True,9,9,9,8,24,2,5,Rarely,Very Inexperienced,Very Inexperienced,Never,2.714,2.833,4.75,76,82,48.667,1.312,0.238,Straight,Northeast,Northeast - Straight,Complex,8.0,AGV,43.64858782483832,254.07400895169818,219.4,4.0,1.0,5.0,3.333,5.333,5.5,76.357,86.0,50.333,83.5,96.0,80.5,78.667,82.545,8.25,77.286,96.0,39.2
038,High,2024-8-20,11,7,47,5,11:12:34,11:13:48,211,3428.0,1738.24,7642.85,1150.71,2.8,-4.21,15.23,4.61,True,9,9,9,10,24,2,5,Rarely,Very Inexperienced,Very Inexperienced,Never,2.714,2.833,4.75,76,82,48.667,1.312,0.114,Straight,Northwest,Northwest - Straight,Complex,9.0,AGV,80.63738257223334,53.253134727995764,163.9,4.0,1.0,5.0,3.333,5.333,5.5,76.357,86.0,50.333,83.5,96.0,80.5,78.667,82.545,8.25,77.286,96.0,39.2
038,High,2024-8-20,11,7,47,6,11:13:54,11:15:04,644,3224.43,1582.88,5383.96,832.96,2.76,-3.32,15.24,4.37,True,9,9,9,10,24,2,5,Rarely,Very Inexperienced,Very Inexperienced,Never,2.714,2.833,4.75,76,82,48.667,1.312,0.188,Diagonal,Northwest,Northwest - Diagonal,Complex,9.0,AGV,52.377876876455545,40.87205624066245,177.09,4.0,1.0,5.0,3.333,5.333,5.5,76.357,86.0,50.333,83.5,96.0,80.5,78.667,82.545,8.25,77.286,96.0,39.2
038,High,2024-8-20,11,7,47,7,11:15:08,11:16:07,530,3715.52,881.78,5431.05,1770.32,3.7,-4.42,15.21,4.49,True,9,9,9,10,24,2,5,Rarely,Very Inexperienced,Very Inexperienced,Never,2.714,2.833,4.75,76,82,48.667,1.312,0.175,Straight,East,East - Straight,Straight,9.0,AGV,48.15026917191071,165.25018289171817,226.45,4.0,1.0,5.0,3.333,5.333,5.5,76.357,86.0,50.333,83.5,96.0,80.5,78.667,82.545,8.25,77.286,96.0,39.2
038,High,2024-8-20,11,7,47,8,11:16:12,11:17:24,652,2842.91,899.08,4648.58,1038.26,3.05,-4.42,15.22,3.94,True,9,9,9,10,24,2,5,Rarely,Very Inexperienced,Very Inexperienced,Never,2.714,2.833,4.75,76,82,48.667,1.312,0.143,Diagonal,Southwest,Southwest - Diagonal,Straight,9.0,AGV,51.59647208967343,117.09058088156644,211.81,4.0,1.0,5.0,3.333,5.333,5.5,76.357,86.0,50.333,83.5,96.0,80.5,78.667,82.545,8.25,77.286,96.0,39.2
038,High,2024-8-20,11,7,47,9,11:17:29,11:18:37,469,4206.47,921.21,7043.04,1669.41,3.23,-4.4,15.22,4.74,True,10,10,9,8,24,2,5,Rarely,Very Inexperienced,Very Inexperienced,Never,2.714,2.833,4.75,76,82,48.667,1.312,0.153,Diagonal,Northeast,Northeast - Diagonal,Straight,9.0,AGV,54.527279804319626,77.31593682210186,132.76,4.0,1.0,5.0,3.333,5.333,5.5,76.357,86.0,50.333,83.5,96.0,80.5,78.667,82.545,8.25,77.286,96.0,39.2
038,High,2024-8-20,11,7,47,10,11:18:42,11:19:47,164,4038.31,1232.91,5439.53,1602.85,3.37,-4.41,15.23,4.6,True,10,9,10,10,24,2,5,Rarely,Very Inexperienced,Very Inexperienced,Never,2.714,2.833,4.75,76,82,48.667,1.312,0.086,Straight,West,West - Straight,Straight,10.0,AGV,43.67026698965406,95.76275699882815,147.31,4.0,1.0,5.0,3.333,5.333,5.5,76.357,86.0,50.333,83.5,96.0,80.5,78.667,82.545,8.25,77.286,96.0,39.2
038,High,2024-8-20,11,7,47,11,11:19:51,11:21:25,824,4504.75,599.33,6450.51,2267.06,2.05,-3.43,15.25,4.28,True,10,10,9,6,24,2,5,Rarely,Very Inexperienced,Very Inexperienced,Never,2.714,2.833,4.75,76,82,48.667,1.312,0.132,Diagonal,East,East - Diagonal,Complex,10.0,AGV,38.75687933860208,69.77459582010879,295.9,4.0,1.0,5.0,3.333,5.333,5.5,76.357,86.0,50.333,83.5,96.0,80.5,78.667,82.545,8.25,77.286,96.0,39.2
038,High,2024-8-20,11,7,47,12,11:21:46,11:23:19,628,3456.11,952.22,5262.41,1669.22,2.57,-0.06,14.16,2.79,True,9,9,10,10,24,2,5,Rarely,Very Inexperienced,Very Inexperienced,Never,2.714,2.833,4.75,76,82,48.667,1.312,0.125,Straight,Southeast,Southeast - Straight,Complex,10.0,User,64.44943730715787,73.27890332735134,258.36,4.0,1.0,5.0,3.333,5.333,5.5,76.357,86.0,50.333,83.5,96.0,80.5,78.667,82.545,8.25,77.286,96.0,39.2
038,High,2024-8-20,11,7,47,13,11:23:30,11:24:47,0,7826.97,726.64,11955.16,4668.8,4.8,-3.48,15.22,5.98,True,9,9,10,10,24,2,5,Rarely,Very Inexperienced,Very Inexperienced,Never,2.714,2.833,4.75,76,82,48.667,1.312,0.0,Straight,Southwest,Southwest - Straight,Complex,9.0,AGV,29.196667446805044,174.28641760861865,104.35,4.0,1.0,5.0,3.333,5.333,5.5,76.357,86.0,50.333,83.5,96.0,80.5,78.667,82.545,8.25,77.286,96.0,39.2
038,High,2024-8-20,11,7,47,14,11:24:53,11:26:21,957,2922.47,1163.75,4702.36,882.07,2.48,-4.45,15.21,3.72,True,9,9,10,10,24,2,5,Rarely,Very Inexperienced,Very Inexperienced,Never,2.714,2.833,4.75,76,82,48.667,1.312,0.172,Diagonal,Southeast,Southeast - Diagonal,Straight,9.0,User,40.929419159163416,93.58099514986898,185.39,4.0,1.0,5.0,3.333,5.333,5.5,76.357,86.0,50.333,83.5,96.0,80.5,78.667,82.545,8.25,77.286,96.0,39.2
038,High,2024-8-20,11,7,47,15,11:26:25,11:27:14,347,4058.87,897.78,6768.13,1775.74,4.5,-4.59,15.22,5.33,True,9,10,10,9,24,2,5,Rarely,Very Inexperienced,Very Inexperienced,Never,2.714,2.833,4.75,76,82,48.667,1.312,0.132,Straight,North,North - Straight,Straight,9.0,AGV,46.36851378285504,182.1254025505745,158.98,4.0,1.0,5.0,3.333,5.333,5.5,76.357,86.0,50.333,83.5,96.0,80.5,78.667,82.545,8.25,77.286,96.0,39.2
038,High,2024-8-20,11,7,47,16,11:27:18,11:28:26,358,3284.85,1548.27,5622.63,872.58,2.79,-0.0,15.22,4.36,True,9,9,10,10,24,2,5,Rarely,Very Inexperienced,Very Inexperienced,Never,2.714,2.833,4.75,76,82,48.667,1.312,0.125,Diagonal,West,West - Diagonal,Complex,9.0,,52.67068436670951,92.47924010822797,74.72,4.0,1.0,5.0,3.333,5.333,5.5,76.357,86.0,50.333,83.5,96.0,80.5,78.667,82.545,8.25,77.286,96.0,39.2
038,Low,2024-8-20,10,28,40,1,10:29:14,10:31:08,526,8005.43,438.02,12227.07,3766.26,4.12,-3.41,15.24,6.07,True,3,3,5,2,24,2,5,Rarely,Very Inexperienced,Very Inexperienced,Never,2.714,2.833,4.75,68,77,54.0,1.25,0.108,Straight,South,South - Straight,Straight,,AGV,32.60054935309137,40.04552387404904,229.97,4.0,1.0,5.0,3.333,5.333,5.5,68.714,77.333,40.0,81.0,67.0,75.0,77.0,77.545,20.75,76.571,90.0,46.8
038,Low,2024-8-20,10,28,40,2,10:31:13,10:32:52,0,2752.37,899.22,4516.96,875.09,2.2,-4.4,15.22,3.25,True,7,10,8,9,24,2,5,Rarely,Very Inexperienced,Very Inexperienced,Never,2.714,2.833,4.75,68,77,54.0,1.25,0.019,Diagonal,North,North - Diagonal,Complex,3.0,User,23.16827096467261,97.79845455686362,95.14,4.0,1.0,5.0,3.333,5.333,5.5,68.714,77.333,40.0,81.0,67.0,75.0,77.0,77.545,20.75,76.571,90.0,46.8
038,Low,2024-8-20,10,28,40,3,10:32:58,10:34:27,689,4129.05,716.75,5937.69,1595.24,2.09,-5.49,15.22,3.86,True,9,9,8,10,24,2,5,Rarely,Very Inexperienced,Very Inexperienced,Never,2.714,2.833,4.75,68,77,54.0,1.25,0.118,Diagonal,South,South - Diagonal,Complex,7.0,,40.87698690532124,83.57076711642209,138.12,4.0,1.0,5.0,3.333,5.333,5.5,68.714,77.333,40.0,81.0,67.0,75.0,77.0,77.545,20.75,76.571,90.0,46.8
038,Low,2024-8-20,10,28,40,4,10:34:32,10:35:37,586,7294.34,927.3,11818.31,4465.74,5.67,-3.19,15.29,6.03,True,10,9,8,10,24,2,5,Rarely,Very Inexperienced,Very Inexperienced,Never,2.714,2.833,4.75,68,77,54.0,1.25,0.2,Straight,Northeast,Northeast - Straight,Complex,9.0,AGV,34.85789800717514,204.32392247890562,97.97,4.0,1.0,5.0,3.333,5.333,5.5,68.714,77.333,40.0,81.0,67.0,75.0,77.0,77.545,20.75,76.571,90.0,46.8
038,Low,2024-8-20,10,28,40,5,10:35:42,10:37:34,141,3714.02,2320.56,7633.05,880.98,1.68,-0.04,15.23,4.12,True,10,10,9,10,24,2,5,Rarely,Very Inexperienced,Very Inexperienced,Never,2.714,2.833,4.75,68,77,54.0,1.25,0.051,Straight,Northwest,Northwest - Straight,Complex,10.0,AGV,53.41646078992385,58.10311135385258,151.58,4.0,1.0,5.0,3.333,5.333,5.5,68.714,77.333,40.0,81.0,67.0,75.0,77.0,77.545,20.75,76.571,90.0,46.8
038,Low,2024-8-20,10,28,40,6,10:37:39,10:39:07,701,3403.88,1543.16,5358.3,843.17,2.18,-4.12,15.24,4.14,True,10,9,9,10,24,2,5,Rarely,Very Inexperienced,Very Inexperienced,Never,2.714,2.833,4.75,68,77,54.0,1.25,0.152,Diagonal,Northwest,Northwest - Diagonal,Complex,10.0,AGV,41.892279634228665,74.82851743707569,131.99,4.0,1.0,5.0,3.333,5.333,5.5,68.714,77.333,40.0,81.0,67.0,75.0,77.0,77.545,20.75,76.571,90.0,46.8
038,Low,2024-8-20,10,28,40,7,10:39:11,10:40:31,314,4233.98,1223.34,5475.02,1595.46,2.72,-4.4,15.22,4.23,True,10,10,9,10,24,2,5,Rarely,Very Inexperienced,Very Inexperienced,Never,2.714,2.833,4.75,68,77,54.0,1.25,0.107,Straight,East,East - Straight,Straight,10.0,AGV,35.39790154353458,98.88857870992885,122.49,4.0,1.0,5.0,3.333,5.333,5.5,68.714,77.333,40.0,81.0,67.0,75.0,77.0,77.545,20.75,76.571,90.0,46.8
038,Low,2024-8-20,10,28,40,8,10:40:35,10:42:05,302,3216.14,1041.91,4615.95,1009.91,2.46,-4.44,15.22,4.08,True,8,9,9,10,24,2,5,Rarely,Very Inexperienced,Very Inexperienced,Never,2.714,2.833,4.75,68,77,54.0,1.25,0.075,Diagonal,Southwest,Southwest - Diagonal,Straight,10.0,AGV,40.84759638174435,108.9002288097685,103.98,4.0,1.0,5.0,3.333,5.333,5.5,68.714,77.333,40.0,81.0,67.0,75.0,77.0,77.545,20.75,76.571,90.0,46.8
038,Low,2024-8-20,10,28,40,9,10:42:10,10:43:33,375,4427.72,1084.57,7028.86,1565.99,2.63,-4.4,15.22,4.46,True,9,9,9,10,24,2,5,Rarely,Very Inexperienced,Very Inexperienced,Never,2.714,2.833,4.75,68,77,54.0,1.25,0.103,Diagonal,Northeast,Northeast - Diagonal,Straight,8.0,AGV,44.546602700956946,71.0014549970731,116.21,4.0,1.0,5.0,3.333,5.333,5.5,68.714,77.333,40.0,81.0,67.0,75.0,77.0,77.545,20.75,76.571,90.0,46.8
038,Low,2024-8-20,10,28,40,10,10:43:37,10:45:05,320,4413.46,1260.53,5549.36,1553.21,2.51,-4.42,15.24,4.2,True,10,9,9,10,24,2,5,Rarely,Very Inexperienced,Very Inexperienced,Never,2.714,2.833,4.75,68,77,54.0,1.25,0.088,Straight,West,West - Straight,Straight,9.0,AGV,32.39872302911788,74.21451159561126,239.47,4.0,1.0,5.0,3.333,5.333,5.5,68.714,77.333,40.0,81.0,67.0,75.0,77.0,77.545,20.75,76.571,90.0,46.8
038,Low,2024-8-20,10,28,40,11,10:45:08,10:48:41,1037,5148.61,423.01,6285.73,1871.3,0.9,-5.44,15.25,3.0,True,8,9,7,5,24,2,5,Rarely,Very Inexperienced,Very Inexperienced,Never,2.714,2.833,4.75,68,77,54.0,1.25,0.102,Diagonal,East,East - Diagonal,Complex,10.0,AGV,17.126272670772277,21.710898547979657,1448.59,4.0,1.0,5.0,3.333,5.333,5.5,68.714,77.333,40.0,81.0,67.0,75.0,77.0,77.545,20.75,76.571,90.0,46.8
038,Low,2024-8-20,10,28,40,12,10:48:44,10:50:21,401,3447.42,1031.22,5240.41,1621.95,2.5,-0.61,14.13,2.83,True,9,9,9,10,24,2,5,Rarely,Very Inexperienced,Very Inexperienced,Never,2.714,2.833,4.75,68,77,54.0,1.25,0.08,Straight,Southeast,Southeast - Straight,Complex,8.0,User,61.75788489858242,65.50743177399298,205.89,4.0,1.0,5.0,3.333,5.333,5.5,68.714,77.333,40.0,81.0,67.0,75.0,77.0,77.545,20.75,76.571,90.0,46.8
038,Low,2024-8-20,10,28,40,13,10:50:25,10:51:24,0,5658.69,753.91,11952.78,4528.45,6.17,-2.51,15.22,5.37,True,9,9,9,10,24,2,5,Rarely,Very Inexperienced,Very Inexperienced,Never,2.714,2.833,4.75,68,77,54.0,1.25,0.0,Straight,Southwest,Southwest - Straight,Complex,9.0,AGV,37.99368665885356,216.67013133666183,228.71,4.0,1.0,5.0,3.333,5.333,5.5,68.714,77.333,40.0,81.0,67.0,75.0,77.0,77.545,20.75,76.571,90.0,46.8
038,Low,2024-8-20,10,28,40,14,10:51:29,10:52:52,876,2933.44,1197.59,4714.23,902.61,2.63,-4.47,15.21,3.78,True,10,9,9,8,24,2,5,Rarely,Very Inexperienced,Very Inexperienced,Never,2.714,2.833,4.75,68,77,54.0,1.25,0.193,Diagonal,Southeast,Southeast - Diagonal,Straight,9.0,User,42.80507014736484,90.74630713263053,228.5,4.0,1.0,5.0,3.333,5.333,5.5,68.714,77.333,40.0,81.0,67.0,75.0,77.0,77.545,20.75,76.571,90.0,46.8
038,Low,2024-8-20,10,28,40,15,10:52:57,10:53:47,249,4188.64,853.35,6755.2,1774.33,4.37,-4.56,15.22,5.43,True,9,9,9,8,24,2,5,Rarely,Very Inexperienced,Very Inexperienced,Never,2.714,2.833,4.75,68,77,54.0,1.25,0.13,Straight,North,North - Straight,Straight,10.0,AGV,45.98530885932139,172.49058407616658,102.88,4.0,1.0,5.0,3.333,5.333,5.5,68.714,77.333,40.0,81.0,67.0,75.0,77.0,77.545,20.75,76.571,90.0,46.8
038,Low,2024-8-20,10,28,40,16,10:53:51,10:55:08,606,3432.8,1820.63,5559.23,764.05,2.45,-0.03,15.28,4.31,True,9,9,9,10,24,2,5,Rarely,Very Inexperienced,Very Inexperienced,Never,2.714,2.833,4.75,68,77,54.0,1.25,0.141,Diagonal,West,West - Diagonal,Complex,9.0,,45.39889647791456,81.6093412701869,98.76,4.0,1.0,5.0,3.333,5.333,5.5,68.714,77.333,40.0,81.0,67.0,75.0,77.0,77.545,20.75,76.571,90.0,46.8
039,High,2024-8-20,14,28,11,1,14:29:18,14:30:32,449,6928.71,345.78,12023.08,3925.87,6.3,-2.49,15.3,6.58,True,5,5,5,5,22,1,5,Frequently,Inexperienced,Inexperienced,Never,3.143,2.667,3.583,49,35,31.667,1.188,0.123,Straight,South,South - Straight,Straight,,AGV,50.49358256292655,120.8571281869612,96.78,3.0,3.333,3.25,4.0,3.667,3.5,49.357,59.333,45.333,55.5,35.0,55.0,40.333,35.417,46.2,22.286,95.0,19.0
039,High,2024-8-20,14,28,11,2,14:30:39,14:31:35,0,2345.44,879.04,4524.37,974.34,3.85,-3.5,15.21,3.4,True,5,5,5,7,22,1,5,Frequently,Inexperienced,Inexperienced,Never,3.143,2.667,3.583,49,35,31.667,1.188,0.0,Diagonal,North,North - Diagonal,Complex,5.0,AGV,40.70078999667147,170.51190602141045,109.76,3.0,3.333,3.25,4.0,3.667,3.5,49.357,59.333,45.333,55.5,35.0,55.0,40.333,35.417,46.2,22.286,95.0,19.0
039,High,2024-8-20,14,28,11,3,14:31:42,14:32:49,525,3961.66,877.11,6039.28,1762.37,2.78,-5.46,15.22,4.32,True,6,6,6,7,22,1,5,Frequently,Inexperienced,Inexperienced,Never,3.143,2.667,3.583,49,35,31.667,1.188,0.178,Diagonal,South,South - Diagonal,Complex,5.0,,53.0092485924016,96.64735627116298,85.67,3.0,3.333,3.25,4.0,3.667,3.5,49.357,59.333,45.333,55.5,35.0,55.0,40.333,35.417,46.2,22.286,95.0,19.0
039,High,2024-8-20,14,28,11,4,14:32:54,14:33:52,497,6323.45,805.51,11785.57,4404.59,6.43,-3.47,15.23,5.88,True,6,6,6,7,22,1,5,Frequently,Inexperienced,Inexperienced,Never,3.143,2.667,3.583,49,35,31.667,1.188,0.169,Straight,Northeast,Northeast - Straight,Complex,6.0,AGV,38.799869835842294,231.2564876277318,182.68,3.0,3.333,3.25,4.0,3.667,3.5,49.357,59.333,45.333,55.5,35.0,55.0,40.333,35.417,46.2,22.286,95.0,19.0
039,High,2024-8-20,14,28,11,5,14:34:00,14:35:26,66,3504.43,2048.17,7490.28,971.27,2.44,-3.13,15.29,4.36,True,6,5,5,4,22,1,5,Frequently,Inexperienced,Inexperienced,Never,3.143,2.667,3.583,49,35,31.667,1.188,0.054,Straight,Northwest,Northwest - Straight,Complex,6.0,AGV,69.71894598520834,55.85873914442012,171.37,3.0,3.333,3.25,4.0,3.667,3.5,49.357,59.333,45.333,55.5,35.0,55.0,40.333,35.417,46.2,22.286,95.0,19.0
039,High,2024-8-20,14,28,11,6,14:35:31,14:36:32,291,3013.51,1266.23,5368.2,945.88,3.15,-4.28,15.23,4.32,True,5,5,5,5,22,1,5,Frequently,Inexperienced,Inexperienced,Never,3.143,2.667,3.583,49,35,31.667,1.188,0.134,Diagonal,Northwest,Northwest - Diagonal,Complex,6.0,AGV,59.65253613007559,106.1499910593464,95.22,3.0,3.333,3.25,4.0,3.667,3.5,49.357,59.333,45.333,55.5,35.0,55.0,40.333,35.417,46.2,22.286,95.0,19.0
039,High,2024-8-20,14,28,11,7,14:36:38,14:37:27,519,3422.53,830.05,5421.82,1774.03,4.49,-4.43,15.22,4.63,True,6,6,6,6,22,1,5,Frequently,Inexperienced,Inexperienced,Never,3.143,2.667,3.583,49,35,31.667,1.188,0.167,Straight,East,East - Straight,Straight,5.0,AGV,58.37999866110967,157.7104988591106,225.38,3.0,3.333,3.25,4.0,3.667,3.5,49.357,59.333,45.333,55.5,35.0,55.0,40.333,35.417,46.2,22.286,95.0,19.0
039,High,2024-8-20,14,28,11,8,14:37:32,14:38:45,696,2812.2,626.49,4621.92,1106.39,3.01,-4.43,15.22,3.88,True,6,6,6,6,22,1,5,Frequently,Inexperienced,Inexperienced,Never,3.143,2.667,3.583,49,35,31.667,1.188,0.162,Diagonal,Southwest,Southwest - Diagonal,Straight,6.0,AGV,51.532944298137124,134.0569191326434,254.83,3.0,3.333,3.25,4.0,3.667,3.5,49.357,59.333,45.333,55.5,35.0,55.0,40.333,35.417,46.2,22.286,95.0,19.0
039,High,2024-8-20,14,28,11,9,14:38:53,14:39:54,70,4228.39,973.63,7123.43,1689.05,3.57,-4.45,15.23,5.0,True,5,5,5,5,22,1,5,Frequently,Inexperienced,Inexperienced,Never,3.143,2.667,3.583,49,35,31.667,1.188,0.06,Diagonal,Northeast,Northeast - Diagonal,Straight,6.0,AGV,61.69225519022198,133.6891834501183,91.21,3.0,3.333,3.25,4.0,3.667,3.5,49.357,59.333,45.333,55.5,35.0,55.0,40.333,35.417,46.2,22.286,95.0,19.0
039,High,2024-8-20,14,28,11,10,14:40:00,14:41:00,471,3842.85,1024.48,5435.47,1716.68,3.63,-4.41,15.21,4.58,True,5,5,5,6,22,1,5,Frequently,Inexperienced,Inexperienced,Never,3.143,2.667,3.583,49,35,31.667,1.188,0.169,Straight,West,West - Straight,Straight,5.0,AGV,47.74145172658577,164.09911941994824,154.9,3.0,3.333,3.25,4.0,3.667,3.5,49.357,59.333,45.333,55.5,35.0,55.0,40.333,35.417,46.2,22.286,95.0,19.0
039,High,2024-8-20,14,28,11,11,14:41:05,14:42:13,965,3968.32,577.35,6101.29,2161.44,2.79,-5.28,15.25,4.84,True,5,5,4,4,22,1,5,Frequently,Inexperienced,Inexperienced,Never,3.143,2.667,3.583,49,35,31.667,1.188,0.189,Diagonal,East,East - Diagonal,Complex,5.0,AGV,53.668196142798976,77.1756324483682,194.06,3.0,3.333,3.25,4.0,3.667,3.5,49.357,59.333,45.333,55.5,35.0,55.0,40.333,35.417,46.2,22.286,95.0,19.0
039,High,2024-8-20,14,28,11,12,14:42:19,14:43:42,597,3157.0,868.73,5111.26,1634.19,2.93,-0.4,14.11,2.78,True,5,5,5,6,22,1,5,Frequently,Inexperienced,Inexperienced,Never,3.143,2.667,3.583,49,35,31.667,1.188,0.133,Straight,Southeast,Southeast - Straight,Complex,5.0,User,72.13710024399123,92.55515309286514,241.92,3.0,3.333,3.25,4.0,3.667,3.5,49.357,59.333,45.333,55.5,35.0,55.0,40.333,35.417,46.2,22.286,95.0,19.0
039,High,2024-8-20,14,28,11,13,14:43:48,14:44:38,0,5290.47,714.91,11828.37,4303.71,7.53,-2.42,15.22,5.87,True,5,6,6,6,22,1,5,Frequently,Inexperienced,Inexperienced,Never,3.143,2.667,3.583,49,35,31.667,1.188,0.0,Straight,Southwest,Southwest - Straight,Complex,5.0,AGV,44.60940667113642,268.3841657102765,109.79,3.0,3.333,3.25,4.0,3.667,3.5,49.357,59.333,45.333,55.5,35.0,55.0,40.333,35.417,46.2,22.286,95.0,19.0
039,High,2024-8-20,14,28,11,14,14:44:43,14:45:49,1027,2594.23,703.52,4786.85,1036.71,3.3,-4.39,15.23,3.86,True,6,6,6,8,22,1,5,Frequently,Inexperienced,Inexperienced,Never,3.143,2.667,3.583,49,35,31.667,1.188,0.222,Diagonal,Southeast,Southeast - Diagonal,Straight,5.0,User,53.81789719450409,144.92525960697603,376.63,3.0,3.333,3.25,4.0,3.667,3.5,49.357,59.333,45.333,55.5,35.0,55.0,40.333,35.417,46.2,22.286,95.0,19.0
039,High,2024-8-20,14,28,11,15,14:45:55,14:46:47,110,4132.45,972.25,6796.5,1723.2,4.16,-4.16,15.22,5.23,True,5,6,6,7,22,1,5,Frequently,Inexperienced,Inexperienced,Never,3.143,2.667,3.583,49,35,31.667,1.188,0.052,Straight,North,North - Straight,Straight,6.0,AGV,43.77967772931552,125.8961588115297,174.68,3.0,3.333,3.25,4.0,3.667,3.5,49.357,59.333,45.333,55.5,35.0,55.0,40.333,35.417,46.2,22.286,95.0,19.0
039,High,2024-8-20,14,28,11,16,14:46:53,14:47:55,244,3347.68,1578.28,5486.76,886.15,3.02,-0.13,15.23,4.56,True,5,6,5,5,22,1,5,Frequently,Inexperienced,Inexperienced,Never,3.143,2.667,3.583,49,35,31.667,1.188,0.108,Diagonal,West,West - Diagonal,Complex,5.0,,57.447875421407176,52.70564437389431,227.19,3.0,3.333,3.25,4.0,3.667,3.5,49.357,59.333,45.333,55.5,35.0,55.0,40.333,35.417,46.2,22.286,95.0,19.0
039,Low,2024-8-20,14,54,13,1,14:54:30,14:55:21,332,5826.8,357.33,12460.95,4491.61,7.9,-0.04,15.29,6.61,True,5,4,4,4,22,1,5,Frequently,Inexperienced,Inexperienced,Never,3.143,2.667,3.583,48,46,28.0,1.188,0.143,Straight,South,South - Straight,Straight,4.8,AGV,72.92519896955238,226.58987561031856,555.28,3.0,3.333,3.25,4.0,3.667,3.5,48.071,51.0,58.667,45.5,44.0,45.0,39.667,46.25,40.6,36.857,95.0,14.6
039,Low,2024-8-20,14,54,13,2,14:55:26,14:56:08,0,2050.73,868.1,4497.67,1051.7,5.21,-3.74,15.21,3.51,True,5,6,6,7,22,1,5,Frequently,Inexperienced,Inexperienced,Never,3.143,2.667,3.583,48,46,28.0,1.188,0.0,Diagonal,North,North - Diagonal,Complex,5.0,User,53.97900056113754,218.46573825090474,161.28,3.0,3.333,3.25,4.0,3.667,3.5,48.071,51.0,58.667,45.5,44.0,45.0,39.667,46.25,40.6,36.857,95.0,14.6
039,Low,2024-8-20,14,54,13,3,14:56:12,14:57:03,848,3003.08,564.03,5070.7,1797.02,3.62,-5.42,15.22,3.99,True,5,5,4,4,22,1,5,Frequently,Inexperienced,Inexperienced,Never,3.143,2.667,3.583,48,46,28.0,1.188,0.228,Diagonal,South,South - Diagonal,Complex,5.0,,69.15139252943555,141.57919170066035,246.9,3.0,3.333,3.25,4.0,3.667,3.5,48.071,51.0,58.667,45.5,44.0,45.0,39.667,46.25,40.6,36.857,95.0,14.6
039,Low,2024-8-20,14,54,13,4,14:57:09,14:57:54,498,4896.59,662.26,11722.06,3797.96,8.28,-2.87,15.22,5.5,True,5,4,4,5,22,1,5,Frequently,Inexperienced,Inexperienced,Never,3.143,2.667,3.583,48,46,28.0,1.188,0.2,Straight,Northeast,Northeast - Straight,Complex,5.0,AGV,50.293142769498736,248.2442650263702,123.89,3.0,3.333,3.25,4.0,3.667,3.5,48.071,51.0,58.667,45.5,44.0,45.0,39.667,46.25,40.6,36.857,95.0,14.6
039,Low,2024-8-20,14,54,13,5,14:57:58,14:59:00,49,3526.0,1712.66,7455.01,1202.84,3.36,-4.34,15.3,4.87,True,5,5,4,5,22,1,5,Frequently,Inexperienced,Inexperienced,Never,3.143,2.667,3.583,48,46,28.0,1.188,0.03,Straight,Northwest,Northwest - Straight,Complex,5.0,AGV,96.01599024143061,44.60441580969653,284.03,3.0,3.333,3.25,4.0,3.667,3.5,48.071,51.0,58.667,45.5,44.0,45.0,39.667,46.25,40.6,36.857,95.0,14.6
039,Low,2024-8-20,14,54,13,6,14:59:04,14:59:56,364,2714.62,1031.25,5325.33,1016.87,3.71,-3.91,15.24,4.06,True,5,5,5,6,22,1,5,Frequently,Inexperienced,Inexperienced,Never,3.143,2.667,3.583,48,46,28.0,1.188,0.125,Diagonal,Northwest,Northwest - Diagonal,Complex,5.0,AGV,69.1831947397418,126.21953683302527,155.59,3.0,3.333,3.25,4.0,3.667,3.5,48.071,51.0,58.667,45.5,44.0,45.0,39.667,46.25,40.6,36.857,95.0,14.6
039,Low,2024-8-20,14,54,13,7,15:00:01,15:00:55,554,3679.45,789.98,5463.71,1797.98,4.04,-4.4,15.22,4.69,True,5,5,5,8,22,1,5,Frequently,Inexperienced,Inexperienced,Never,3.143,2.667,3.583,48,46,28.0,1.188,0.161,Straight,East,East - Straight,Straight,5.0,AGV,52.752876810501,141.88746214890864,193.57,3.0,3.333,3.25,4.0,3.667,3.5,48.071,51.0,58.667,45.5,44.0,45.0,39.667,46.25,40.6,36.857,95.0,14.6
039,Low,2024-8-20,14,54,13,8,15:01:03,15:01:58,609,2581.17,665.08,4587.06,1164.66,3.97,-4.43,15.21,4.2,True,5,5,5,9,22,1,5,Frequently,Inexperienced,Inexperienced,Never,3.143,2.667,3.583,48,46,28.0,1.188,0.2,Diagonal,Southwest,Southwest - Diagonal,Straight,5.0,AGV,69.02553963926152,145.76890530492864,398.22,3.0,3.333,3.25,4.0,3.667,3.5,48.071,51.0,58.667,45.5,44.0,45.0,39.667,46.25,40.6,36.857,95.0,14.6
039,Low,2024-8-20,14,54,13,9,15:02:03,15:02:55,33,4287.55,1177.2,7081.51,1697.85,4.21,-4.46,15.22,5.42,True,5,6,5,8,22,1,5,Frequently,Inexperienced,Inexperienced,Never,3.143,2.667,3.583,48,46,28.0,1.188,0.054,Diagonal,Northeast,Northeast - Diagonal,Straight,5.0,AGV,73.07929963163714,122.35357696649814,116.98,3.0,3.333,3.25,4.0,3.667,3.5,48.071,51.0,58.667,45.5,44.0,45.0,39.667,46.25,40.6,36.857,95.0,14.6
039,Low,2024-8-20,14,54,13,10,15:03:00,15:03:54,342,3900.97,998.23,5543.61,1768.0,4.06,-4.49,15.21,4.95,True,6,6,6,9,22,1,5,Frequently,Inexperienced,Inexperienced,Never,3.143,2.667,3.583,48,46,28.0,1.188,0.136,Straight,West,West - Straight,Straight,5.0,AGV,53.38891489394423,36.795599036389405,138.97,3.0,3.333,3.25,4.0,3.667,3.5,48.071,51.0,58.667,45.5,44.0,45.0,39.667,46.25,40.6,36.857,95.0,14.6
039,Low,2024-8-20,14,54,13,11,15:03:58,15:04:55,771,3662.61,579.63,6098.82,2209.56,3.34,-5.41,15.22,5.05,True,5,4,4,3,22,1,5,Frequently,Inexperienced,Inexperienced,Never,3.143,2.667,3.583,48,46,28.0,1.188,0.242,Diagonal,East,East - Diagonal,Complex,6.0,AGV,63.58234513016976,106.18703877868899,125.78,3.0,3.333,3.25,4.0,3.667,3.5,48.071,51.0,58.667,45.5,44.0,45.0,39.667,46.25,40.6,36.857,95.0,14.6
039,Low,2024-8-20,14,54,13,12,15:05:00,15:06:18,642,2764.48,781.76,4100.57,1200.93,2.7,-2.93,10.73,2.63,True,5,5,5,6,22,1,5,Frequently,Inexperienced,Inexperienced,Never,3.143,2.667,3.583,48,46,28.0,1.188,0.183,Straight,Southeast,Southeast - Straight,Complex,5.0,User,76.93495033992629,92.53609112206969,206.8,3.0,3.333,3.25,4.0,3.667,3.5,48.071,51.0,58.667,45.5,44.0,45.0,39.667,46.25,40.6,36.857,95.0,14.6
039,Low,2024-8-20,14,54,13,13,15:06:22,15:07:10,777,3931.32,562.27,11824.61,3687.21,7.72,-3.37,15.22,4.9,True,5,5,5,8,22,1,5,Frequently,Inexperienced,Inexperienced,Never,3.143,2.667,3.583,48,46,28.0,1.188,0.226,Straight,Southwest,Southwest - Straight,Complex,5.0,AGV,46.693096088073894,213.80641423105718,218.0,3.0,3.333,3.25,4.0,3.667,3.5,48.071,51.0,58.667,45.5,44.0,45.0,39.667,46.25,40.6,36.857,95.0,14.6
039,Low,2024-8-20,14,54,13,14,15:07:15,15:08:10,456,2453.64,843.01,4716.4,1045.38,3.95,-3.88,15.24,3.66,True,5,5,5,7,22,1,5,Frequently,Inexperienced,Inexperienced,Never,3.143,2.667,3.583,48,46,28.0,1.188,0.186,Diagonal,Southeast,Southeast - Diagonal,Straight,5.0,AGV,64.42141573996673,99.30988602463849,383.1,3.0,3.333,3.25,4.0,3.667,3.5,48.071,51.0,58.667,45.5,44.0,45.0,39.667,46.25,40.6,36.857,95.0,14.6
039,Low,2024-8-20,14,54,13,15,15:08:14,15:08:58,214,3925.49,651.6,6705.95,1862.23,4.99,-4.42,15.21,5.4,True,6,5,5,7,22,1,5,Frequently,Inexperienced,Inexperienced,Never,3.143,2.667,3.583,48,46,28.0,1.188,0.125,Straight,North,North - Straight,Straight,5.0,AGV,51.47409777444887,189.26943085616867,214.09,3.0,3.333,3.25,4.0,3.667,3.5,48.071,51.0,58.667,45.5,44.0,45.0,39.667,46.25,40.6,36.857,95.0,14.6
039,Low,2024-8-20,14,54,13,16,15:09:02,15:09:55,65,3196.87,1357.15,5508.59,999.4,3.6,-0.11,15.21,4.69,True,6,6,5,8,22,1,5,Frequently,Inexperienced,Inexperienced,Never,3.143,2.667,3.583,48,46,28.0,1.188,0.073,Diagonal,West,West - Diagonal,Complex,6.0,,68.88686487380471,117.85299654586196,134.27,3.0,3.333,3.25,4.0,3.667,3.5,48.071,51.0,58.667,45.5,44.0,45.0,39.667,46.25,40.6,36.857,95.0,14.6
040,High,2024-8-20,17,49,21,1,17:50:41,17:51:54,667,7623.78,434.81,12143.1,4196.37,6.39,-1.18,15.23,6.55,True,4,4,4,2,19,2,2,Rarely,Very Inexperienced,Very Inexperienced,Never,3.429,3.333,3.25,57,42,62.5,2.5,0.145,Straight,South,South - Straight,Straight,5.7,AGV,51.509395053062185,122.34107344112314,121.9,4.0,2.667,4.5,3.333,2.0,2.5,57.214,50.0,70.333,47.5,60.0,55.0,58.333,42.083,70.2,50.857,100.0,55.0
040,High,2024-8-20,17,49,21,2,17:52:04,17:53:02,0,2378.44,973.37,4624.57,960.37,3.73,-3.32,15.22,3.54,True,4,4,5,4,19,2,2,Rarely,Very Inexperienced,Very Inexperienced,Never,3.429,3.333,3.25,57,42,62.5,2.5,0.0,Diagonal,North,North - Diagonal,Complex,4.0,AGV,40.22470464037875,137.26553235620923,109.8,4.0,2.667,4.5,3.333,2.0,2.5,57.214,50.0,70.333,47.5,60.0,55.0,58.333,42.083,70.2,50.857,100.0,55.0
040,High,2024-8-20,17,49,21,3,17:53:09,17:54:03,563,3460.84,782.66,5665.85,1825.21,3.48,-5.39,15.23,4.32,True,5,5,5,5,19,2,2,Rarely,Very Inexperienced,Very Inexperienced,Never,3.429,3.333,3.25,57,42,62.5,2.5,0.172,Diagonal,South,South - Diagonal,Complex,4.0,,66.63309474784741,79.77279171020395,101.87,4.0,2.667,4.5,3.333,2.0,2.5,57.214,50.0,70.333,47.5,60.0,55.0,58.333,42.083,70.2,50.857,100.0,55.0
040,High,2024-8-20,17,49,21,4,17:54:09,17:55:16,1122,4714.61,485.62,11938.01,4579.34,5.52,-3.3,15.23,6.58,True,4,4,5,4,19,2,2,Rarely,Very Inexperienced,Very Inexperienced,Never,3.429,3.333,3.25,57,42,62.5,2.5,0.278,Straight,Northeast,Northeast - Straight,Complex,5.0,AGV,33.7656501453248,179.352344896206,169.25,4.0,2.667,4.5,3.333,2.0,2.5,57.214,50.0,70.333,47.5,60.0,55.0,58.333,42.083,70.2,50.857,100.0,55.0
040,High,2024-8-20,17,49,21,5,17:55:28,17:57:17,53,3815.5,2716.0,7695.9,787.09,1.72,-0.01,15.28,4.64,True,5,5,5,6,19,2,2,Rarely,Very Inexperienced,Very Inexperienced,Never,3.429,3.333,3.25,57,42,62.5,2.5,0.018,Straight,Northwest,Northwest - Straight,Complex,4.0,User,54.77778284169299,32.81860326556586,254.06,4.0,2.667,4.5,3.333,2.0,2.5,57.214,50.0,70.333,47.5,60.0,55.0,58.333,42.083,70.2,50.857,100.0,55.0
040,High,2024-8-20,17,49,21,6,17:57:22,17:58:26,635,3096.11,1205.36,5504.43,963.01,3.02,-3.45,15.23,4.35,True,6,6,6,6,19,2,2,Rarely,Very Inexperienced,Very Inexperienced,Never,3.429,3.333,3.25,57,42,62.5,2.5,0.164,Diagonal,Northwest,Northwest - Diagonal,Complex,5.0,AGV,57.75964458533587,102.49596778830445,130.42,4.0,2.667,4.5,3.333,2.0,2.5,57.214,50.0,70.333,47.5,60.0,55.0,58.333,42.083,70.2,50.857,100.0,55.0
040,High,2024-8-20,17,49,21,7,17:58:36,17:59:30,529,3122.83,584.56,5342.69,2038.83,4.04,-4.41,15.24,5.64,True,6,6,7,5,19,2,2,Rarely,Very Inexperienced,Very Inexperienced,Never,3.429,3.333,3.25,57,42,62.5,2.5,0.161,Straight,East,East - Straight,Straight,6.0,AGV,53.126857659048206,144.43225028014683,315.05,4.0,2.667,4.5,3.333,2.0,2.5,57.214,50.0,70.333,47.5,60.0,55.0,58.333,42.083,70.2,50.857,100.0,55.0
040,High,2024-8-20,17,49,21,8,17:59:37,18:00:55,0,2714.25,662.1,4742.37,1085.44,2.81,-4.4,15.22,4.71,True,6,7,7,5,19,2,2,Rarely,Very Inexperienced,Very Inexperienced,Never,3.429,3.333,3.25,57,42,62.5,2.5,0.0,Diagonal,Southwest,Southwest - Diagonal,Straight,6.0,User,47.872676354852096,125.58866208029023,103.66,4.0,2.667,4.5,3.333,2.0,2.5,57.214,50.0,70.333,47.5,60.0,55.0,58.333,42.083,70.2,50.857,100.0,55.0
040,High,2024-8-20,17,49,21,9,18:00:59,18:01:57,403,4039.33,739.8,7163.48,1791.02,3.8,-4.46,15.22,4.97,True,7,7,8,6,19,2,2,Rarely,Very Inexperienced,Very Inexperienced,Never,3.429,3.333,3.25,57,42,62.5,2.5,0.161,Diagonal,Northeast,Northeast - Diagonal,Straight,6.0,User,64.28770767864174,147.72513644139823,89.79,4.0,2.667,4.5,3.333,2.0,2.5,57.214,50.0,70.333,47.5,60.0,55.0,58.333,42.083,70.2,50.857,100.0,55.0
040,High,2024-8-20,17,49,21,10,18:02:02,18:03:02,507,3786.22,802.34,5365.58,1741.33,3.66,-4.53,15.23,4.6,True,7,7,7,6,19,2,2,Rarely,Very Inexperienced,Very Inexperienced,Never,3.429,3.333,3.25,57,42,62.5,2.5,0.182,Straight,West,West - Straight,Straight,7.0,AGV,47.635335925942556,76.60794204588359,145.36,4.0,2.667,4.5,3.333,2.0,2.5,57.214,50.0,70.333,47.5,60.0,55.0,58.333,42.083,70.2,50.857,100.0,55.0
040,High,2024-8-20,17,49,21,11,18:03:07,18:04:00,0,4449.82,1202.46,6321.28,1995.94,3.61,-5.33,15.22,4.77,True,7,7,8,6,19,2,2,Rarely,Very Inexperienced,Very Inexperienced,Never,3.429,3.333,3.25,57,42,62.5,2.5,0.0,Diagonal,East,East - Diagonal,Complex,7.0,AGV,69.7629555874876,124.72522260325506,133.35,4.0,2.667,4.5,3.333,2.0,2.5,57.214,50.0,70.333,47.5,60.0,55.0,58.333,42.083,70.2,50.857,100.0,55.0
040,High,2024-8-20,17,49,21,12,18:04:07,18:05:53,532,3570.43,1303.31,5297.26,1532.79,2.27,-0.46,14.06,2.77,True,7,7,8,7,19,2,2,Rarely,Very Inexperienced,Very Inexperienced,Never,3.429,3.333,3.25,57,42,62.5,2.5,0.12,Straight,Southeast,Southeast - Straight,Complex,7.0,User,56.435935540254455,73.77535853921178,348.42,4.0,2.667,4.5,3.333,2.0,2.5,57.214,50.0,70.333,47.5,60.0,55.0,58.333,42.083,70.2,50.857,100.0,55.0
040,High,2024-8-20,17,49,21,13,18:06:08,18:07:01,58,3968.58,528.21,11914.89,3964.31,6.99,-2.47,15.22,6.04,True,5,6,6,4,19,2,2,Rarely,Very Inexperienced,Very Inexperienced,Never,3.429,3.333,3.25,57,42,62.5,2.5,0.034,Straight,Southwest,Southwest - Straight,Complex,7.0,AGV,43.40120934109819,253.0207825078431,205.57,4.0,2.667,4.5,3.333,2.0,2.5,57.214,50.0,70.333,47.5,60.0,55.0,58.333,42.083,70.2,50.857,100.0,55.0
040,High,2024-8-20,17,49,21,14,18:07:08,18:08:07,162,2440.88,539.14,4777.67,1171.82,3.68,-4.41,15.24,5.13,True,5,6,6,4,19,2,2,Rarely,Very Inexperienced,Very Inexperienced,Never,3.429,3.333,3.25,57,42,62.5,2.5,0.062,Diagonal,Southeast,Southeast - Diagonal,Straight,5.0,User,61.09684309307248,91.20827528147503,151.34,4.0,2.667,4.5,3.333,2.0,2.5,57.214,50.0,70.333,47.5,60.0,55.0,58.333,42.083,70.2,50.857,100.0,55.0
040,High,2024-8-20,17,49,21,15,18:08:12,18:08:57,60,3864.9,854.8,6885.27,1823.47,4.91,-4.53,15.23,5.3,True,7,7,7,5,19,2,2,Rarely,Very Inexperienced,Very Inexperienced,Never,3.429,3.333,3.25,57,42,62.5,2.5,0.061,Straight,North,North - Straight,Straight,5.0,User,51.02390956511113,206.93428265334845,225.04,4.0,2.667,4.5,3.333,2.0,2.5,57.214,50.0,70.333,47.5,60.0,55.0,58.333,42.083,70.2,50.857,100.0,55.0
040,High,2024-8-20,17,49,21,16,18:09:01,18:09:51,433,2816.63,827.12,5589.87,1153.57,3.79,-0.06,15.24,4.33,True,6,6,7,5,19,2,2,Rarely,Very Inexperienced,Very Inexperienced,Never,3.429,3.333,3.25,57,42,62.5,2.5,0.173,Diagonal,West,West - Diagonal,Complex,7.0,,70.44760195788699,125.74665720080661,177.87,4.0,2.667,4.5,3.333,2.0,2.5,57.214,50.0,70.333,47.5,60.0,55.0,58.333,42.083,70.2,50.857,100.0,55.0
040,Low,2024-8-20,17,1,42,1,17:02:13,17:03:36,1046,7085.78,270.99,12477.18,4648.87,5.63,-2.59,15.24,6.64,True,1,2,2,4,19,2,2,Rarely,Very Inexperienced,Very Inexperienced,Never,3.429,3.333,3.25,70,66,52.5,1.75,0.194,Straight,South,South - Straight,Straight,,AGV,44.71967774516694,75.15580929879357,186.56,4.0,2.667,4.5,3.333,2.0,2.5,70.357,78.333,43.333,72.5,85.0,82.5,75.0,66.25,40.0,70.714,95.0,44.0
040,Low,2024-8-20,17,1,42,2,17:03:45,17:04:55,0,2577.21,1101.06,4480.22,917.76,3.11,-3.57,15.21,3.54,True,4,4,5,4,19,2,2,Rarely,Very Inexperienced,Very Inexperienced,Never,3.429,3.333,3.25,70,66,52.5,1.75,0.025,Diagonal,North,North - Diagonal,Complex,1.0,User,32.92197495876793,130.90451210076245,244.57,4.0,2.667,4.5,3.333,2.0,2.5,70.357,78.333,43.333,72.5,85.0,82.5,75.0,66.25,40.0,70.714,95.0,44.0
040,Low,2024-8-20,17,1,42,3,17:05:04,17:06:10,409,4230.38,420.57,5912.89,1627.98,2.87,-5.59,15.36,5.37,True,4,4,5,4,19,2,2,Rarely,Very Inexperienced,Very Inexperienced,Never,3.429,3.333,3.25,70,66,52.5,1.75,0.107,Diagonal,South,South - Diagonal,Complex,4.0,,55.248249522927296,103.56610175366603,150.19,4.0,2.667,4.5,3.333,2.0,2.5,70.357,78.333,43.333,72.5,85.0,82.5,75.0,66.25,40.0,70.714,95.0,44.0
040,Low,2024-8-20,17,1,42,4,17:06:20,17:07:19,745,6771.64,653.44,11790.83,4494.7,6.24,-2.3,15.22,6.03,True,5,5,5,5,19,2,2,Rarely,Very Inexperienced,Very Inexperienced,Never,3.429,3.333,3.25,70,66,52.5,1.75,0.206,Straight,Northeast,Northeast - Straight,Complex,4.0,AGV,38.22074434155853,206.5851226039217,168.04,4.0,2.667,4.5,3.333,2.0,2.5,70.357,78.333,43.333,72.5,85.0,82.5,75.0,66.25,40.0,70.714,95.0,44.0
040,Low,2024-8-20,17,1,42,5,17:07:27,17:08:56,317,3589.17,1909.01,7630.18,985.53,2.37,-3.14,15.26,4.25,True,6,5,7,5,19,2,2,Rarely,Very Inexperienced,Very Inexperienced,Never,3.429,3.333,3.25,70,66,52.5,1.75,0.095,Straight,Northwest,Northwest - Straight,Complex,5.0,AGV,66.93548190750231,63.29252783440967,504.94,4.0,2.667,4.5,3.333,2.0,2.5,70.357,78.333,43.333,72.5,85.0,82.5,75.0,66.25,40.0,70.714,95.0,44.0
040,Low,2024-8-20,17,1,42,6,17:09:03,17:10:05,505,3088.67,1122.82,5379.8,987.16,3.09,-3.49,15.23,4.34,True,6,6,7,5,19,2,2,Rarely,Very Inexperienced,Very Inexperienced,Never,3.429,3.333,3.25,70,66,52.5,1.75,0.147,Diagonal,Northwest,Northwest - Diagonal,Complex,6.0,AGV,59.83053739611538,70.49142261896534,155.0,4.0,2.667,4.5,3.333,2.0,2.5,70.357,78.333,43.333,72.5,85.0,82.5,75.0,66.25,40.0,70.714,95.0,44.0
040,Low,2024-8-20,17,1,42,7,17:10:11,17:11:14,576,3808.31,723.56,5482.88,1847.08,3.52,-4.43,15.21,4.44,True,6,6,7,4,19,2,2,Rarely,Very Inexperienced,Very Inexperienced,Never,3.429,3.333,3.25,70,66,52.5,1.75,0.169,Straight,East,East - Straight,Straight,6.0,AGV,45.35078326269001,155.18120132395586,243.4,4.0,2.667,4.5,3.333,2.0,2.5,70.357,78.333,43.333,72.5,85.0,82.5,75.0,66.25,40.0,70.714,95.0,44.0
040,Low,2024-8-20,17,1,42,8,17:11:29,17:12:49,140,2504.89,545.12,4606.61,1234.67,2.72,-4.58,15.23,4.63,True,4,5,6,5,19,2,2,Rarely,Very Inexperienced,Very Inexperienced,Never,3.429,3.333,3.25,70,66,52.5,1.75,0.034,Diagonal,Southwest,Southwest - Diagonal,Straight,6.0,AGV,46.636680806440104,55.30062674068481,107.08,4.0,2.667,4.5,3.333,2.0,2.5,70.357,78.333,43.333,72.5,85.0,82.5,75.0,66.25,40.0,70.714,95.0,44.0
040,Low,2024-8-20,17,1,42,9,17:12:57,17:14:06,505,4187.5,794.22,7048.7,1722.59,3.21,-4.44,15.22,4.69,True,7,7,7,5,19,2,2,Rarely,Very Inexperienced,Very Inexperienced,Never,3.429,3.333,3.25,70,66,52.5,1.75,0.15,Diagonal,Northeast,Northeast - Diagonal,Straight,4.0,User,53.96117689351426,86.77401018165222,201.31,4.0,2.667,4.5,3.333,2.0,2.5,70.357,78.333,43.333,72.5,85.0,82.5,75.0,66.25,40.0,70.714,95.0,44.0
040,Low,2024-8-20,17,1,42,10,17:14:17,17:15:24,459,4188.94,929.21,5489.02,1719.15,3.27,-4.41,15.23,4.72,True,7,7,8,6,19,2,2,Rarely,Very Inexperienced,Very Inexperienced,Never,3.429,3.333,3.25,70,66,52.5,1.75,0.101,Straight,West,West - Straight,Straight,7.0,AGV,42.93172197929077,136.454339761547,140.16,4.0,2.667,4.5,3.333,2.0,2.5,70.357,78.333,43.333,72.5,85.0,82.5,75.0,66.25,40.0,70.714,95.0,44.0
040,Low,2024-8-20,17,1,42,11,17:15:36,17:16:52,0,4722.79,591.97,6199.24,1818.79,2.54,-11.27,15.23,4.98,True,8,8,8,5,19,2,2,Rarely,Very Inexperienced,Very Inexperienced,Never,3.429,3.333,3.25,70,66,52.5,1.75,0.0,Diagonal,East,East - Diagonal,Complex,7.0,AGV,48.76163769170298,87.01134428914806,94.1,4.0,2.667,4.5,3.333,2.0,2.5,70.357,78.333,43.333,72.5,85.0,82.5,75.0,66.25,40.0,70.714,95.0,44.0
040,Low,2024-8-20,17,1,42,12,17:17:07,17:18:53,570,3520.86,1157.85,5212.71,1520.66,2.27,-0.09,14.11,2.79,True,8,8,8,6,19,2,2,Rarely,Very Inexperienced,Very Inexperienced,Never,3.429,3.333,3.25,70,66,52.5,1.75,,Straight,Southeast,Southeast - Straight,Complex,8.0,User,,,,4.0,2.667,4.5,3.333,2.0,2.5,70.357,78.333,43.333,72.5,85.0,82.5,75.0,66.25,40.0,70.714,95.0,44.0
040,Low,2024-8-20,17,1,42,14,17:20:23,17:21:31,556,2656.11,561.03,4687.48,1065.31,3.23,-4.43,15.22,4.12,True,7,8,8,5,19,2,2,Rarely,Very Inexperienced,Very Inexperienced,Never,3.429,3.333,3.25,70,66,52.5,1.75,0.132,Diagonal,Southeast,Southeast - Diagonal,Straight,8.0,AGV,53.35746422708443,111.17376473182726,187.71,4.0,2.667,4.5,3.333,2.0,2.5,70.357,78.333,43.333,72.5,85.0,82.5,75.0,66.25,40.0,70.714,95.0,44.0
040,Low,2024-8-20,17,1,42,15,17:21:38,17:22:33,296,4216.24,905.18,6763.3,1773.65,4.02,-4.55,15.22,5.19,True,7,8,9,5,19,2,2,Rarely,Very Inexperienced,Very Inexperienced,Never,3.429,3.333,3.25,70,66,52.5,1.75,0.136,Straight,North,North - Straight,Straight,7.0,AGV,41.78597021947078,175.45064246910422,91.55,4.0,2.667,4.5,3.333,2.0,2.5,70.357,78.333,43.333,72.5,85.0,82.5,75.0,66.25,40.0,70.714,95.0,44.0
040,Low,2024-8-20,17,1,42,16,17:22:37,17:23:52,430,3331.44,1393.66,5591.51,854.41,2.53,-0.02,15.22,4.39,True,8,8,9,6,19,2,2,Rarely,Very Inexperienced,Very Inexperienced,Never,3.429,3.333,3.25,70,66,52.5,1.75,0.104,Diagonal,West,West - Diagonal,Complex,7.0,,47.64491500615732,83.64285665802717,161.13,4.0,2.667,4.5,3.333,2.0,2.5,70.357,78.333,43.333,72.5,85.0,82.5,75.0,66.25,40.0,70.714,95.0,44.0
041,High,2024-8-21,14,26,28,1,14:27:13,14:28:31,601,7182.61,727.08,12170.97,3810.99,5.97,-2.86,15.23,6.06,True,7,7,7,10,19,1,5,Very frequently,Very Experienced,Experienced,Never,3.0,3.667,5.25,78,90,25.0,1.188,0.144,Straight,South,South - Straight,Straight,,AGV,46.42622560794927,114.64165722045458,151.29,3.5,2.333,5.25,5.0,4.333,7.0,78.786,86.667,40.0,90.0,80.0,92.5,92.667,90.0,,90.0,100.0,10.0
041,High,2024-8-21,14,26,28,2,14:28:43,14:29:44,0,2494.81,1048.12,4607.42,972.85,3.54,-3.61,15.23,3.52,True,10,10,6,10,19,1,5,Very frequently,Very Experienced,Experienced,Never,3.0,3.667,5.25,78,90,25.0,1.188,0.0,Diagonal,North,North - Diagonal,Complex,7.0,AGV,35.703393889314405,151.57641531735047,171.29,3.5,2.333,5.25,5.0,4.333,7.0,78.786,86.667,40.0,90.0,80.0,92.5,92.667,90.0,,90.0,100.0,10.0
041,High,2024-8-21,14,26,28,3,14:29:51,14:31:04,856,4024.82,785.55,5916.78,1688.7,2.53,-5.59,15.24,4.16,True,10,10,10,4,19,1,5,Very frequently,Very Experienced,Experienced,Never,3.0,3.667,5.25,78,90,25.0,1.188,0.241,Diagonal,South,South - Diagonal,Complex,10.0,,49.64071752333281,77.75376970506282,191.29,3.5,2.333,5.25,5.0,4.333,7.0,78.786,86.667,40.0,90.0,80.0,92.5,92.667,90.0,,90.0,100.0,10.0
041,High,2024-8-21,14,26,28,4,14:31:17,14:32:16,655,6567.88,669.49,11852.55,4489.69,6.28,-3.16,15.22,5.94,True,10,10,8,10,19,1,5,Very frequently,Very Experienced,Experienced,Never,3.0,3.667,5.25,78,90,25.0,1.188,0.2,Straight,Northeast,Northeast - Straight,Complex,10.0,AGV,38.616330834282834,221.01099027191552,132.82,3.5,2.333,5.25,5.0,4.333,7.0,78.786,86.667,40.0,90.0,80.0,92.5,92.667,90.0,,90.0,100.0,10.0
041,High,2024-8-21,14,26,28,5,14:32:27,14:34:16,65,3855.4,2788.19,7656.73,785.36,1.74,-0.02,15.29,4.65,True,10,10,10,8,19,1,5,Very frequently,Very Experienced,Experienced,Never,3.0,3.667,5.25,78,90,25.0,1.188,0.034,Straight,Northwest,Northwest - Straight,Complex,10.0,AGV,55.5059630321348,56.91500993478243,219.73,3.5,2.333,5.25,5.0,4.333,7.0,78.786,86.667,40.0,90.0,80.0,92.5,92.667,90.0,,90.0,100.0,10.0
041,High,2024-8-21,14,26,28,6,14:34:27,14:35:30,650,3103.25,1120.86,5311.2,992.05,3.0,-4.4,15.21,4.31,True,10,10,10,10,19,1,5,Very frequently,Very Experienced,Experienced,Never,3.0,3.667,5.25,78,90,25.0,1.188,0.163,Diagonal,Northwest,Northwest - Diagonal,Complex,10.0,AGV,56.49716205756844,102.78820670425682,191.27,3.5,2.333,5.25,5.0,4.333,7.0,78.786,86.667,40.0,90.0,80.0,92.5,92.667,90.0,,90.0,100.0,10.0
041,High,2024-8-21,14,26,28,7,14:36:05,14:37:07,402,3840.71,642.98,5481.45,1845.67,3.52,-4.4,15.21,4.49,True,10,10,10,10,19,1,5,Very frequently,Very Experienced,Experienced,Never,3.0,3.667,5.25,78,90,25.0,1.188,0.105,Straight,East,East - Straight,Straight,10.0,AGV,45.757768452796654,152.82830275129217,149.47,3.5,2.333,5.25,5.0,4.333,7.0,78.786,86.667,40.0,90.0,80.0,92.5,92.667,90.0,,90.0,100.0,10.0
041,High,2024-8-21,14,26,28,8,14:37:21,14:38:23,57,2323.65,624.17,4628.93,1288.18,3.49,-4.38,15.24,4.92,True,10,10,10,10,19,1,5,Very frequently,Very Experienced,Experienced,Never,3.0,3.667,5.25,78,90,25.0,1.188,0.039,Diagonal,Southwest,Southwest - Diagonal,Straight,10.0,AGV,60.393115742395665,149.29050729253504,133.28,3.5,2.333,5.25,5.0,4.333,7.0,78.786,86.667,40.0,90.0,80.0,92.5,92.667,90.0,,90.0,100.0,10.0
041,High,2024-8-21,14,26,28,9,14:38:38,14:39:42,503,4111.22,830.51,7005.37,1727.0,3.41,-4.47,15.23,4.81,True,10,10,10,10,19,1,5,Very frequently,Very Experienced,Experienced,Never,3.0,3.667,5.25,78,90,25.0,1.188,0.106,Diagonal,Northeast,Northeast - Diagonal,Straight,10.0,User,58.732583247513546,114.20071761301269,121.22,3.5,2.333,5.25,5.0,4.333,7.0,78.786,86.667,40.0,90.0,80.0,92.5,92.667,90.0,,90.0,100.0,10.0
041,High,2024-8-21,14,26,28,10,14:40:02,14:41:16,308,4243.49,1536.83,5495.17,1547.47,3.01,-4.37,15.22,4.47,True,10,10,10,10,19,1,5,Very frequently,Very Experienced,Experienced,Never,3.0,3.667,5.25,78,90,25.0,1.188,0.101,Straight,West,West - Straight,Straight,10.0,AGV,38.61540626462907,132.76115479284132,165.03,3.5,2.333,5.25,5.0,4.333,7.0,78.786,86.667,40.0,90.0,80.0,92.5,92.667,90.0,,90.0,100.0,10.0
041,High,2024-8-21,14,26,28,11,14:41:32,14:42:44,334,4049.22,624.36,6166.66,2181.04,2.64,-5.35,15.24,4.72,True,10,10,10,10,19,1,5,Very frequently,Very Experienced,Experienced,Never,3.0,3.667,5.25,78,90,25.0,1.188,0.089,Diagonal,East,East - Diagonal,Complex,10.0,AGV,49.987191008180126,58.85700051445005,213.87,3.5,2.333,5.25,5.0,4.333,7.0,78.786,86.667,40.0,90.0,80.0,92.5,92.667,90.0,,90.0,100.0,10.0
041,High,2024-8-21,14,26,28,12,14:43:01,14:44:45,389,3420.68,1200.26,5186.28,1505.9,2.31,-0.45,14.28,2.79,True,10,10,10,10,19,1,5,Very frequently,Very Experienced,Experienced,Never,3.0,3.667,5.25,78,90,25.0,1.188,0.077,Straight,Southeast,Southeast - Straight,Complex,10.0,User,57.68807356607851,60.660950707239,220.27,3.5,2.333,5.25,5.0,4.333,7.0,78.786,86.667,40.0,90.0,80.0,92.5,92.667,90.0,,90.0,100.0,10.0
041,High,2024-8-21,14,26,28,13,14:45:01,14:45:53,0,5165.27,679.48,11930.83,4389.75,7.13,-3.27,15.22,5.94,True,10,10,10,10,19,1,5,Very frequently,Very Experienced,Experienced,Never,3.0,3.667,5.25,78,90,25.0,1.188,0.0,Straight,Southwest,Southwest - Straight,Complex,10.0,AGV,43.46743156929185,172.38872175933642,95.05,3.5,2.333,5.25,5.0,4.333,7.0,78.786,86.667,40.0,90.0,80.0,92.5,92.667,90.0,,90.0,100.0,10.0
041,High,2024-8-21,14,26,28,14,14:46:09,14:47:22,524,2709.09,609.68,4677.1,1069.11,2.99,-4.44,15.2,3.81,True,10,10,10,10,19,1,5,Very frequently,Very Experienced,Experienced,Never,3.0,3.667,5.25,78,90,25.0,1.188,0.163,Diagonal,Southeast,Southeast - Diagonal,Straight,10.0,User,48.93269008239011,132.9514880291136,118.99,3.5,2.333,5.25,5.0,4.333,7.0,78.786,86.667,40.0,90.0,80.0,92.5,92.667,90.0,,90.0,100.0,10.0
041,High,2024-8-21,14,26,28,15,14:47:36,14:48:34,83,4127.29,919.41,6749.64,1762.25,3.76,-4.38,15.23,4.96,True,10,10,10,10,19,1,5,Very frequently,Very Experienced,Experienced,Never,3.0,3.667,5.25,78,90,25.0,1.188,0.026,Straight,North,North - Straight,Straight,10.0,AGV,39.35128955808845,98.20802971018885,109.46,3.5,2.333,5.25,5.0,4.333,7.0,78.786,86.667,40.0,90.0,80.0,92.5,92.667,90.0,,90.0,100.0,10.0
041,High,2024-8-21,14,26,28,16,14:48:52,14:50:03,443,3502.7,1610.79,5609.16,896.14,2.63,-0.01,15.21,4.43,True,10,10,10,10,19,1,5,Very frequently,Very Experienced,Experienced,Never,3.0,3.667,5.25,78,90,25.0,1.188,0.164,Diagonal,West,West - Diagonal,Complex,10.0,,50.9426047552501,88.3117702523643,72.26,3.5,2.333,5.25,5.0,4.333,7.0,78.786,86.667,40.0,90.0,80.0,92.5,92.667,90.0,,90.0,100.0,10.0
041,Low,2024-8-21,15,0,56,1,15:01:49,15:02:56,443,6882.59,377.39,12240.76,4315.09,6.98,-1.84,15.25,6.68,True,10,10,10,8,19,1,5,Very frequently,Very Experienced,Experienced,Never,3.0,3.667,5.25,80,94,18.333,1.125,0.164,Straight,South,South - Straight,Straight,8.0,AGV,54.75750460291848,133.38844951244894,183.4,3.5,2.333,5.25,5.0,4.333,7.0,80.214,92.667,44.667,90.0,75.0,90.0,92.0,94.583,2.0,92.143,100.0,2.0
041,Low,2024-8-21,15,0,56,2,15:03:02,15:03:44,0,2025.19,934.13,4493.54,968.47,5.21,-3.63,15.22,2.9,True,10,10,10,10,19,1,5,Very frequently,Very Experienced,Experienced,Never,3.0,3.667,5.25,80,94,18.333,1.125,0.0,Diagonal,North,North - Diagonal,Complex,10.0,User,54.735114453549144,204.79749293920855,66.0,3.5,2.333,5.25,5.0,4.333,7.0,80.214,92.667,44.667,90.0,75.0,90.0,92.0,94.583,2.0,92.143,100.0,2.0
041,Low,2024-8-21,15,0,56,3,15:03:50,15:05:00,667,3937.25,740.6,5960.32,1725.44,2.67,-5.63,15.22,4.21,True,10,10,10,10,19,1,5,Very frequently,Very Experienced,Experienced,Never,3.0,3.667,5.25,80,94,18.333,1.125,0.179,Diagonal,South,South - Diagonal,Complex,10.0,,51.43835748404357,97.58060427799785,243.44,3.5,2.333,5.25,5.0,4.333,7.0,80.214,92.667,44.667,90.0,75.0,90.0,92.0,94.583,2.0,92.143,100.0,2.0
041,Low,2024-8-21,15,0,56,4,15:05:09,15:06:06,613,6579.51,657.58,11832.67,4480.65,6.5,-2.54,15.22,6.0,True,10,10,10,8,19,1,5,Very frequently,Very Experienced,Experienced,Never,3.0,3.667,5.25,80,94,18.333,1.125,0.234,Straight,Northeast,Northeast - Straight,Complex,10.0,AGV,39.95945634767331,227.6217227100891,98.54,3.5,2.333,5.25,5.0,4.333,7.0,80.214,92.667,44.667,90.0,75.0,90.0,92.0,94.583,2.0,92.143,100.0,2.0
041,Low,2024-8-21,15,0,56,5,15:06:15,15:07:47,309,3756.32,2444.73,7621.36,910.62,2.04,-0.01,15.29,4.56,True,10,10,10,10,19,1,5,Very frequently,Very Experienced,Experienced,Never,3.0,3.667,5.25,80,94,18.333,1.125,0.101,Straight,Northwest,Northwest - Straight,Complex,10.0,AGV,65.67763489979917,70.84595747405086,191.43,3.5,2.333,5.25,5.0,4.333,7.0,80.214,92.667,44.667,90.0,75.0,90.0,92.0,94.583,2.0,92.143,100.0,2.0
041,Low,2024-8-21,15,0,56,6,15:07:55,15:08:54,579,3007.21,1100.98,5317.12,999.25,3.23,-3.97,15.23,4.31,True,10,10,10,10,19,1,5,Very frequently,Very Experienced,Experienced,Never,3.0,3.667,5.25,80,94,18.333,1.125,0.25,Diagonal,Northwest,Northwest - Diagonal,Complex,10.0,AGV,60.850220037820705,70.620722554978,169.42,3.5,2.333,5.25,5.0,4.333,7.0,80.214,92.667,44.667,90.0,75.0,90.0,92.0,94.583,2.0,92.143,100.0,2.0
041,Low,2024-8-21,15,0,56,7,15:09:06,15:09:57,288,3681.91,873.98,5481.78,1798.92,4.33,-4.42,15.21,4.89,True,10,10,10,10,19,1,5,Very frequently,Very Experienced,Experienced,Never,3.0,3.667,5.25,80,94,18.333,1.125,0.127,Straight,East,East - Straight,Straight,10.0,AGV,56.2048826125553,107.50364758810389,196.6,3.5,2.333,5.25,5.0,4.333,7.0,80.214,92.667,44.667,90.0,75.0,90.0,92.0,94.583,2.0,92.143,100.0,2.0
041,Low,2024-8-21,15,0,56,8,15:10:10,15:11:12,509,1993.02,399.44,4637.71,1346.56,3.55,-4.02,15.23,4.95,True,10,10,10,10,19,1,5,Very frequently,Very Experienced,Experienced,Never,3.0,3.667,5.25,80,94,18.333,1.125,0.132,Diagonal,Southwest,Southwest - Diagonal,Straight,10.0,AGV,60.08106338624645,157.37484656889566,149.08,3.5,2.333,5.25,5.0,4.333,7.0,80.214,92.667,44.667,90.0,75.0,90.0,92.0,94.583,2.0,92.143,100.0,2.0
041,Low,2024-8-21,15,0,56,9,15:11:19,15:12:21,516,4180.43,1027.51,7043.98,1698.64,3.49,-4.44,15.21,4.88,True,10,10,10,10,19,1,5,Very frequently,Very Experienced,Experienced,Never,3.0,3.667,5.25,80,94,18.333,1.125,0.173,Diagonal,Northeast,Northeast - Diagonal,Straight,10.0,User,60.10269086942284,147.07313640091218,117.58,3.5,2.333,5.25,5.0,4.333,7.0,80.214,92.667,44.667,90.0,75.0,90.0,92.0,94.583,2.0,92.143,100.0,2.0
041,Low,2024-8-21,15,0,56,10,15:12:34,15:13:35,445,3919.19,1056.81,5506.4,1732.45,3.62,-4.4,15.22,4.61,True,10,10,10,10,19,1,5,Very frequently,Very Experienced,Experienced,Never,3.0,3.667,5.25,80,94,18.333,1.125,0.139,Straight,West,West - Straight,Straight,10.0,AGV,47.61014941321096,100.27245792987233,177.63,3.5,2.333,5.25,5.0,4.333,7.0,80.214,92.667,44.667,90.0,75.0,90.0,92.0,94.583,2.0,92.143,100.0,2.0
041,Low,2024-8-21,15,0,56,11,15:13:46,15:14:46,0,4361.52,580.82,6138.06,1943.19,3.18,-5.81,15.22,5.0,True,10,10,10,10,19,1,5,Very frequently,Very Experienced,Experienced,Never,3.0,3.667,5.25,80,94,18.333,1.125,0.012,Diagonal,East,East - Diagonal,Complex,10.0,AGV,60.65184971095419,68.63432271241663,106.25,3.5,2.333,5.25,5.0,4.333,7.0,80.214,92.667,44.667,90.0,75.0,90.0,92.0,94.583,2.0,92.143,100.0,2.0
041,Low,2024-8-21,15,0,56,12,15:15:05,15:16:34,413,2801.38,1203.37,4152.08,1113.38,2.37,-1.93,10.04,2.63,True,10,10,10,10,19,1,5,Very frequently,Very Experienced,Experienced,Never,3.0,3.667,5.25,80,94,18.333,1.125,0.102,Straight,Southeast,Southeast - Straight,Complex,10.0,User,67.59930816087812,91.27872937994785,288.87,3.5,2.333,5.25,5.0,4.333,7.0,80.214,92.667,44.667,90.0,75.0,90.0,92.0,94.583,2.0,92.143,100.0,2.0
041,Low,2024-8-21,15,0,56,13,15:16:46,15:17:28,0,4151.48,720.17,11831.53,3657.79,8.8,-3.88,15.22,5.55,True,10,10,10,10,19,1,5,Very frequently,Very Experienced,Experienced,Never,3.0,3.667,5.25,80,94,18.333,1.125,0.0,Straight,Southwest,Southwest - Straight,Complex,10.0,AGV,54.22117194245311,220.98267676238547,111.65,3.5,2.333,5.25,5.0,4.333,7.0,80.214,92.667,44.667,90.0,75.0,90.0,92.0,94.583,2.0,92.143,100.0,2.0
041,Low,2024-8-21,15,0,56,14,15:17:39,15:18:33,387,2401.71,664.12,4694.91,1102.47,4.07,-4.24,15.21,3.84,True,10,10,10,10,19,1,5,Very frequently,Very Experienced,Experienced,Never,3.0,3.667,5.25,80,94,18.333,1.125,0.159,Diagonal,Southeast,Southeast - Diagonal,Straight,10.0,User,65.99192623220728,100.49654986661447,234.91,3.5,2.333,5.25,5.0,4.333,7.0,80.214,92.667,44.667,90.0,75.0,90.0,92.0,94.583,2.0,92.143,100.0,2.0
041,Low,2024-8-21,15,0,56,15,15:18:48,15:19:29,102,3970.04,743.18,6737.12,1886.21,5.28,-4.46,15.22,5.59,True,10,10,10,10,19,1,5,Very frequently,Very Experienced,Experienced,Never,3.0,3.667,5.25,80,94,18.333,1.125,0.122,Straight,North,North - Straight,Straight,10.0,AGV,55.8501506612635,205.2886023101765,158.77,3.5,2.333,5.25,5.0,4.333,7.0,80.214,92.667,44.667,90.0,75.0,90.0,92.0,94.583,2.0,92.143,100.0,2.0
041,Low,2024-8-21,15,0,56,16,15:19:37,15:20:37,397,3330.1,1353.26,5543.86,977.95,3.14,-0.15,15.23,4.67,True,10,10,10,10,19,1,5,Very frequently,Very Experienced,Experienced,Never,3.0,3.667,5.25,80,94,18.333,1.125,0.154,Diagonal,West,West - Diagonal,Complex,10.0,,59.514828338566076,104.05738268233654,98.53,3.5,2.333,5.25,5.0,4.333,7.0,80.214,92.667,44.667,90.0,75.0,90.0,92.0,94.583,2.0,92.143,100.0,2.0
042,High,2024-8-21,16,59,32,1,17:00:10,17:00:53,524,6330.5,514.95,12671.97,4328.13,9.42,-0.04,15.29,6.2,True,7,7,7,3,19,1,2,Very frequently,Very Experienced,Very Experienced,Never,2.714,3.333,3.833,85,86,19.0,1.125,0.191,Straight,South,South - Straight,Straight,8.5,AGV,88.28446688693269,270.97918173230215,189.76,3.25,2.0,3.5,3.667,4.667,3.5,85.5,97.333,61.667,92.5,90.0,97.5,83.333,86.667,5.0,80.714,45.0,13.8
042,High,2024-8-21,16,59,32,2,17:00:57,17:01:30,0,2230.5,1069.81,4602.22,968.42,6.15,-0.0,15.22,3.3,True,9,8,8,9,19,1,2,Very frequently,Very Experienced,Very Experienced,Never,2.714,3.333,3.833,85,86,19.0,1.125,0.081,Diagonal,North,North - Diagonal,Complex,7.0,User,71.09199706252203,250.79812387826556,165.09,3.25,2.0,3.5,3.667,4.667,3.5,85.5,97.333,61.667,92.5,90.0,97.5,83.333,86.667,5.0,80.714,45.0,13.8
042,High,2024-8-21,16,59,32,3,17:01:33,17:02:12,636,2198.56,638.65,5054.79,1630.45,4.79,-5.6,15.22,3.73,True,9,9,9,9,19,1,2,Very frequently,Very Experienced,Very Experienced,Never,2.714,3.333,3.833,85,86,19.0,1.125,0.262,Diagonal,South,South - Diagonal,Complex,9.0,,92.57417941915689,116.68349865502852,240.32,3.25,2.0,3.5,3.667,4.667,3.5,85.5,97.333,61.667,92.5,90.0,97.5,83.333,86.667,5.0,80.714,45.0,13.8
042,High,2024-8-21,16,59,32,4,17:02:15,17:02:50,359,4326.78,569.72,11875.55,3353.84,10.72,-0.61,15.22,5.6,True,9,9,9,6,19,1,2,Very frequently,Very Experienced,Very Experienced,Never,2.714,3.333,3.833,85,86,19.0,1.125,0.163,Straight,Northeast,Northeast - Straight,Complex,9.0,AGV,65.42852715552019,381.7520908155676,204.96,3.25,2.0,3.5,3.667,4.667,3.5,85.5,97.333,61.667,92.5,90.0,97.5,83.333,86.667,5.0,80.714,45.0,13.8
042,High,2024-8-21,16,59,32,5,17:02:58,17:03:48,327,3326.55,921.05,7745.21,1592.86,4.26,-2.97,15.32,4.79,True,9,9,9,9,19,1,2,Very frequently,Very Experienced,Very Experienced,Never,2.714,3.333,3.833,85,86,19.0,1.125,0.154,Straight,Northwest,Northwest - Straight,Complex,9.0,User,119.54461068356322,115.15477429525885,408.49,3.25,2.0,3.5,3.667,4.667,3.5,85.5,97.333,61.667,92.5,90.0,97.5,83.333,86.667,5.0,80.714,45.0,13.8
042,High,2024-8-21,16,59,32,6,17:03:51,17:04:34,530,2617.72,783.36,5530.53,1210.2,4.4,-4.25,15.21,4.15,True,9,10,10,9,19,1,2,Very frequently,Very Experienced,Very Experienced,Never,2.714,3.333,3.833,85,86,19.0,1.125,0.16,Diagonal,Northwest,Northwest - Diagonal,Complex,9.0,AGV,86.07326320661896,140.31906955320437,200.2,3.25,2.0,3.5,3.667,4.667,3.5,85.5,97.333,61.667,92.5,90.0,97.5,83.333,86.667,5.0,80.714,45.0,13.8
042,High,2024-8-21,16,59,32,7,17:04:41,17:05:22,905,2727.82,490.23,5404.14,1931.21,5.31,-4.59,15.22,5.93,True,10,10,10,8,19,1,2,Very frequently,Very Experienced,Very Experienced,Never,2.714,3.333,3.833,85,86,19.0,1.125,0.356,Straight,East,East - Straight,Straight,9.0,AGV,69.26529261672324,190.77129774717994,308.36,3.25,2.0,3.5,3.667,4.667,3.5,85.5,97.333,61.667,92.5,90.0,97.5,83.333,86.667,5.0,80.714,45.0,13.8
042,High,2024-8-21,16,59,32,8,17:05:26,17:06:38,49,2632.57,999.2,4703.95,971.83,3.02,-3.85,15.22,3.57,True,10,10,10,10,19,1,2,Very frequently,Very Experienced,Very Experienced,Never,2.714,3.333,3.833,85,86,19.0,1.125,0.024,Diagonal,Southwest,Southwest - Diagonal,Straight,10.0,User,51.85548476162057,124.56732233884551,316.18,3.25,2.0,3.5,3.667,4.667,3.5,85.5,97.333,61.667,92.5,90.0,97.5,83.333,86.667,5.0,80.714,45.0,13.8
042,High,2024-8-21,16,59,32,9,17:06:48,17:07:34,753,3759.49,249.98,7143.83,2198.87,4.78,-4.52,15.21,6.16,True,9,9,9,7,19,1,2,Very frequently,Very Experienced,Very Experienced,Never,2.714,3.333,3.833,85,86,19.0,1.125,0.286,Diagonal,Northeast,Northeast - Diagonal,Straight,10.0,User,80.89306377148446,92.75472192658698,600.01,3.25,2.0,3.5,3.667,4.667,3.5,85.5,97.333,61.667,92.5,90.0,97.5,83.333,86.667,5.0,80.714,45.0,13.8
042,High,2024-8-21,16,59,32,10,17:07:36,17:08:27,669,3575.74,856.54,5418.54,1826.94,4.33,-4.42,15.22,4.82,True,10,10,10,10,19,1,2,Very frequently,Very Experienced,Very Experienced,Never,2.714,3.333,3.833,85,86,19.0,1.125,0.222,Straight,West,West - Straight,Straight,9.0,User,56.075665920265614,192.83425989007628,227.44,3.25,2.0,3.5,3.667,4.667,3.5,85.5,97.333,61.667,92.5,90.0,97.5,83.333,86.667,5.0,80.714,45.0,13.8
042,High,2024-8-21,16,59,32,11,17:08:31,17:09:16,0,4585.28,1491.2,6387.03,1888.3,4.27,-3.05,15.22,5.23,True,10,10,10,10,19,1,2,Very frequently,Very Experienced,Very Experienced,Never,2.714,3.333,3.833,85,86,19.0,1.125,0.0,Diagonal,East,East - Diagonal,Complex,10.0,AGV,82.89680145330956,133.04975450018787,295.03,3.25,2.0,3.5,3.667,4.667,3.5,85.5,97.333,61.667,92.5,90.0,97.5,83.333,86.667,5.0,80.714,45.0,13.8
042,High,2024-8-21,16,59,32,12,17:09:21,17:10:17,59,2590.95,993.19,4170.86,1195.45,3.75,-3.48,15.23,3.22,True,10,10,10,10,19,1,2,Very frequently,Very Experienced,Very Experienced,Never,2.714,3.333,3.833,85,86,19.0,1.125,0.051,Straight,Southeast,Southeast - Straight,Complex,10.0,User,107.30795770041776,129.27621841544652,355.29,3.25,2.0,3.5,3.667,4.667,3.5,85.5,97.333,61.667,92.5,90.0,97.5,83.333,86.667,5.0,80.714,45.0,13.8
042,High,2024-8-21,16,59,32,13,17:10:21,17:10:56,2,1912.57,925.63,4793.52,850.91,5.8,-0.0,15.21,2.78,True,10,10,10,10,19,1,2,Very frequently,Very Experienced,Very Experienced,Never,2.714,3.333,3.833,85,86,19.0,1.125,0.025,Straight,Southwest,Southwest - Straight,Complex,10.0,User,66.3727792740182,202.2723454831537,327.81,3.25,2.0,3.5,3.667,4.667,3.5,85.5,97.333,61.667,92.5,90.0,97.5,83.333,86.667,5.0,80.714,45.0,13.8
042,High,2024-8-21,16,59,32,14,17:11:00,17:11:45,19,2247.09,1095.51,4733.47,1003.86,4.87,-4.04,15.21,3.44,True,10,10,10,10,19,1,2,Very frequently,Very Experienced,Very Experienced,Never,2.714,3.333,3.833,85,86,19.0,1.125,0.021,Diagonal,Southeast,Southeast - Diagonal,Straight,10.0,User,80.95010088099187,127.15787072029248,273.09,3.25,2.0,3.5,3.667,4.667,3.5,85.5,97.333,61.667,92.5,90.0,97.5,83.333,86.667,5.0,80.714,45.0,13.8
042,High,2024-8-21,16,59,32,15,17:11:48,17:12:22,60,3820.75,931.23,6889.23,1829.57,6.47,-4.56,15.22,5.71,True,10,10,10,10,19,1,2,Very frequently,Very Experienced,Very Experienced,Never,2.714,3.333,3.833,85,86,19.0,1.125,0.028,Straight,North,North - Straight,Straight,10.0,User,69.10005770054039,285.04102758981793,182.77,3.25,2.0,3.5,3.667,4.667,3.5,85.5,97.333,61.667,92.5,90.0,97.5,83.333,86.667,5.0,80.714,45.0,13.8
042,High,2024-8-21,16,59,32,16,17:12:25,17:13:09,338,2754.15,640.79,5634.82,1267.43,4.32,-0.1,15.25,4.36,True,10,10,10,10,19,1,2,Very frequently,Very Experienced,Very Experienced,Never,2.714,3.333,3.833,85,86,19.0,1.125,0.17,Diagonal,West,West - Diagonal,Complex,10.0,,81.96011880848543,114.83588487111207,253.26,3.25,2.0,3.5,3.667,4.667,3.5,85.5,97.333,61.667,92.5,90.0,97.5,83.333,86.667,5.0,80.714,45.0,13.8
042,Low,2024-8-21,16,38,58,1,16:39:28,16:40:30,701,7266.97,515.63,12613.95,4197.12,7.56,-2.38,15.27,6.57,True,9,8,8,3,19,1,2,Very frequently,Very Experienced,Very Experienced,Never,2.714,3.333,3.833,76,72,23.333,1.125,0.188,Straight,South,South - Straight,Straight,,User,60.54354886089431,123.3967497349634,351.48,3.25,2.0,3.5,3.667,4.667,3.5,76.714,97.0,30.333,92.5,91.0,92.5,77.0,72.833,13.2,62.857,70.0,14.0
042,Low,2024-8-21,16,38,58,2,16:40:36,16:41:19,0,2251.29,991.69,4503.9,920.9,5.17,-3.63,15.23,3.47,True,9,9,9,8,19,1,2,Very frequently,Very Experienced,Very Experienced,Never,2.714,3.333,3.833,76,72,23.333,1.125,0.021,Diagonal,North,North - Diagonal,Complex,9.0,User,53.65533230155195,226.15110592911222,134.54,3.25,2.0,3.5,3.667,4.667,3.5,76.714,97.0,30.333,92.5,91.0,92.5,77.0,72.833,13.2,62.857,70.0,14.0
042,Low,2024-8-21,16,38,58,3,16:41:25,16:42:19,697,2926.73,646.76,4999.23,1806.1,3.47,-5.43,15.23,3.8,True,9,9,9,8,19,1,2,Very frequently,Very Experienced,Very Experienced,Never,2.714,3.333,3.833,76,72,23.333,1.125,0.207,Diagonal,South,South - Diagonal,Complex,9.0,,66.30352541645392,154.58956721881094,311.49,3.25,2.0,3.5,3.667,4.667,3.5,76.714,97.0,30.333,92.5,91.0,92.5,77.0,72.833,13.2,62.857,70.0,14.0
042,Low,2024-8-21,16,38,58,4,16:42:23,16:42:57,193,4707.18,543.26,11804.54,3593.72,10.84,-2.51,15.36,5.66,True,8,8,8,9,19,1,2,Very frequently,Very Experienced,Very Experienced,Never,2.714,3.333,3.833,76,72,23.333,1.125,0.079,Straight,Northeast,Northeast - Straight,Complex,9.0,AGV,66.86713646968072,387.44435708268765,228.9,3.25,2.0,3.5,3.667,4.667,3.5,76.714,97.0,30.333,92.5,91.0,92.5,77.0,72.833,13.2,62.857,70.0,14.0
042,Low,2024-8-21,16,38,58,5,16:43:01,16:43:55,241,3510.63,918.65,7604.51,1446.95,3.87,-3.38,15.28,4.89,True,9,9,9,10,19,1,2,Very frequently,Very Experienced,Very Experienced,Never,2.714,3.333,3.833,76,72,23.333,1.125,0.086,Straight,Northwest,Northwest - Straight,Complex,8.0,User,110.67159459098056,107.82357727151545,341.16,3.25,2.0,3.5,3.667,4.667,3.5,76.714,97.0,30.333,92.5,91.0,92.5,77.0,72.833,13.2,62.857,70.0,14.0
042,Low,2024-8-21,16,38,58,6,16:43:59,16:44:42,516,2540.24,670.57,5375.05,1202.41,4.47,-2.09,15.23,4.02,True,10,10,10,10,19,1,2,Very frequently,Very Experienced,Very Experienced,Never,2.714,3.333,3.833,76,72,23.333,1.125,0.213,Diagonal,Northwest,Northwest - Diagonal,Complex,9.0,AGV,85.57029568509583,143.70750320771202,130.3,3.25,2.0,3.5,3.667,4.667,3.5,76.714,97.0,30.333,92.5,91.0,92.5,77.0,72.833,13.2,62.857,70.0,14.0
042,Low,2024-8-21,16,38,58,7,16:44:46,16:45:22,40,3202.98,591.28,5468.84,1906.97,6.04,-4.41,15.22,6.09,True,10,10,10,10,19,1,2,Very frequently,Very Experienced,Very Experienced,Never,2.714,3.333,3.833,76,72,23.333,1.125,0.024,Straight,East,East - Straight,Straight,10.0,AGV,78.82830120183752,224.19317309449718,172.02,3.25,2.0,3.5,3.667,4.667,3.5,76.714,97.0,30.333,92.5,91.0,92.5,77.0,72.833,13.2,62.857,70.0,14.0
042,Low,2024-8-21,16,38,58,8,16:45:27,16:46:25,475,2447.13,625.47,4602.09,1102.5,3.78,-4.3,15.21,3.58,True,10,10,10,10,19,1,2,Very frequently,Very Experienced,Very Experienced,Never,2.714,3.333,3.833,76,72,23.333,1.125,0.161,Diagonal,Southwest,Southwest - Diagonal,Straight,10.0,User,64.18449171350248,122.88020855711639,385.01,3.25,2.0,3.5,3.667,4.667,3.5,76.714,97.0,30.333,92.5,91.0,92.5,77.0,72.833,13.2,62.857,70.0,14.0
042,Low,2024-8-21,16,38,58,9,16:46:29,16:47:12,436,4175.66,507.65,7037.02,1918.7,5.1,-4.49,15.22,5.68,True,10,10,10,10,19,1,2,Very frequently,Very Experienced,Very Experienced,Never,2.714,3.333,3.833,76,72,23.333,1.125,0.13,Diagonal,Northeast,Northeast - Diagonal,Straight,10.0,AGV,88.29052233366285,227.39119790341127,147.56,3.25,2.0,3.5,3.667,4.667,3.5,76.714,97.0,30.333,92.5,91.0,92.5,77.0,72.833,13.2,62.857,70.0,14.0
042,Low,2024-8-21,16,38,58,10,16:47:24,16:48:08,611,3311.67,527.02,5482.42,1869.87,4.98,-4.41,15.21,4.86,True,10,10,10,10,19,1,2,Very frequently,Very Experienced,Very Experienced,Never,2.714,3.333,3.833,76,72,23.333,1.125,0.229,Straight,West,West - Straight,Straight,10.0,AGV,67.33160601369853,140.98999410663384,187.26,3.25,2.0,3.5,3.667,4.667,3.5,76.714,97.0,30.333,92.5,91.0,92.5,77.0,72.833,13.2,62.857,70.0,14.0
042,Low,2024-8-21,16,38,58,11,16:48:12,16:48:57,40,4393.96,1158.75,6233.85,1935.69,4.25,-5.41,15.22,5.25,True,10,10,10,10,19,1,2,Very frequently,Very Experienced,Very Experienced,Never,2.714,3.333,3.833,76,72,23.333,1.125,0.021,Diagonal,East,East - Diagonal,Complex,10.0,AGV,82.34219703410902,107.07369963657752,398.96,3.25,2.0,3.5,3.667,4.667,3.5,76.714,97.0,30.333,92.5,91.0,92.5,77.0,72.833,13.2,62.857,70.0,14.0
042,Low,2024-8-21,16,38,58,12,16:49:00,16:49:59,0,2741.36,973.11,4127.69,1117.27,3.56,-2.27,15.21,3.24,True,10,10,10,10,19,1,2,Very frequently,Very Experienced,Very Experienced,Never,2.714,3.333,3.833,76,72,23.333,1.125,0.0,Straight,Southeast,Southeast - Straight,Complex,10.0,User,101.37869855665897,145.06792463281718,229.31,3.25,2.0,3.5,3.667,4.667,3.5,76.714,97.0,30.333,92.5,91.0,92.5,77.0,72.833,13.2,62.857,70.0,14.0
042,Low,2024-8-21,16,38,58,13,16:50:02,16:50:37,0,2671.41,1392.34,7555.62,1491.26,7.55,-0.0,15.22,4.14,True,10,10,10,10,19,1,2,Very frequently,Very Experienced,Very Experienced,Never,2.714,3.333,3.833,76,72,23.333,1.125,0.0,Straight,Southwest,Southwest - Straight,Complex,10.0,User,64.81056307332949,312.4320871568735,164.58,3.25,2.0,3.5,3.667,4.667,3.5,76.714,97.0,30.333,92.5,91.0,92.5,77.0,72.833,13.2,62.857,70.0,14.0
042,Low,2024-8-21,16,38,58,14,16:50:40,16:51:23,0,2388.97,1189.39,4703.97,893.72,5.0,-3.93,15.21,3.36,True,10,10,10,10,19,1,2,Very frequently,Very Experienced,Very Experienced,Never,2.714,3.333,3.833,76,72,23.333,1.125,,Diagonal,Southeast,Southeast - Diagonal,Straight,10.0,User,,,,3.25,2.0,3.5,3.667,4.667,3.5,76.714,97.0,30.333,92.5,91.0,92.5,77.0,72.833,13.2,62.857,70.0,14.0
042,Low,2024-8-21,16,38,58,16,16:52:08,16:52:51,278,2903.23,1014.87,5633.38,1183.73,4.42,-0.04,15.23,4.68,True,10,10,10,10,19,1,2,Very frequently,Very Experienced,Very Experienced,Never,2.714,3.333,3.833,76,72,23.333,1.125,0.156,Diagonal,West,West - Diagonal,Complex,10.0,User,84.62028666103741,146.22808545592838,206.83,3.25,2.0,3.5,3.667,4.667,3.5,76.714,97.0,30.333,92.5,91.0,92.5,77.0,72.833,13.2,62.857,70.0,14.0
043,High,2024-8-22,14,39,22,1,14:40:59,14:42:39,369,7848.44,498.43,11801.1,3605.58,4.7,-3.51,15.23,5.94,True,10,10,10,8,18,2,5,Occasionally,Inexperienced,Inexperienced,Never,3.0,2.833,3.917,57,69,33.5,1.125,0.055,Straight,South,South - Straight,Straight,,AGV,38.85077087822197,68.78774754726697,166.32,3.25,2.667,4.25,3.667,4.333,3.0,57.0,74.667,25.0,59.5,28.0,62.5,75.667,69.417,16.6,59.429,90.0,22.2
043,High,2024-8-22,14,39,22,2,14:43:06,14:44:08,0,2407.54,960.47,4517.78,977.97,3.56,-3.63,15.21,3.5,True,10,10,10,8,18,2,5,Occasionally,Inexperienced,Inexperienced,Never,3.0,2.833,3.917,57,69,33.5,1.125,0.011,Diagonal,North,North - Diagonal,Complex,10.0,AGV,39.960373181895804,130.7998779429221,250.15,3.25,2.667,4.25,3.667,4.333,3.0,57.0,74.667,25.0,59.5,28.0,62.5,75.667,69.417,16.6,59.429,90.0,22.2
043,High,2024-8-22,14,39,22,3,14:44:34,14:45:50,530,3977.0,815.04,5891.59,1707.78,2.47,-5.57,15.21,4.03,True,10,9,9,8,18,2,5,Occasionally,Inexperienced,Inexperienced,Never,3.0,2.833,3.917,57,69,33.5,1.125,0.12,Diagonal,South,South - Diagonal,Complex,10.0,,47.53110440687725,42.502811071461124,131.95,3.25,2.667,4.25,3.667,4.333,3.0,57.0,74.667,25.0,59.5,28.0,62.5,75.667,69.417,16.6,59.429,90.0,22.2
043,High,2024-8-22,14,39,22,4,14:45:57,14:47:15,954,6803.15,286.75,11831.89,4873.63,4.71,-2.47,15.24,6.38,True,8,8,9,6,18,2,5,Occasionally,Inexperienced,Inexperienced,Never,3.0,2.833,3.917,57,69,33.5,1.125,0.202,Straight,Northeast,Northeast - Straight,Complex,10.0,AGV,30.076748324527298,158.85893447755583,845.57,3.25,2.667,4.25,3.667,4.333,3.0,57.0,74.667,25.0,59.5,28.0,62.5,75.667,69.417,16.6,59.429,90.0,22.2
043,High,2024-8-22,14,39,22,5,14:47:31,14:49:19,42,3722.19,2641.08,7548.44,832.27,1.94,-1.85,15.26,4.67,True,10,9,9,8,18,2,5,Occasionally,Inexperienced,Inexperienced,Never,3.0,2.833,3.917,57,69,33.5,1.125,0.024,Straight,Northwest,Northwest - Straight,Complex,8.0,User,55.73458848594388,53.27582436204806,185.26,3.25,2.667,4.25,3.667,4.333,3.0,57.0,74.667,25.0,59.5,28.0,62.5,75.667,69.417,16.6,59.429,90.0,22.2
043,High,2024-8-22,14,39,22,6,14:49:35,14:50:52,488,3313.16,1361.81,5445.05,896.98,2.49,-4.32,15.25,4.25,True,10,10,9,8,18,2,5,Occasionally,Inexperienced,Inexperienced,Never,3.0,2.833,3.917,57,69,33.5,1.125,0.107,Diagonal,Northwest,Northwest - Diagonal,Complex,10.0,AGV,47.18462088549732,48.100727886614045,107.93,3.25,2.667,4.25,3.667,4.333,3.0,57.0,74.667,25.0,59.5,28.0,62.5,75.667,69.417,16.6,59.429,90.0,22.2
043,High,2024-8-22,14,39,22,7,14:50:58,14:51:56,663,3726.08,753.15,5378.1,1784.6,3.77,-4.39,15.22,4.57,True,9,8,9,9,18,2,5,Occasionally,Inexperienced,Inexperienced,Never,3.0,2.833,3.917,57,69,33.5,1.125,0.147,Straight,East,East - Straight,Straight,10.0,AGV,49.44257708133567,168.41743182064198,129.07,3.25,2.667,4.25,3.667,4.333,3.0,57.0,74.667,25.0,59.5,28.0,62.5,75.667,69.417,16.6,59.429,90.0,22.2
043,High,2024-8-22,14,39,22,8,14:52:07,14:53:41,446,2944.3,640.13,4653.02,999.61,2.32,-4.44,15.23,3.63,True,9,9,9,10,18,2,5,Occasionally,Inexperienced,Inexperienced,Never,3.0,2.833,3.917,57,69,33.5,1.125,0.081,Diagonal,Southwest,Southwest - Diagonal,Straight,9.0,AGV,40.89094735653323,35.23484831611294,149.28,3.25,2.667,4.25,3.667,4.333,3.0,57.0,74.667,25.0,59.5,28.0,62.5,75.667,69.417,16.6,59.429,90.0,22.2
043,High,2024-8-22,14,39,22,9,14:53:57,14:55:12,317,4256.6,1115.76,7182.37,1556.73,2.93,-4.48,15.23,4.65,True,9,9,10,8,18,2,5,Occasionally,Inexperienced,Inexperienced,Never,3.0,2.833,3.917,57,69,33.5,1.125,0.088,Diagonal,Northeast,Northeast - Diagonal,Straight,9.0,AGV,51.2423758802754,129.98357222704487,157.18,3.25,2.667,4.25,3.667,4.333,3.0,57.0,74.667,25.0,59.5,28.0,62.5,75.667,69.417,16.6,59.429,90.0,22.2
043,High,2024-8-22,14,39,22,10,14:55:18,14:56:23,244,3973.95,1178.29,5405.26,1639.22,3.38,-4.45,15.22,4.54,True,10,9,9,9,18,2,5,Occasionally,Inexperienced,Inexperienced,Never,3.0,2.833,3.917,57,69,33.5,1.125,0.083,Straight,West,West - Straight,Straight,9.0,AGV,44.113654555523084,81.15350097832416,208.02,3.25,2.667,4.25,3.667,4.333,3.0,57.0,74.667,25.0,59.5,28.0,62.5,75.667,69.417,16.6,59.429,90.0,22.2
043,High,2024-8-22,14,39,22,11,14:56:29,14:58:03,1415,3827.8,509.2,6287.75,2370.91,2.04,-11.81,15.22,4.45,True,6,6,7,5,18,2,5,Occasionally,Inexperienced,Inexperienced,Never,3.0,2.833,3.917,57,69,33.5,1.125,0.2,Diagonal,East,East - Diagonal,Complex,10.0,AGV,38.54254649872859,61.61023495879467,483.72,3.25,2.667,4.25,3.667,4.333,3.0,57.0,74.667,25.0,59.5,28.0,62.5,75.667,69.417,16.6,59.429,90.0,22.2
043,High,2024-8-22,14,39,22,12,14:58:24,15:00:08,537,2937.43,1213.25,4145.12,1041.15,2.02,-3.0,9.54,2.53,True,9,10,10,9,18,2,5,Occasionally,Inexperienced,Inexperienced,Never,3.0,2.833,3.917,57,69,33.5,1.125,0.09,Straight,Southeast,Southeast - Straight,Complex,6.0,User,57.53449709196546,71.06342940738308,342.64,3.25,2.667,4.25,3.667,4.333,3.0,57.0,74.667,25.0,59.5,28.0,62.5,75.667,69.417,16.6,59.429,90.0,22.2
043,High,2024-8-22,14,39,22,13,15:00:26,15:01:22,146,5419.09,632.71,11835.99,4495.52,6.6,-3.55,15.35,6.12,True,8,6,6,9,18,2,5,Occasionally,Inexperienced,Inexperienced,Never,3.0,2.833,3.917,57,69,33.5,1.125,0.065,Straight,Southwest,Southwest - Straight,Complex,9.0,AGV,42.216539988524396,214.6797671463882,101.24,3.25,2.667,4.25,3.667,4.333,3.0,57.0,74.667,25.0,59.5,28.0,62.5,75.667,69.417,16.6,59.429,90.0,22.2
043,High,2024-8-22,14,39,22,14,15:01:28,15:02:37,606,2654.97,526.36,4719.8,1077.41,3.19,-4.46,15.23,3.93,True,10,9,9,10,18,2,5,Occasionally,Inexperienced,Inexperienced,Never,3.0,2.833,3.917,57,69,33.5,1.125,0.146,Diagonal,Southeast,Southeast - Diagonal,Straight,8.0,User,51.52198460473975,140.93486746740385,407.69,3.25,2.667,4.25,3.667,4.333,3.0,57.0,74.667,25.0,59.5,28.0,62.5,75.667,69.417,16.6,59.429,90.0,22.2
043,High,2024-8-22,14,39,22,15,15:02:51,15:03:42,251,3993.45,708.58,6835.52,1835.3,4.22,-4.54,15.25,5.12,True,9,9,9,9,18,2,5,Occasionally,Inexperienced,Inexperienced,Never,3.0,2.833,3.917,57,69,33.5,1.125,0.121,Straight,North,North - Straight,Straight,10.0,AGV,45.60427306987564,185.54862898243672,176.88,3.25,2.667,4.25,3.667,4.333,3.0,57.0,74.667,25.0,59.5,28.0,62.5,75.667,69.417,16.6,59.429,90.0,22.2
043,High,2024-8-22,14,39,22,16,15:03:49,15:04:55,337,3243.79,1329.59,5552.61,937.96,2.84,-0.04,15.24,4.34,True,10,9,9,10,18,2,5,Occasionally,Inexperienced,Inexperienced,Never,3.0,2.833,3.917,57,69,33.5,1.125,0.13,Diagonal,West,West - Diagonal,Complex,9.0,,53.771647314611634,78.95328018706135,101.99,3.25,2.667,4.25,3.667,4.333,3.0,57.0,74.667,25.0,59.5,28.0,62.5,75.667,69.417,16.6,59.429,90.0,22.2
043,Low,2024-8-22,15,13,26,1,15:14:00,15:15:13,451,7412.09,550.09,12128.73,4083.3,6.47,-3.42,15.22,6.12,True,6,6,7,4,18,2,5,Occasionally,Inexperienced,Inexperienced,Never,3.0,2.833,3.917,57,62,32.333,1.125,0.112,Straight,South,South - Straight,Straight,5.7,AGV,51.83023211025699,122.47205471666715,166.32,3.25,2.667,4.25,3.667,4.333,3.0,57.5,63.667,46.667,73.0,28.0,59.0,60.667,62.583,23.6,52.714,77.0,23.4
043,Low,2024-8-22,15,13,26,2,15:15:20,15:16:03,0,2125.17,1030.23,4494.34,976.23,4.98,-3.83,15.22,3.13,True,10,10,10,9,18,2,5,Occasionally,Inexperienced,Inexperienced,Never,3.0,2.833,3.917,57,62,32.333,1.125,0.0,Diagonal,North,North - Diagonal,Complex,6.0,AGV,53.56845116889248,196.94781890556771,108.63,3.25,2.667,4.25,3.667,4.333,3.0,57.5,63.667,46.667,73.0,28.0,59.0,60.667,62.583,23.6,52.714,77.0,23.4
043,Low,2024-8-22,15,13,26,3,15:16:11,15:17:16,742,3715.36,610.83,5774.62,1811.77,2.87,-5.63,15.21,4.19,True,8,8,8,7,18,2,5,Occasionally,Inexperienced,Inexperienced,Never,3.0,2.833,3.917,57,62,32.333,1.125,0.174,Diagonal,South,South - Diagonal,Complex,10.0,,55.687442302837034,61.30289280569593,83.78,3.25,2.667,4.25,3.667,4.333,3.0,57.5,63.667,46.667,73.0,28.0,59.0,60.667,62.583,23.6,52.714,77.0,23.4
043,Low,2024-8-22,15,13,26,4,15:17:20,15:18:12,736,6238.41,833.76,11898.39,4362.04,7.15,-3.71,15.22,6.0,True,8,8,8,7,18,2,5,Occasionally,Inexperienced,Inexperienced,Never,3.0,2.833,3.917,57,62,32.333,1.125,0.186,Straight,Northeast,Northeast - Straight,Complex,8.0,AGV,43.16917023060004,257.7727747155608,172.82,3.25,2.667,4.25,3.667,4.333,3.0,57.5,63.667,46.667,73.0,28.0,59.0,60.667,62.583,23.6,52.714,77.0,23.4
043,Low,2024-8-22,15,13,26,5,15:18:20,15:19:50,43,3635.48,2365.93,7645.68,936.99,2.13,-0.17,15.32,4.55,True,10,10,10,10,18,2,5,Occasionally,Inexperienced,Inexperienced,Never,3.0,2.833,3.917,57,62,32.333,1.125,0.031,Straight,Northwest,Northwest - Straight,Complex,8.0,AGV,66.60161403762999,56.014095520367064,128.03,3.25,2.667,4.25,3.667,4.333,3.0,57.5,63.667,46.667,73.0,28.0,59.0,60.667,62.583,23.6,52.714,77.0,23.4
043,Low,2024-8-22,15,13,26,6,15:19:57,15:21:04,731,3082.15,1222.51,5377.49,944.58,2.88,-3.72,15.23,4.23,True,8,9,8,7,18,2,5,Occasionally,Inexperienced,Inexperienced,Never,3.0,2.833,3.917,57,62,32.333,1.125,0.162,Diagonal,Northwest,Northwest - Diagonal,Complex,10.0,AGV,55.61701299140605,93.38770386656105,181.7,3.25,2.667,4.25,3.667,4.333,3.0,57.5,63.667,46.667,73.0,28.0,59.0,60.667,62.583,23.6,52.714,77.0,23.4
043,Low,2024-8-22,15,13,26,7,15:21:11,15:22:07,358,3875.68,1007.2,5460.74,1747.55,3.98,-4.44,15.23,4.9,True,9,9,9,9,18,2,5,Occasionally,Inexperienced,Inexperienced,Never,3.0,2.833,3.917,57,62,32.333,1.125,0.129,Straight,East,East - Straight,Straight,8.0,AGV,50.97811878498019,175.03587250879087,141.48,3.25,2.667,4.25,3.667,4.333,3.0,57.5,63.667,46.667,73.0,28.0,59.0,60.667,62.583,23.6,52.714,77.0,23.4
043,Low,2024-8-22,15,13,26,8,15:22:14,15:23:32,571,2863.66,637.7,4591.94,1084.19,2.8,-4.47,15.21,3.8,True,9,9,8,8,18,2,5,Occasionally,Inexperienced,Inexperienced,Never,3.0,2.833,3.917,57,62,32.333,1.125,0.143,Diagonal,Southwest,Southwest - Diagonal,Straight,9.0,AGV,47.1987733160799,108.08268828867168,112.82,3.25,2.667,4.25,3.667,4.333,3.0,57.5,63.667,46.667,73.0,28.0,59.0,60.667,62.583,23.6,52.714,77.0,23.4
043,Low,2024-8-22,15,13,26,9,15:23:38,15:25:03,207,4479.88,1210.65,7041.97,1456.05,2.59,-4.12,15.21,4.61,True,9,10,9,9,18,2,5,Occasionally,Inexperienced,Inexperienced,Never,3.0,2.833,3.917,57,62,32.333,1.125,0.043,Diagonal,Northeast,Northeast - Diagonal,Straight,9.0,AGV,43.15473752929873,78.09877843068183,106.11,3.25,2.667,4.25,3.667,4.333,3.0,57.5,63.667,46.667,73.0,28.0,59.0,60.667,62.583,23.6,52.714,77.0,23.4
043,Low,2024-8-22,15,13,26,10,15:25:10,15:26:22,482,4092.87,1118.37,5450.4,1643.66,3.05,-4.43,15.22,4.38,True,9,9,10,8,18,2,5,Occasionally,Inexperienced,Inexperienced,Never,3.0,2.833,3.917,57,62,32.333,1.125,0.105,Straight,West,West - Straight,Straight,9.0,AGV,39.44740797619023,117.30081073583409,284.14,3.25,2.667,4.25,3.667,4.333,3.0,57.5,63.667,46.667,73.0,28.0,59.0,60.667,62.583,23.6,52.714,77.0,23.4
043,Low,2024-8-22,15,13,26,11,15:26:26,15:27:39,150,4240.06,604.07,6146.0,2073.41,2.63,-5.29,15.24,4.76,True,4,5,4,3,18,2,5,Occasionally,Inexperienced,Inexperienced,Never,3.0,2.833,3.917,57,62,32.333,1.125,0.038,Diagonal,East,East - Diagonal,Complex,9.0,AGV,50.37310177008175,59.168612995974584,262.47,3.25,2.667,4.25,3.667,4.333,3.0,57.5,63.667,46.667,73.0,28.0,59.0,60.667,62.583,23.6,52.714,77.0,23.4
043,Low,2024-8-22,15,13,26,12,15:27:43,15:29:15,552,3354.13,1007.25,5143.88,1587.74,2.65,-1.79,14.25,2.9,True,9,9,8,9,18,2,5,Occasionally,Inexperienced,Inexperienced,Never,3.0,2.833,3.917,57,62,32.333,1.125,0.103,Straight,Southeast,Southeast - Straight,Complex,4.0,User,65.1830244783937,84.18935551112595,302.98,3.25,2.667,4.25,3.667,4.333,3.0,57.5,63.667,46.667,73.0,28.0,59.0,60.667,62.583,23.6,52.714,77.0,23.4
043,Low,2024-8-22,15,13,26,13,15:29:20,15:30:25,492,4977.74,479.74,11838.78,4638.4,5.73,-3.53,15.22,6.18,True,7,8,7,9,18,2,5,Occasionally,Inexperienced,Inexperienced,Never,3.0,2.833,3.917,57,62,32.333,1.125,0.141,Straight,Southwest,Southwest - Straight,Complex,9.0,AGV,34.539601825896945,180.45009212064542,181.09,3.25,2.667,4.25,3.667,4.333,3.0,57.5,63.667,46.667,73.0,28.0,59.0,60.667,62.583,23.6,52.714,77.0,23.4
043,Low,2024-8-22,15,13,26,14,15:30:31,15:31:34,559,2759.19,979.43,4718.94,1012.13,3.49,-4.49,15.2,4.29,True,9,9,9,10,18,2,5,Occasionally,Inexperienced,Inexperienced,Never,3.0,2.833,3.917,57,62,32.333,1.125,0.182,Diagonal,Southeast,Southeast - Diagonal,Straight,7.0,User,57.515292114123525,145.59993980204044,243.94,3.25,2.667,4.25,3.667,4.333,3.0,57.5,63.667,46.667,73.0,28.0,59.0,60.667,62.583,23.6,52.714,77.0,23.4
043,Low,2024-8-22,15,13,26,15,15:31:37,15:32:32,129,4064.43,801.31,6759.69,1807.03,4.0,-4.39,15.22,5.05,True,8,9,10,9,18,2,5,Occasionally,Inexperienced,Inexperienced,Never,3.0,2.833,3.917,57,62,32.333,1.125,0.05,Straight,North,North - Straight,Straight,9.0,AGV,41.51952694850263,158.1149067817838,144.54,3.25,2.667,4.25,3.667,4.333,3.0,57.5,63.667,46.667,73.0,28.0,59.0,60.667,62.583,23.6,52.714,77.0,23.4
043,Low,2024-8-22,15,13,26,16,15:32:37,15:33:43,576,3287.41,1309.46,5550.94,957.61,2.88,-0.03,15.21,4.35,True,9,9,9,7,18,2,5,Occasionally,Inexperienced,Inexperienced,Never,3.0,2.833,3.917,57,62,32.333,1.125,0.129,Diagonal,West,West - Diagonal,Complex,8.0,,54.05786823932707,94.67381752461503,97.15,3.25,2.667,4.25,3.667,4.333,3.0,57.5,63.667,46.667,73.0,28.0,59.0,60.667,62.583,23.6,52.714,77.0,23.4
044,High,2024-8-22,17,33,18,1,17:34:39,17:36:22,323,7712.98,714.68,11674.94,3430.61,4.57,-2.9,15.26,5.91,True,4,5,6,7,20,2,5,Very rarely,Very Inexperienced,Very Inexperienced,Never,2.286,3.5,4.818,58,68,40.833,1.125,0.083,Straight,South,South - Straight,Straight,5.8,AGV,36.63295099835096,86.87286470832396,121.71,2.5,2.0,6.0,5.333,3.5,3.0,58.786,78.333,43.333,65.0,65.0,35.0,64.333,68.167,18.4,58.571,90.0,31.0
044,High,2024-8-22,17,33,18,2,17:36:28,17:37:19,0,2260.77,980.84,4524.8,986.7,4.27,-3.74,15.21,3.43,True,6,6,7,8,20,2,5,Very rarely,Very Inexperienced,Very Inexperienced,Never,2.286,3.5,4.818,58,68,40.833,1.125,0.052,Diagonal,North,North - Diagonal,Complex,4.0,AGV,44.69989336915859,161.11839883254643,115.4,2.5,2.0,6.0,5.333,3.5,3.0,58.786,78.333,43.333,65.0,65.0,35.0,64.333,68.167,18.4,58.571,90.0,31.0
044,High,2024-8-22,17,33,18,3,17:37:25,17:38:41,577,4086.89,709.41,6130.52,1727.19,2.47,-5.42,15.23,4.18,True,7,4,7,1,20,2,5,Very rarely,Very Inexperienced,Very Inexperienced,Never,2.286,3.5,4.818,58,68,40.833,1.125,0.198,Diagonal,South,South - Diagonal,Complex,6.0,,46.71806592629027,89.68770229528414,359.25,2.5,2.0,6.0,5.333,3.5,3.0,58.786,78.333,43.333,65.0,65.0,35.0,64.333,68.167,18.4,58.571,90.0,31.0
044,High,2024-8-22,17,33,18,4,17:38:48,17:40:32,635,8890.15,1053.36,12016.14,4228.77,3.54,-4.05,15.27,5.43,True,7,6,8,6,20,2,5,Very rarely,Very Inexperienced,Very Inexperienced,Never,2.286,3.5,4.818,58,68,40.833,1.125,0.104,Straight,Northeast,Northeast - Straight,Complex,7.0,AGV,21.416039823108616,113.95378443933042,253.24,2.5,2.0,6.0,5.333,3.5,3.0,58.786,78.333,43.333,65.0,65.0,35.0,64.333,68.167,18.4,58.571,90.0,31.0
044,High,2024-8-22,17,33,18,5,17:40:42,17:42:50,302,3862.23,2608.1,7603.54,756.93,1.47,-0.01,15.32,4.33,True,7,6,8,8,20,2,5,Very rarely,Very Inexperienced,Very Inexperienced,Never,2.286,3.5,4.818,58,68,40.833,1.125,0.06,Straight,Northwest,Northwest - Straight,Complex,7.0,AGV,46.53080584452296,18.55519357553516,195.02,2.5,2.0,6.0,5.333,3.5,3.0,58.786,78.333,43.333,65.0,65.0,35.0,64.333,68.167,18.4,58.571,90.0,31.0
044,High,2024-8-22,17,33,18,6,17:42:57,17:44:14,1256,3511.8,1631.31,5377.79,902.04,2.49,-4.56,15.21,4.5,True,7,5,7,2,20,2,5,Very rarely,Very Inexperienced,Very Inexperienced,Never,2.286,3.5,4.818,58,68,40.833,1.125,0.357,Diagonal,Northwest,Northwest - Diagonal,Complex,7.0,AGV,48.2923032349851,41.690381890957646,523.52,2.5,2.0,6.0,5.333,3.5,3.0,58.786,78.333,43.333,65.0,65.0,35.0,64.333,68.167,18.4,58.571,90.0,31.0
044,High,2024-8-22,17,33,18,7,17:44:21,17:45:31,263,4012.29,1201.46,5458.73,1698.74,3.16,-4.41,15.21,4.35,True,8,7,8,9,20,2,5,Very rarely,Very Inexperienced,Very Inexperienced,Never,2.286,3.5,4.818,58,68,40.833,1.125,0.133,Straight,East,East - Straight,Straight,7.0,AGV,40.82066478639074,139.36014642207817,289.29,2.5,2.0,6.0,5.333,3.5,3.0,58.786,78.333,43.333,65.0,65.0,35.0,64.333,68.167,18.4,58.571,90.0,31.0
044,High,2024-8-22,17,33,18,8,17:45:37,17:47:03,504,3047.19,766.01,4600.33,1038.4,2.54,-4.39,15.21,3.87,True,8,7,8,9,20,2,5,Very rarely,Very Inexperienced,Very Inexperienced,Never,2.286,3.5,4.818,58,68,40.833,1.125,0.181,Diagonal,Southwest,Southwest - Diagonal,Straight,8.0,AGV,43.52948501628741,70.77121762873678,96.48,2.5,2.0,6.0,5.333,3.5,3.0,58.786,78.333,43.333,65.0,65.0,35.0,64.333,68.167,18.4,58.571,90.0,31.0
044,High,2024-8-22,17,33,18,9,17:47:11,17:48:25,252,4311.67,1160.03,7058.26,1627.68,2.96,-4.44,15.22,4.58,True,8,8,8,9,20,2,5,Very rarely,Very Inexperienced,Very Inexperienced,Never,2.286,3.5,4.818,58,68,40.833,1.125,0.085,Diagonal,Northeast,Northeast - Diagonal,Straight,8.0,AGV,50.95346911357598,56.69047644562795,127.1,2.5,2.0,6.0,5.333,3.5,3.0,58.786,78.333,43.333,65.0,65.0,35.0,64.333,68.167,18.4,58.571,90.0,31.0
044,High,2024-8-22,17,33,18,10,17:48:32,17:49:46,539,4171.29,933.55,5512.1,1712.64,2.98,-4.46,15.23,4.37,True,9,7,8,10,20,2,5,Very rarely,Very Inexperienced,Very Inexperienced,Never,2.286,3.5,4.818,58,68,40.833,1.125,0.125,Straight,West,West - Straight,Straight,8.0,AGV,39.3599643639487,132.5157535832313,223.6,2.5,2.0,6.0,5.333,3.5,3.0,58.786,78.333,43.333,65.0,65.0,35.0,64.333,68.167,18.4,58.571,90.0,31.0
044,High,2024-8-22,17,33,18,11,17:49:53,17:51:36,849,4309.65,354.66,6169.41,2177.27,1.84,-5.46,15.25,4.09,True,7,4,6,1,20,2,5,Very rarely,Very Inexperienced,Very Inexperienced,Never,2.286,3.5,4.818,58,68,40.833,1.125,0.174,Diagonal,East,East - Diagonal,Complex,9.0,AGV,36.17428436025676,61.11111271148177,1250.17,2.5,2.0,6.0,5.333,3.5,3.0,58.786,78.333,43.333,65.0,65.0,35.0,64.333,68.167,18.4,58.571,90.0,31.0
044,High,2024-8-22,17,33,18,12,17:51:42,17:53:18,570,2918.39,1077.5,4163.52,1158.29,2.18,-2.92,9.92,2.58,True,8,7,8,9,20,2,5,Very rarely,Very Inexperienced,Very Inexperienced,Never,2.286,3.5,4.818,58,68,40.833,1.125,0.099,Straight,Southeast,Southeast - Straight,Complex,7.0,User,62.30436954588681,84.87434941958846,276.42,2.5,2.0,6.0,5.333,3.5,3.0,58.786,78.333,43.333,65.0,65.0,35.0,64.333,68.167,18.4,58.571,90.0,31.0
044,High,2024-8-22,17,33,18,13,17:53:26,17:54:18,0,5674.62,721.48,11907.36,4478.85,7.14,-3.51,15.25,6.08,True,8,7,8,10,20,2,5,Very rarely,Very Inexperienced,Very Inexperienced,Never,2.286,3.5,4.818,58,68,40.833,1.125,0.0,Straight,Southwest,Southwest - Straight,Complex,8.0,AGV,43.65022717174951,228.68956943758445,123.23,2.5,2.0,6.0,5.333,3.5,3.0,58.786,78.333,43.333,65.0,65.0,35.0,64.333,68.167,18.4,58.571,90.0,31.0
044,High,2024-8-22,17,33,18,14,17:54:24,17:55:55,920,3103.56,1268.65,4686.52,896.26,2.38,-4.39,15.22,3.85,True,8,7,8,9,20,2,5,Very rarely,Very Inexperienced,Very Inexperienced,Never,2.286,3.5,4.818,58,68,40.833,1.125,0.21,Diagonal,Southeast,Southeast - Diagonal,Straight,8.0,User,39.01117567963233,98.54421462657656,299.92,2.5,2.0,6.0,5.333,3.5,3.0,58.786,78.333,43.333,65.0,65.0,35.0,64.333,68.167,18.4,58.571,90.0,31.0
044,High,2024-8-22,17,33,18,15,17:56:04,17:57:14,388,4384.86,969.63,6751.62,1669.01,3.11,-4.58,15.22,4.76,True,8,7,8,10,20,2,5,Very rarely,Very Inexperienced,Very Inexperienced,Never,2.286,3.5,4.818,58,68,40.833,1.125,0.103,Straight,North,North - Straight,Straight,8.0,AGV,32.87663496516148,121.52887809332177,105.69,2.5,2.0,6.0,5.333,3.5,3.0,58.786,78.333,43.333,65.0,65.0,35.0,64.333,68.167,18.4,58.571,90.0,31.0
044,High,2024-8-22,17,33,18,16,17:57:22,17:59:04,435,3832.13,2021.06,5539.38,820.55,1.84,-0.05,15.25,4.09,True,8,7,9,9,20,2,5,Very rarely,Very Inexperienced,Very Inexperienced,Never,2.286,3.5,4.818,58,68,40.833,1.125,0.152,Diagonal,West,West - Diagonal,Complex,8.0,,34.95733212660361,45.498597926628854,90.53,2.5,2.0,6.0,5.333,3.5,3.0,58.786,78.333,43.333,65.0,65.0,35.0,64.333,68.167,18.4,58.571,90.0,31.0
044,Low,2024-8-22,16,48,56,1,16:49:36,16:52:27,702,8112.51,424.4,11073.44,3073.82,2.75,-2.81,15.24,5.38,True,3,3,5,7,20,2,5,Very rarely,Very Inexperienced,Very Inexperienced,Never,2.286,3.5,4.818,55,62,50.0,1.188,0.075,Straight,South,South - Straight,Straight,,AGV,21.709427630684168,52.299623487849956,343.23,2.5,2.0,6.0,5.333,3.5,3.0,55.714,73.333,25.0,47.5,75.0,45.0,75.0,62.583,16.0,47.286,90.0,42.0
044,Low,2024-8-22,16,48,56,2,16:52:42,16:54:20,0,2927.36,860.49,4531.48,914.77,2.21,-4.42,15.22,3.57,True,4,4,4,10,20,2,5,Very rarely,Very Inexperienced,Very Inexperienced,Never,2.286,3.5,4.818,55,62,50.0,1.188,0.074,Diagonal,North,North - Diagonal,Complex,3.0,User,23.164039219424463,96.85207527683949,158.61,2.5,2.0,6.0,5.333,3.5,3.0,55.714,73.333,25.0,47.5,75.0,45.0,75.0,62.583,16.0,47.286,90.0,42.0
044,Low,2024-8-22,16,48,56,3,16:54:30,16:56:12,770,4599.38,753.87,6618.13,1640.79,1.84,-5.54,15.26,3.9,True,5,4,5,9,20,2,5,Very rarely,Very Inexperienced,Very Inexperienced,Never,2.286,3.5,4.818,55,62,50.0,1.188,0.123,Diagonal,South,South - Diagonal,Complex,4.0,,35.06452024550436,63.549348336776276,144.63,2.5,2.0,6.0,5.333,3.5,3.0,55.714,73.333,25.0,47.5,75.0,45.0,75.0,62.583,16.0,47.286,90.0,42.0
044,Low,2024-8-22,16,48,56,4,16:56:24,16:57:41,530,8160.24,1127.95,11876.0,4360.19,4.81,-2.4,15.22,5.98,True,6,5,5,9,20,2,5,Very rarely,Very Inexperienced,Very Inexperienced,Never,2.286,3.5,4.818,55,62,50.0,1.188,0.141,Straight,Northeast,Northeast - Straight,Complex,5.0,AGV,29.443104836871054,161.73845019623337,121.99,2.5,2.0,6.0,5.333,3.5,3.0,55.714,73.333,25.0,47.5,75.0,45.0,75.0,62.583,16.0,47.286,90.0,42.0
044,Low,2024-8-22,16,48,56,5,16:58:03,16:59:52,208,3849.89,2590.13,7627.7,802.8,1.72,-0.07,15.33,4.63,True,6,5,5,8,20,2,5,Very rarely,Very Inexperienced,Very Inexperienced,Never,2.286,3.5,4.818,55,62,50.0,1.188,0.059,Straight,Northwest,Northwest - Straight,Complex,6.0,AGV,55.271178710977686,36.65700582763898,175.79,2.5,2.0,6.0,5.333,3.5,3.0,55.714,73.333,25.0,47.5,75.0,45.0,75.0,62.583,16.0,47.286,90.0,42.0
044,Low,2024-8-22,16,48,56,6,17:00:01,17:01:40,1594,3425.2,1630.48,5351.27,771.58,1.93,-4.65,15.22,4.06,True,5,6,6,3,20,2,5,Very rarely,Very Inexperienced,Very Inexperienced,Never,2.286,3.5,4.818,55,62,50.0,1.188,0.315,Diagonal,Northwest,Northwest - Diagonal,Complex,6.0,AGV,36.6558102241063,36.710058775490474,1059.62,2.5,2.0,6.0,5.333,3.5,3.0,55.714,73.333,25.0,47.5,75.0,45.0,75.0,62.583,16.0,47.286,90.0,42.0
044,Low,2024-8-22,16,48,56,7,17:01:52,17:03:07,647,4130.16,998.92,5477.84,1677.86,2.92,-4.47,15.22,4.29,True,6,6,6,10,20,2,5,Very rarely,Very Inexperienced,Very Inexperienced,Never,2.286,3.5,4.818,55,62,50.0,1.188,0.157,Straight,East,East - Straight,Straight,5.0,User,38.098719454560836,126.48403319139572,185.44,2.5,2.0,6.0,5.333,3.5,3.0,55.714,73.333,25.0,47.5,75.0,45.0,75.0,62.583,16.0,47.286,90.0,42.0
044,Low,2024-8-22,16,48,56,8,17:03:15,17:04:37,702,2903.46,813.82,4624.66,1034.95,2.69,-4.38,15.21,3.8,True,6,4,5,6,20,2,5,Very rarely,Very Inexperienced,Very Inexperienced,Never,2.286,3.5,4.818,55,62,50.0,1.188,0.143,Diagonal,Southwest,Southwest - Diagonal,Straight,6.0,AGV,45.61176109759904,95.91712551637865,119.52,2.5,2.0,6.0,5.333,3.5,3.0,55.714,73.333,25.0,47.5,75.0,45.0,75.0,62.583,16.0,47.286,90.0,42.0
044,Low,2024-8-22,16,48,56,9,17:04:46,17:06:23,670,4513.96,1141.59,7046.97,1484.69,2.27,-4.52,15.22,4.21,True,6,6,7,9,20,2,5,Very rarely,Very Inexperienced,Very Inexperienced,Never,2.286,3.5,4.818,55,62,50.0,1.188,0.154,Diagonal,Northeast,Northeast - Diagonal,Straight,6.0,AGV,38.53895234914069,100.90326450621632,108.0,2.5,2.0,6.0,5.333,3.5,3.0,55.714,73.333,25.0,47.5,75.0,45.0,75.0,62.583,16.0,47.286,90.0,42.0
044,Low,2024-8-22,16,48,56,10,17:06:31,17:07:47,562,4203.26,900.52,5502.14,1698.88,2.9,-4.41,15.22,4.34,True,7,6,7,10,20,2,5,Very rarely,Very Inexperienced,Very Inexperienced,Never,2.286,3.5,4.818,55,62,50.0,1.188,0.107,Straight,West,West - Straight,Straight,6.0,AGV,37.59779053479753,80.48285828075075,162.61,2.5,2.0,6.0,5.333,3.5,3.0,55.714,73.333,25.0,47.5,75.0,45.0,75.0,62.583,16.0,47.286,90.0,42.0
044,Low,2024-8-22,16,48,56,11,17:07:55,17:09:54,1191,4059.8,363.98,6217.1,2289.97,1.61,-6.24,15.25,4.07,True,6,4,5,2,20,2,5,Very rarely,Very Inexperienced,Very Inexperienced,Never,2.286,3.5,4.818,55,62,50.0,1.188,0.211,Diagonal,East,East - Diagonal,Complex,7.0,AGV,30.945834975770897,49.16982457572798,1206.71,2.5,2.0,6.0,5.333,3.5,3.0,55.714,73.333,25.0,47.5,75.0,45.0,75.0,62.583,16.0,47.286,90.0,42.0
044,Low,2024-8-22,16,48,56,12,17:10:03,17:12:07,534,3075.79,1419.81,4132.42,983.73,1.7,-2.31,10.63,2.49,True,6,6,7,9,20,2,5,Very rarely,Very Inexperienced,Very Inexperienced,Never,2.286,3.5,4.818,55,62,50.0,1.188,0.099,Straight,Southeast,Southeast - Straight,Complex,6.0,User,48.41306497826005,66.08210618489295,277.69,2.5,2.0,6.0,5.333,3.5,3.0,55.714,73.333,25.0,47.5,75.0,45.0,75.0,62.583,16.0,47.286,90.0,42.0
044,Low,2024-8-22,16,48,56,13,17:12:16,17:13:19,0,6009.66,658.37,11899.56,4771.51,5.88,-3.6,15.23,6.12,True,7,6,7,9,20,2,5,Very rarely,Very Inexperienced,Very Inexperienced,Never,2.286,3.5,4.818,55,62,50.0,1.188,,Straight,Southwest,Southwest - Straight,Complex,6.0,AGV,,,,2.5,2.0,6.0,5.333,3.5,3.0,55.714,73.333,25.0,47.5,75.0,45.0,75.0,62.583,16.0,47.286,90.0,42.0
044,Low,2024-8-22,16,48,56,15,17:14:54,17:15:58,456,4277.96,801.37,6755.86,1768.44,3.39,-4.53,15.22,4.85,True,7,6,8,9,20,2,5,Very rarely,Very Inexperienced,Very Inexperienced,Never,2.286,3.5,4.818,55,62,50.0,1.188,0.137,Straight,North,North - Straight,Straight,7.0,User,35.86630323517221,138.04736730785555,153.87,2.5,2.0,6.0,5.333,3.5,3.0,55.714,73.333,25.0,47.5,75.0,45.0,75.0,62.583,16.0,47.286,90.0,42.0
044,Low,2024-8-22,16,48,56,16,17:16:06,17:17:23,667,3585.34,1603.95,5567.23,890.41,2.47,-0.03,15.25,4.42,True,7,5,7,3,20,2,5,Very rarely,Very Inexperienced,Very Inexperienced,Never,2.286,3.5,4.818,55,62,50.0,1.188,0.195,Diagonal,West,West - Diagonal,Complex,7.0,,46.753809390614975,80.5373420345427,539.27,2.5,2.0,6.0,5.333,3.5,3.0,55.714,73.333,25.0,47.5,75.0,45.0,75.0,62.583,16.0,47.286,90.0,42.0
045,High,2024-8-23,10,26,10,1,10:26:31,10:27:53,716,7415.37,459.28,12442.38,3995.45,5.72,-2.11,15.24,6.51,True,6,10,10,5,18,2,5,Never,Moderately experienced,Moderately experienced,Never,3.857,3.5,4.5,80,95,63.75,1.062,0.141,Straight,South,South - Straight,Straight,,AGV,45.25067346067247,109.04826674438608,295.17,4.0,3.667,3.75,5.667,4.667,4.0,80.357,98.333,20.0,95.0,100.0,97.5,95.0,95.714,,95.714,100.0,51.667
045,High,2024-8-23,10,26,10,2,10:28:10,10:29:01,0,2278.72,1004.41,4519.16,992.49,4.27,-3.84,15.21,3.35,True,8,10,10,10,18,2,5,Never,Moderately experienced,Moderately experienced,Never,3.857,3.5,4.5,80,95,63.75,1.062,0.0,Diagonal,North,North - Diagonal,Complex,6.0,User,44.03218600991731,187.97150900520268,187.79,4.0,3.667,3.75,5.667,4.667,4.0,80.357,98.333,20.0,95.0,100.0,97.5,95.0,95.714,,95.714,100.0,51.667
045,High,2024-8-23,10,26,10,3,10:29:06,10:30:04,607,3319.88,582.51,5351.18,1812.78,3.21,-5.55,15.22,4.08,True,10,10,10,10,18,2,5,Never,Moderately experienced,Moderately experienced,Never,3.857,3.5,4.5,80,95,63.75,1.062,0.167,Diagonal,South,South - Diagonal,Complex,8.0,,61.80797137780671,49.684018321236245,97.85,4.0,3.667,3.75,5.667,4.667,4.0,80.357,98.333,20.0,95.0,100.0,97.5,95.0,95.714,,95.714,100.0,51.667
045,High,2024-8-23,10,26,10,4,10:30:11,10:30:52,629,4376.06,625.41,11892.32,3434.48,9.01,-3.71,15.22,5.23,True,10,10,10,10,18,2,5,Never,Moderately experienced,Moderately experienced,Never,3.857,3.5,4.5,80,95,63.75,1.062,0.244,Straight,Northeast,Northeast - Straight,Complex,10.0,AGV,54.87837031830624,326.80181297085244,188.59,4.0,3.667,3.75,5.667,4.667,4.0,80.357,98.333,20.0,95.0,100.0,97.5,95.0,95.714,,95.714,100.0,51.667
045,High,2024-8-23,10,26,10,5,10:30:57,10:32:21,333,3560.58,1805.3,7699.1,1054.08,2.49,-3.37,15.26,4.32,True,10,10,10,10,18,2,5,Never,Moderately experienced,Moderately experienced,Never,3.857,3.5,4.5,80,95,63.75,1.062,0.088,Straight,Northwest,Northwest - Straight,Complex,10.0,AGV,71.32504767080219,71.42305646024332,284.54,4.0,3.667,3.75,5.667,4.667,4.0,80.357,98.333,20.0,95.0,100.0,97.5,95.0,95.714,,95.714,100.0,51.667
045,High,2024-8-23,10,26,10,6,10:32:27,10:33:19,633,2939.64,1190.89,5361.08,1038.53,3.73,-4.08,15.22,4.44,True,10,10,10,10,18,2,5,Never,Moderately experienced,Moderately experienced,Never,3.857,3.5,4.5,80,95,63.75,1.062,0.172,Diagonal,Northwest,Northwest - Diagonal,Complex,10.0,AGV,70.92379805867772,126.75516027896744,125.84,4.0,3.667,3.75,5.667,4.667,4.0,80.357,98.333,20.0,95.0,100.0,97.5,95.0,95.714,,95.714,100.0,51.667
045,High,2024-8-23,10,26,10,7,10:33:26,10:34:28,690,3844.71,663.44,5494.13,1843.29,3.57,-4.39,15.21,4.49,True,10,10,10,10,18,2,5,Never,Moderately experienced,Moderately experienced,Never,3.857,3.5,4.5,80,95,63.75,1.062,0.164,Straight,East,East - Straight,Straight,10.0,AGV,45.67548677441329,121.88994843313218,190.71,4.0,3.667,3.75,5.667,4.667,4.0,80.357,98.333,20.0,95.0,100.0,97.5,95.0,95.714,,95.714,100.0,51.667
045,High,2024-8-23,10,26,10,8,10:34:33,10:35:40,0,2698.68,690.56,4613.5,1121.71,3.28,-4.4,15.22,4.92,True,10,10,10,10,18,2,5,Never,Moderately experienced,Moderately experienced,Never,3.857,3.5,4.5,80,95,63.75,1.062,0.0,Diagonal,Southwest,Southwest - Diagonal,Straight,10.0,AGV,55.06497412286998,115.54559170742327,181.56,4.0,3.667,3.75,5.667,4.667,4.0,80.357,98.333,20.0,95.0,100.0,97.5,95.0,95.714,,95.714,100.0,51.667
045,High,2024-8-23,10,26,10,9,10:35:46,10:36:52,396,4436.07,930.29,7012.33,1701.07,3.31,-4.39,15.23,4.92,True,10,10,10,10,18,2,5,Never,Moderately experienced,Moderately experienced,Never,3.857,3.5,4.5,80,95,63.75,1.062,0.127,Diagonal,Northeast,Northeast - Diagonal,Straight,10.0,User,56.11165590804709,85.93899144293151,349.5,4.0,3.667,3.75,5.667,4.667,4.0,80.357,98.333,20.0,95.0,100.0,97.5,95.0,95.714,,95.714,100.0,51.667
045,High,2024-8-23,10,26,10,10,10:36:57,10:37:52,583,3717.08,794.87,5476.89,1817.85,4.0,-4.41,15.22,4.65,True,10,10,10,10,18,2,5,Never,Moderately experienced,Moderately experienced,Never,3.857,3.5,4.5,80,95,63.75,1.062,0.169,Straight,West,West - Straight,Straight,10.0,AGV,52.3348615896416,124.39759094262668,399.13,4.0,3.667,3.75,5.667,4.667,4.0,80.357,98.333,20.0,95.0,100.0,97.5,95.0,95.714,,95.714,100.0,51.667
045,High,2024-8-23,10,26,10,11,10:37:55,10:38:47,0,4303.71,757.68,6221.74,2089.55,3.68,-5.42,15.21,4.69,True,10,10,10,10,18,2,5,Never,Moderately experienced,Moderately experienced,Never,3.857,3.5,4.5,80,95,63.75,1.062,0.0,Diagonal,East,East - Diagonal,Complex,10.0,AGV,71.172611151836,115.71576288837711,255.7,4.0,3.667,3.75,5.667,4.667,4.0,80.357,98.333,20.0,95.0,100.0,97.5,95.0,95.714,,95.714,100.0,51.667
045,High,2024-8-23,10,26,10,12,10:38:52,10:40:18,535,3018.85,1215.12,4189.07,1224.07,2.44,-3.1,15.13,2.91,True,10,10,10,10,18,2,5,Never,Moderately experienced,Moderately experienced,Never,3.857,3.5,4.5,80,95,63.75,1.062,0.143,Straight,Southeast,Southeast - Straight,Complex,10.0,User,70.38108132042257,83.8007587222046,926.22,4.0,3.667,3.75,5.667,4.667,4.0,80.357,98.333,20.0,95.0,100.0,97.5,95.0,95.714,,95.714,100.0,51.667
045,High,2024-8-23,10,26,10,13,10:40:24,10:41:11,0,4460.52,684.53,11909.43,3991.77,7.78,-3.25,15.22,5.81,True,10,10,10,10,18,2,5,Never,Moderately experienced,Moderately experienced,Never,3.857,3.5,4.5,80,95,63.75,1.062,0.0,Straight,Southwest,Southwest - Straight,Complex,10.0,AGV,47.876909658622864,260.39569004306753,152.67,4.0,3.667,3.75,5.667,4.667,4.0,80.357,98.333,20.0,95.0,100.0,97.5,95.0,95.714,,95.714,100.0,51.667
045,High,2024-8-23,10,26,10,14,10:41:20,10:42:05,0,2191.02,780.72,4681.59,1106.56,4.75,-4.18,15.21,3.47,True,10,10,10,10,18,2,5,Never,Moderately experienced,Moderately experienced,Never,3.857,3.5,4.5,80,95,63.75,1.062,0.0,Diagonal,Southeast,Southeast - Diagonal,Straight,10.0,User,80.25798252708631,212.59978193611835,344.76,4.0,3.667,3.75,5.667,4.667,4.0,80.357,98.333,20.0,95.0,100.0,97.5,95.0,95.714,,95.714,100.0,51.667
045,High,2024-8-23,10,26,10,15,10:42:12,10:43:02,242,4154.6,835.57,6734.64,1806.15,4.32,-4.54,15.21,5.29,True,10,10,10,10,18,2,5,Never,Moderately experienced,Moderately experienced,Never,3.857,3.5,4.5,80,95,63.75,1.062,0.125,Straight,North,North - Straight,Straight,10.0,User,45.423759206061504,145.52257899762736,170.58,4.0,3.667,3.75,5.667,4.667,4.0,80.357,98.333,20.0,95.0,100.0,97.5,95.0,95.714,,95.714,100.0,51.667
045,High,2024-8-23,10,26,10,16,10:43:08,10:44:09,334,3086.51,1205.79,5585.33,999.48,3.09,-0.0,15.23,4.25,True,10,10,10,10,18,2,5,Never,Moderately experienced,Moderately experienced,Never,3.857,3.5,4.5,80,95,63.75,1.062,0.125,Diagonal,West,West - Diagonal,Complex,10.0,,58.226616442690094,54.06297692919938,363.47,4.0,3.667,3.75,5.667,4.667,4.0,80.357,98.333,20.0,95.0,100.0,97.5,95.0,95.714,,95.714,100.0,51.667
045,Low,2024-8-23,10,52,49,1,10:53:16,10:54:02,569,5795.58,432.07,12622.83,4389.67,8.75,-0.04,15.33,6.32,True,10,10,10,8,18,2,5,Never,Moderately experienced,Moderately experienced,Never,3.857,3.5,4.5,97,100,46.25,1.125,0.235,Straight,South,South - Straight,Straight,9.7,AGV,79.71650971386363,250.3783361228383,258.93,4.0,3.667,3.75,5.667,4.667,4.0,97.5,100.0,70.0,100.0,100.0,100.0,100.0,100.0,,100.0,100.0,28.333
045,Low,2024-8-23,10,52,49,2,10:54:07,10:55:48,0,1509.8,405.9,4516.13,1222.76,2.17,-4.46,15.21,3.98,True,10,10,10,10,18,2,5,Never,Moderately experienced,Moderately experienced,Never,3.857,3.5,4.5,97,100,46.25,1.125,0.34,Diagonal,North,North - Diagonal,Complex,10.0,User,22.271756437576368,93.30353158129232,1555.27,4.0,3.667,3.75,5.667,4.667,4.0,97.5,100.0,70.0,100.0,100.0,100.0,100.0,100.0,,100.0,100.0,28.333
045,Low,2024-8-23,10,52,49,3,10:55:50,10:56:33,594,2599.9,599.12,4959.18,1683.25,4.32,-5.13,15.23,3.88,True,10,10,10,10,18,2,5,Never,Moderately experienced,Moderately experienced,Never,3.857,3.5,4.5,97,100,46.25,1.125,0.271,Diagonal,South,South - Diagonal,Complex,10.0,,83.17285974294909,84.91882564630022,299.28,4.0,3.667,3.75,5.667,4.667,4.0,97.5,100.0,70.0,100.0,100.0,100.0,100.0,100.0,,100.0,100.0,28.333
045,Low,2024-8-23,10,52,49,4,10:56:37,10:57:20,812,4196.09,593.84,11824.78,3637.35,8.69,-4.02,15.24,6.27,True,10,10,10,10,18,2,5,Never,Moderately experienced,Moderately experienced,Never,3.857,3.5,4.5,97,100,46.25,1.125,0.444,Straight,Northeast,Northeast - Straight,Complex,10.0,AGV,52.590345356755165,311.6445417429401,424.0,4.0,3.667,3.75,5.667,4.667,4.0,97.5,100.0,70.0,100.0,100.0,100.0,100.0,100.0,,100.0,100.0,28.333
045,Low,2024-8-23,10,52,49,5,10:57:23,10:58:12,331,3749.14,1433.42,7622.99,1423.94,3.83,-0.12,15.29,5.11,True,10,10,10,10,18,2,5,Never,Moderately experienced,Moderately experienced,Never,3.857,3.5,4.5,97,100,46.25,1.125,0.132,Straight,Northwest,Northwest - Straight,Complex,10.0,User,121.38509363699644,93.15246042889443,721.73,4.0,3.667,3.75,5.667,4.667,4.0,97.5,100.0,70.0,100.0,100.0,100.0,100.0,100.0,,100.0,100.0,28.333
045,Low,2024-8-23,10,52,49,6,10:58:15,10:59:04,558,2922.45,1464.43,5359.17,941.09,3.93,-3.09,15.21,4.54,True,10,10,10,10,18,2,5,Never,Moderately experienced,Moderately experienced,Never,3.857,3.5,4.5,97,100,46.25,1.125,0.226,Diagonal,Northwest,Northwest - Diagonal,Complex,10.0,AGV,75.91082289321695,133.67419406372125,149.94,4.0,3.667,3.75,5.667,4.667,4.0,97.5,100.0,70.0,100.0,100.0,100.0,100.0,100.0,,100.0,100.0,28.333
045,Low,2024-8-23,10,52,49,7,10:59:09,10:59:57,697,3430.49,717.04,5479.68,1840.17,4.51,-4.48,15.21,4.63,True,10,10,10,10,18,2,5,Never,Moderately experienced,Moderately experienced,Never,3.857,3.5,4.5,97,100,46.25,1.125,0.245,Straight,East,East - Straight,Straight,10.0,AGV,59.62336565596551,110.30982137136226,659.1,4.0,3.667,3.75,5.667,4.667,4.0,97.5,100.0,70.0,100.0,100.0,100.0,100.0,100.0,,100.0,100.0,28.333
045,Low,2024-8-23,10,52,49,8,11:00:01,11:00:41,0,2198.21,1117.59,4603.37,926.6,5.46,-4.25,15.21,3.16,True,10,10,10,10,18,2,5,Never,Moderately experienced,Moderately experienced,Never,3.857,3.5,4.5,97,100,46.25,1.125,0.0,Diagonal,Southwest,Southwest - Diagonal,Straight,10.0,AGV,91.74889444990862,243.88740254249305,151.18,4.0,3.667,3.75,5.667,4.667,4.0,97.5,100.0,70.0,100.0,100.0,100.0,100.0,100.0,,100.0,100.0,28.333
045,Low,2024-8-23,10,52,49,9,11:00:44,11:01:36,555,4133.5,610.17,7023.73,1890.55,4.22,-4.42,15.21,5.2,True,10,10,10,10,18,2,5,Never,Moderately experienced,Moderately experienced,Never,3.857,3.5,4.5,97,100,46.25,1.125,0.193,Diagonal,Northeast,Northeast - Diagonal,Straight,10.0,User,70.34758634472941,113.32727074111887,237.84,4.0,3.667,3.75,5.667,4.667,4.0,97.5,100.0,70.0,100.0,100.0,100.0,100.0,100.0,,100.0,100.0,28.333
045,Low,2024-8-23,10,52,49,10,11:01:41,11:02:30,645,3545.23,700.63,5460.05,1828.73,4.48,-4.07,15.22,4.79,True,10,10,10,10,18,2,5,Never,Moderately experienced,Moderately experienced,Never,3.857,3.5,4.5,97,100,46.25,1.125,0.255,Straight,West,West - Straight,Straight,10.0,AGV,57.67878685559968,133.28880968659212,241.01,4.0,3.667,3.75,5.667,4.667,4.0,97.5,100.0,70.0,100.0,100.0,100.0,100.0,100.0,,100.0,100.0,28.333
045,Low,2024-8-23,10,52,49,11,11:02:32,11:03:25,255,4363.02,732.84,6147.85,2023.55,3.58,-5.38,15.21,4.79,True,10,10,10,10,18,2,5,Never,Moderately experienced,Moderately experienced,Never,3.857,3.5,4.5,97,100,46.25,1.125,0.093,Diagonal,East,East - Diagonal,Complex,10.0,AGV,69.32483026222339,90.69140649449882,202.79,4.0,3.667,3.75,5.667,4.667,4.0,97.5,100.0,70.0,100.0,100.0,100.0,100.0,100.0,,100.0,100.0,28.333
045,Low,2024-8-23,10,52,49,12,11:03:28,11:04:28,0,2619.64,663.66,4140.57,1350.16,3.46,-1.45,15.21,4.09,True,10,10,10,10,18,2,5,Never,Moderately experienced,Moderately experienced,Never,3.857,3.5,4.5,97,100,46.25,1.125,0.0,Straight,Southeast,Southeast - Straight,Complex,10.0,User,99.65591762043225,122.0264066658201,373.53,4.0,3.667,3.75,5.667,4.667,4.0,97.5,100.0,70.0,100.0,100.0,100.0,100.0,100.0,,100.0,100.0,28.333
045,Low,2024-8-23,10,52,49,13,11:04:33,11:05:07,0,2186.34,1364.43,5275.2,851.38,6.31,-0.0,15.21,3.2,True,10,10,10,10,18,2,5,Never,Moderately experienced,Moderately experienced,Never,3.857,3.5,4.5,97,100,46.25,1.125,,Straight,Southwest,Southwest - Straight,Complex,10.0,User,,,,4.0,3.667,3.75,5.667,4.667,4.0,97.5,100.0,70.0,100.0,100.0,100.0,100.0,100.0,,100.0,100.0,28.333
045,Low,2024-8-23,10,52,49,15,11:05:53,11:06:26,144,3495.02,869.31,6760.48,1884.41,6.61,-4.4,15.24,5.27,True,10,10,10,10,18,2,5,Never,Moderately experienced,Moderately experienced,Never,3.857,3.5,4.5,97,100,46.25,1.125,0.162,Straight,North,North - Straight,Straight,10.0,User,69.7745379038721,295.24499599190506,105.64,4.0,3.667,3.75,5.667,4.667,4.0,97.5,100.0,70.0,100.0,100.0,100.0,100.0,100.0,,100.0,100.0,28.333
045,Low,2024-8-23,10,52,49,16,11:06:30,11:07:11,514,2878.62,971.66,5527.35,1186.22,4.5,-0.01,15.25,4.69,True,10,10,10,10,18,2,5,Never,Moderately experienced,Moderately experienced,Never,3.857,3.5,4.5,97,100,46.25,1.125,0.213,Diagonal,West,West - Diagonal,Complex,10.0,,86.62260136456014,134.02112806344684,208.2,4.0,3.667,3.75,5.667,4.667,4.0,97.5,100.0,70.0,100.0,100.0,100.0,100.0,100.0,,100.0,100.0,28.333
046,High,2024-8-26,17,17,10,1,17:17:29,17:18:24,189,5834.06,534.31,12622.63,4633.78,7.48,-3.63,15.33,6.75,True,8,8,7,5,43,2,5,Occasionally,Very Inexperienced,Very Inexperienced,Never,2.286,3.667,3.583,77,82,43.5,1.25,0.117,Straight,South,South - Straight,Straight,7.7,AGV,67.2506930483002,205.0432347803346,255.93,2.75,1.667,4.0,3.667,3.0,3.5,77.143,81.667,82.0,88.0,75.0,60.5,72.333,82.25,3.0,71.714,76.0,37.0
046,High,2024-8-26,17,17,10,2,17:18:29,17:19:04,0,2075.56,1015.68,4517.2,878.63,5.65,-0.0,15.21,2.59,True,8,7,7,9,43,2,5,Occasionally,Very Inexperienced,Very Inexperienced,Never,2.286,3.667,3.583,77,82,43.5,1.25,0.0,Diagonal,North,North - Diagonal,Complex,8.0,User,65.21664439297724,268.1624830283354,124.49,2.75,1.667,4.0,3.667,3.0,3.5,77.143,81.667,82.0,88.0,75.0,60.5,72.333,82.25,3.0,71.714,76.0,37.0
046,High,2024-8-26,17,17,10,3,17:19:10,17:20:00,623,2749.61,470.97,4924.91,1809.13,3.71,-5.47,15.21,3.77,False,8,7,7,10,43,2,5,Occasionally,Very Inexperienced,Very Inexperienced,Never,2.286,3.667,3.583,77,82,43.5,1.25,0.204,Diagonal,South,South - Diagonal,Complex,8.0,,71.62203668881722,130.02503426194934,169.37,2.75,1.667,4.0,3.667,3.0,3.5,77.143,81.667,82.0,88.0,75.0,60.5,72.333,82.25,3.0,71.714,76.0,37.0
046,High,2024-8-26,17,17,10,4,17:20:03,17:20:44,411,4081.41,579.38,11846.16,3298.47,9.1,-3.28,15.22,5.07,True,8,8,8,10,43,2,5,Occasionally,Very Inexperienced,Very Inexperienced,Never,2.286,3.667,3.583,77,82,43.5,1.25,0.233,Straight,Northeast,Northeast - Straight,Complex,8.0,AGV,55.34544755792661,327.2083969913125,101.09,2.75,1.667,4.0,3.667,3.0,3.5,77.143,81.667,82.0,88.0,75.0,60.5,72.333,82.25,3.0,71.714,76.0,37.0
046,High,2024-8-26,17,17,10,5,17:20:47,17:21:47,352,3541.13,1955.2,7626.87,1207.83,3.45,-3.29,15.27,4.83,True,8,8,8,10,43,2,5,Occasionally,Very Inexperienced,Very Inexperienced,Never,2.286,3.667,3.583,77,82,43.5,1.25,0.113,Straight,Northwest,Northwest - Straight,Complex,8.0,AGV,98.9107561461876,58.30363039266654,209.55,2.75,1.667,4.0,3.667,3.0,3.5,77.143,81.667,82.0,88.0,75.0,60.5,72.333,82.25,3.0,71.714,76.0,37.0
046,High,2024-8-26,17,17,10,6,17:21:49,17:22:39,403,2983.3,504.61,5358.82,1217.68,3.83,-4.86,15.27,5.66,True,8,9,9,8,43,2,5,Occasionally,Very Inexperienced,Very Inexperienced,Never,2.286,3.667,3.583,77,82,43.5,1.25,0.115,Diagonal,Northwest,Northwest - Diagonal,Complex,8.0,AGV,74.28621549396912,131.67992827601267,264.98,2.75,1.667,4.0,3.667,3.0,3.5,77.143,81.667,82.0,88.0,75.0,60.5,72.333,82.25,3.0,71.714,76.0,37.0
046,High,2024-8-26,17,17,10,7,17:22:42,17:23:34,680,2330.23,403.66,5486.45,1969.68,4.22,-4.51,15.23,5.7,True,8,8,8,7,43,2,5,Occasionally,Very Inexperienced,Very Inexperienced,Never,2.286,3.667,3.583,77,82,43.5,1.25,0.278,Straight,East,East - Straight,Straight,8.0,AGV,54.36286262439777,179.03040643490002,372.95,2.75,1.667,4.0,3.667,3.0,3.5,77.143,81.667,82.0,88.0,75.0,60.5,72.333,82.25,3.0,71.714,76.0,37.0
046,High,2024-8-26,17,17,10,8,17:23:36,17:24:13,0,2067.85,1094.84,4606.11,910.96,5.82,-4.31,15.22,2.91,True,9,9,9,10,43,2,5,Occasionally,Very Inexperienced,Very Inexperienced,Never,2.286,3.667,3.583,77,82,43.5,1.25,0.0,Diagonal,Southwest,Southwest - Diagonal,Straight,8.0,User,100.04894011140182,166.78521970926886,136.93,2.75,1.667,4.0,3.667,3.0,3.5,77.143,81.667,82.0,88.0,75.0,60.5,72.333,82.25,3.0,71.714,76.0,37.0
046,High,2024-8-26,17,17,10,9,17:24:17,17:25:03,634,3625.39,367.47,7045.06,2182.54,4.74,-4.46,15.22,5.89,True,9,9,9,8,43,2,5,Occasionally,Very Inexperienced,Very Inexperienced,Never,2.286,3.667,3.583,77,82,43.5,1.25,0.26,Diagonal,Northeast,Northeast - Diagonal,Straight,9.0,User,80.90433642513841,95.19083270766693,115.76,2.75,1.667,4.0,3.667,3.0,3.5,77.143,81.667,82.0,88.0,75.0,60.5,72.333,82.25,3.0,71.714,76.0,37.0
046,High,2024-8-26,17,17,10,10,17:25:06,17:25:57,612,3622.27,863.37,5485.73,1832.67,4.3,-4.49,15.22,4.78,True,9,9,9,10,43,2,5,Occasionally,Very Inexperienced,Very Inexperienced,Never,2.286,3.667,3.583,77,82,43.5,1.25,0.182,Straight,West,West - Straight,Straight,9.0,User,55.13154773918046,173.7003425691343,217.83,2.75,1.667,4.0,3.667,3.0,3.5,77.143,81.667,82.0,88.0,75.0,60.5,72.333,82.25,3.0,71.714,76.0,37.0
046,High,2024-8-26,17,17,10,11,17:26:01,17:26:44,0,4003.3,1283.97,6169.85,1957.24,4.54,-5.39,15.22,4.9,True,9,9,9,10,43,2,5,Occasionally,Very Inexperienced,Very Inexperienced,Never,2.286,3.667,3.583,77,82,43.5,1.25,0.0,Diagonal,East,East - Diagonal,Complex,9.0,AGV,84.82211158757885,143.6455862289649,155.05,2.75,1.667,4.0,3.667,3.0,3.5,77.143,81.667,82.0,88.0,75.0,60.5,72.333,82.25,3.0,71.714,76.0,37.0
046,High,2024-8-26,17,17,10,12,17:26:46,17:27:47,0,2500.44,728.78,4089.89,1243.51,3.48,-3.88,15.17,2.91,True,9,9,9,10,43,2,5,Occasionally,Very Inexperienced,Very Inexperienced,Never,2.286,3.667,3.583,77,82,43.5,1.25,0.0,Straight,Southeast,Southeast - Straight,Complex,9.0,User,98.94994019599112,118.70150432858529,216.64,2.75,1.667,4.0,3.667,3.0,3.5,77.143,81.667,82.0,88.0,75.0,60.5,72.333,82.25,3.0,71.714,76.0,37.0
046,High,2024-8-26,17,17,10,13,17:27:50,17:28:16,0,2177.68,1445.57,3256.81,508.93,5.05,-0.0,11.75,1.3,True,10,10,10,10,43,2,5,Occasionally,Very Inexperienced,Very Inexperienced,Never,2.286,3.667,3.583,77,82,43.5,1.25,0.0,Straight,Southwest,Southwest - Straight,Complex,9.0,User,87.5642154259789,182.77078316539942,133.93,2.75,1.667,4.0,3.667,3.0,3.5,77.143,81.667,82.0,88.0,75.0,60.5,72.333,82.25,3.0,71.714,76.0,37.0
046,High,2024-8-26,17,17,10,14,17:28:19,17:28:53,0,1912.04,1045.26,4684.12,999.46,5.71,-0.0,15.21,2.7,True,10,10,10,10,43,2,5,Occasionally,Very Inexperienced,Very Inexperienced,Never,2.286,3.667,3.583,77,82,43.5,1.25,0.0,Diagonal,Southeast,Southeast - Diagonal,Straight,10.0,User,105.26784284840654,254.840999355397,128.1,2.75,1.667,4.0,3.667,3.0,3.5,77.143,81.667,82.0,88.0,75.0,60.5,72.333,82.25,3.0,71.714,76.0,37.0
046,High,2024-8-26,17,17,10,15,17:28:56,17:29:30,61,3723.32,1158.27,6732.11,1806.99,6.4,-4.53,15.22,5.47,True,9,9,9,9,43,2,5,Occasionally,Very Inexperienced,Very Inexperienced,Never,2.286,3.667,3.583,77,82,43.5,1.25,0.026,Straight,North,North - Straight,Straight,10.0,User,66.7923096716435,177.04446966860672,238.0,2.75,1.667,4.0,3.667,3.0,3.5,77.143,81.667,82.0,88.0,75.0,60.5,72.333,82.25,3.0,71.714,76.0,37.0
046,High,2024-8-26,17,17,10,16,17:29:33,17:30:12,525,2721.61,833.47,5585.22,1264.35,4.88,-0.03,15.22,4.4,True,9,9,9,10,43,2,5,Occasionally,Very Inexperienced,Very Inexperienced,Never,2.286,3.667,3.583,77,82,43.5,1.25,0.238,Diagonal,West,West - Diagonal,Complex,9.0,,93.45701969705526,160.7634052415384,340.72,2.75,1.667,4.0,3.667,3.0,3.5,77.143,81.667,82.0,88.0,75.0,60.5,72.333,82.25,3.0,71.714,76.0,37.0
046,Low,2024-8-26,16,55,4,1,16:55:32,16:57:06,640,7315.18,302.17,12572.44,4200.4,4.94,-2.42,15.23,6.37,True,9,9,7,3,43,2,5,Occasionally,Very Inexperienced,Very Inexperienced,Never,2.286,3.667,3.583,92,90,32.833,1.188,0.168,Straight,South,South - Straight,Straight,,AGV,39.5599085517939,88.17221610747801,139.25,2.75,1.667,4.0,3.667,3.0,3.5,92.786,96.333,88.667,97.5,85.0,93.5,92.333,90.417,5.0,87.143,75.0,24.4
046,Low,2024-8-26,16,55,4,2,16:57:12,16:58:01,0,2311.49,959.19,4508.95,943.04,4.49,-3.86,15.21,3.33,True,9,9,9,9,43,2,5,Occasionally,Very Inexperienced,Very Inexperienced,Never,2.286,3.667,3.583,92,90,32.833,1.188,0.0,Diagonal,North,North - Diagonal,Complex,9.0,User,45.567816113076816,198.55507608656617,90.19,2.75,1.667,4.0,3.667,3.0,3.5,92.786,96.333,88.667,97.5,85.0,93.5,92.333,90.417,5.0,87.143,75.0,24.4
046,Low,2024-8-26,16,55,4,3,16:58:04,16:59:02,160,3657.99,758.14,5711.76,1671.12,3.22,-5.54,15.22,4.42,False,10,10,10,10,43,2,5,Occasionally,Very Inexperienced,Very Inexperienced,Never,2.286,3.667,3.583,92,90,32.833,1.188,0.078,Diagonal,South,South - Diagonal,Complex,9.0,,61.659434074800835,76.69576638753254,139.23,2.75,1.667,4.0,3.667,3.0,3.5,92.786,96.333,88.667,97.5,85.0,93.5,92.333,90.417,5.0,87.143,75.0,24.4
046,Low,2024-8-26,16,55,4,4,16:59:07,16:59:59,722,5458.12,381.37,11937.15,4519.4,7.07,-3.55,15.22,6.77,True,10,10,9,10,43,2,5,Occasionally,Very Inexperienced,Very Inexperienced,Never,2.286,3.667,3.583,92,90,32.833,1.188,0.276,Straight,Northeast,Northeast - Straight,Complex,10.0,AGV,43.72376026909902,229.61770199488595,594.09,2.75,1.667,4.0,3.667,3.0,3.5,92.786,96.333,88.667,97.5,85.0,93.5,92.333,90.417,5.0,87.143,75.0,24.4
046,Low,2024-8-26,16,55,4,5,17:00:05,17:01:15,91,3913.37,2598.73,7706.89,1011.63,2.7,-0.05,15.24,5.57,True,10,10,10,10,43,2,5,Occasionally,Very Inexperienced,Very Inexperienced,Never,2.286,3.667,3.583,92,90,32.833,1.188,0.065,Straight,Northwest,Northwest - Straight,Complex,10.0,User,86.9318314240679,89.52842419003908,153.69,2.75,1.667,4.0,3.667,3.0,3.5,92.786,96.333,88.667,97.5,85.0,93.5,92.333,90.417,5.0,87.143,75.0,24.4
046,Low,2024-8-26,16,55,4,6,17:01:24,17:02:13,478,2931.4,1197.87,5336.08,1026.43,3.9,-2.87,15.22,4.57,True,10,10,10,10,43,2,5,Occasionally,Very Inexperienced,Very Inexperienced,Never,2.286,3.667,3.583,92,90,32.833,1.188,0.204,Diagonal,Northwest,Northwest - Diagonal,Complex,10.0,AGV,74.28063275399798,84.60614862896256,149.56,2.75,1.667,4.0,3.667,3.0,3.5,92.786,96.333,88.667,97.5,85.0,93.5,92.333,90.417,5.0,87.143,75.0,24.4
046,Low,2024-8-26,16,55,4,7,17:02:17,17:03:03,594,3498.4,528.91,5489.53,1912.32,4.78,-4.45,15.21,4.99,True,10,10,9,10,43,2,5,Occasionally,Very Inexperienced,Very Inexperienced,Never,2.286,3.667,3.583,92,90,32.833,1.188,0.204,Straight,East,East - Straight,Straight,10.0,AGV,62.57893121422542,212.4841857885969,107.54,2.75,1.667,4.0,3.667,3.0,3.5,92.786,96.333,88.667,97.5,85.0,93.5,92.333,90.417,5.0,87.143,75.0,24.4
046,Low,2024-8-26,16,55,4,8,17:03:07,17:04:05,131,2431.77,503.52,4617.11,1279.64,3.74,-4.61,15.22,5.42,True,10,10,10,8,43,2,5,Occasionally,Very Inexperienced,Very Inexperienced,Never,2.286,3.667,3.583,92,90,32.833,1.188,0.032,Diagonal,Southwest,Southwest - Diagonal,Straight,10.0,AGV,63.66411234119341,159.5882267380675,124.44,2.75,1.667,4.0,3.667,3.0,3.5,92.786,96.333,88.667,97.5,85.0,93.5,92.333,90.417,5.0,87.143,75.0,24.4
046,Low,2024-8-26,16,55,4,9,17:04:09,17:05:02,704,3780.85,322.64,7034.63,2180.85,4.13,-4.4,15.22,5.88,True,10,9,9,8,43,2,5,Occasionally,Very Inexperienced,Very Inexperienced,Never,2.286,3.667,3.583,92,90,32.833,1.188,0.259,Diagonal,Northeast,Northeast - Diagonal,Straight,10.0,User,71.70088950252254,88.51630791747289,409.13,2.75,1.667,4.0,3.667,3.0,3.5,92.786,96.333,88.667,97.5,85.0,93.5,92.333,90.417,5.0,87.143,75.0,24.4
046,Low,2024-8-26,16,55,4,10,17:05:06,17:06:04,394,3847.48,1299.55,5483.56,1691.74,3.83,-4.43,15.21,4.58,True,9,10,9,10,43,2,5,Occasionally,Very Inexperienced,Very Inexperienced,Never,2.286,3.667,3.583,92,90,32.833,1.188,0.133,Straight,West,West - Straight,Straight,10.0,User,50.97131034709274,169.65084735400694,218.14,2.75,1.667,4.0,3.667,3.0,3.5,92.786,96.333,88.667,97.5,85.0,93.5,92.333,90.417,5.0,87.143,75.0,24.4
046,Low,2024-8-26,16,55,4,11,17:06:07,17:06:55,0,4101.09,915.64,6161.73,2031.25,3.99,-5.52,15.21,4.75,True,9,10,9,9,43,2,5,Occasionally,Very Inexperienced,Very Inexperienced,Never,2.286,3.667,3.583,92,90,32.833,1.188,0.0,Diagonal,East,East - Diagonal,Complex,9.0,AGV,75.37614388182541,64.23160846060954,141.26,2.75,1.667,4.0,3.667,3.0,3.5,92.786,96.333,88.667,97.5,85.0,93.5,92.333,90.417,5.0,87.143,75.0,24.4
046,Low,2024-8-26,16,55,4,12,17:07:02,17:08:21,595,2713.02,680.23,4158.33,1267.55,2.65,-1.44,9.23,2.63,False,9,9,9,10,43,2,5,Occasionally,Very Inexperienced,Very Inexperienced,Never,2.286,3.667,3.583,92,90,32.833,1.188,0.183,Straight,Southeast,Southeast - Straight,Complex,9.0,User,76.98999675628521,96.94348111868328,153.17,2.75,1.667,4.0,3.667,3.0,3.5,92.786,96.333,88.667,97.5,85.0,93.5,92.333,90.417,5.0,87.143,75.0,24.4
046,Low,2024-8-26,16,55,4,13,17:08:24,17:09:05,0,3117.95,1177.61,9983.4,2298.03,7.87,-0.0,15.22,4.42,True,10,9,9,10,43,2,5,Occasionally,Very Inexperienced,Very Inexperienced,Never,2.286,3.667,3.583,92,90,32.833,1.188,0.0,Straight,Southwest,Southwest - Straight,Complex,9.0,AGV,54.225673403829795,313.9184915771666,119.64,2.75,1.667,4.0,3.667,3.0,3.5,92.786,96.333,88.667,97.5,85.0,93.5,92.333,90.417,5.0,87.143,75.0,24.4
046,Low,2024-8-26,16,55,4,14,17:09:08,17:09:52,0,2213.9,799.09,4681.81,1083.27,4.87,-4.12,15.24,3.48,True,10,9,9,9,43,2,5,Occasionally,Very Inexperienced,Very Inexperienced,Never,2.286,3.667,3.583,92,90,32.833,1.188,0.0,Diagonal,Southeast,Southeast - Diagonal,Straight,10.0,User,81.98626684161276,110.53079793874446,116.5,2.75,1.667,4.0,3.667,3.0,3.5,92.786,96.333,88.667,97.5,85.0,93.5,92.333,90.417,5.0,87.143,75.0,24.4
046,Low,2024-8-26,16,55,4,15,17:09:56,17:10:31,67,3490.83,954.79,6765.86,1885.19,6.29,-4.41,15.22,5.21,True,10,9,9,10,43,2,5,Occasionally,Very Inexperienced,Very Inexperienced,Never,2.286,3.667,3.583,92,90,32.833,1.188,0.108,Straight,North,North - Straight,Straight,10.0,User,65.85422786586656,239.27196097965694,133.38,2.75,1.667,4.0,3.667,3.0,3.5,92.786,96.333,88.667,97.5,85.0,93.5,92.333,90.417,5.0,87.143,75.0,24.4
046,Low,2024-8-26,16,55,4,16,17:10:33,17:11:16,282,3008.72,1262.63,5584.15,1114.45,4.33,-0.01,15.23,4.77,True,9,9,10,10,43,2,5,Occasionally,Very Inexperienced,Very Inexperienced,Never,2.286,3.667,3.583,92,90,32.833,1.188,0.17,Diagonal,West,West - Diagonal,Complex,10.0,,81.92715150558237,146.27377515382813,127.82,2.75,1.667,4.0,3.667,3.0,3.5,92.786,96.333,88.667,97.5,85.0,93.5,92.333,90.417,5.0,87.143,75.0,24.4
